seg000:0000 ;
seg000:0000 ; +-------------------------------------------------------------------------+
seg000:0000 ; |      This file was generated by The Interactive Disassembler (IDA)      |
seg000:0000 ; |           Copyright (c) 2026 Hex-Rays, <support@hex-rays.com>           |
seg000:0000 ; |                            Freeware version                             |
seg000:0000 ; +-------------------------------------------------------------------------+
seg000:0000 ;
seg000:0000 ; Input SHA256 : 9A83E0ABCB6F5FAF9D12DA433FBAFD774D071891232D44271DF949C2F8C9BC56
seg000:0000 ; Input MD5    : 24053465B70B973A83CA080D0AFCDD16
seg000:0000 ; Input CRC32  : B878C9F2
seg000:0000 ; Compiler     : Visual C++
seg000:0000
seg000:0000 ; File Name   : C:\Users\me\Desktop\bios\sanyo\Sanyo MBC-17PLUS 2.03.BIN
seg000:0000 ; Format      : Binary file
seg000:0000 ; Base Address: F0000h Range: F00000h - F08000h Loaded length: 8000h
seg000:0000
seg000:0000                 .386p
seg000:0000                 .model small
seg000:0000
seg000:0000 ; ===========================================================================
seg000:0000
seg000:0000 ; Segment type: Pure code
seg000:0000 seg000          segment byte public 'CODE' use16
seg000:0000                 assume cs:seg000
seg000:0000                 assume es:seg000, ss:nothing, ds:seg000, fs:nothing, gs:nothing
seg000:0000
seg000:0000 ; =============== S U B R O U T I N E =======================================
seg000:0000
seg000:0000
seg000:0000 ColdWarm_Boot_  proc far                ; CODE XREF: sub_F06055:reset_vector↓J
seg000:0000                                         ; DATA XREF: sub_F00852+25↓o
seg000:0000                 jmp     short near ptr ColdWarm_Boot
seg000:0000 ColdWarm_Boot_  endp
seg000:0000
seg000:0000 ; ---------------------------------------------------------------------------
seg000:0002 aCCopyrightSany db '(C)Copyright SANYO Electric Co.,Ltd. 1988 '
seg000:002C
seg000:002C ; =============== S U B R O U T I N E =======================================
seg000:002C
seg000:002C
seg000:002C ColdWarm_Boot   proc far                ; CODE XREF: ColdWarm_Boot_↑j
seg000:002C                 cli
seg000:002D                 cld
seg000:002E                 mov     ax, 30h
seg000:0031                 mov     bx, 100h
seg000:0034                 mov     ss, ax
seg000:0036                 assume ss:nothing
seg000:0036                 mov     sp, bx
seg000:0038                 mov     ax, cs
seg000:003A                 mov     ds, ax
seg000:003C                 assume ds:nothing
seg000:003C                 mov     ax, cs:BDA_Segment
seg000:0040                 mov     es, ax
seg000:0042                 assume es:nothing
seg000:0042                 in      al, IO_Port_64h_KBC_Status
seg000:0044                 test    al, IO_Port_64h_KBC_Stat_System_Flag ; Set to 1 to indicate warm boot
seg000:0046                 jz      short loc_F0005E
seg000:0048                 mov     al, CMOS_0Fh_Shutdown_Status
seg000:004A                 out     IO_Port_70h_CMOS_Index, al
seg000:004C                 jmp     short $+2
seg000:004E ; ---------------------------------------------------------------------------
seg000:004E
seg000:004E delay:                                  ; CODE XREF: ColdWarm_Boot+20↑j
seg000:004E                 in      al, IO_Port_71h_CMOS_Data
seg000:0050                 cmp     al, CMOS_0Fh_Shutdown_INT15_BLOCK_MOVE_return
seg000:0052                 jnz     short loc_F00057
seg000:0054                 jmp     KBC_Input_Buffer_Full_loop
seg000:0057 ; ---------------------------------------------------------------------------
seg000:0057
seg000:0057 loc_F00057:                             ; CODE XREF: ColdWarm_Boot+26↑j
seg000:0057                 cmp     al, CMOS_0Fh_Shutdown_JMP_DWORD_NO_EOI
seg000:0059                 jnz     short loc_F0005E
seg000:005B                 jmp     loc_F0042C
seg000:005E ; ---------------------------------------------------------------------------
seg000:005E
seg000:005E loc_F0005E:                             ; CODE XREF: ColdWarm_Boot+1A↑j ColdWarm_Boot+2D↑j ...
seg000:005E                 in      al, IO_Port_64h_KBC_Status
seg000:0060                 test    al, IO_Port_64h_KBC_Stat_Input_Buffer_Full ;  Still processing command sent to 60/64h. Do not write yet.
seg000:0062                 jnz     short loc_F0005E
seg000:0064                 mov     al, IO_Port_64h_KBC_CMD_D1_WRITE_OUTPUT_PORT
seg000:0066                 out     IO_Port_64h_KBC_Command, al
seg000:0068
seg000:0068 loc_F00068:                             ; CODE XREF: ColdWarm_Boot+40↓j
seg000:0068                 in      al, IO_Port_64h_KBC_Status
seg000:006A                 test    al, IO_Port_64h_KBC_Stat_Input_Buffer_Full ;  Still processing command sent to 60/64h. Do not write yet.
seg000:006C                 jnz     short loc_F00068
seg000:006E                 mov     al, IO_Port_60h_KBD_CMD_D1_DD_A20_Disable
seg000:0070                 out     IO_Port_60h_KBD_Command, al
seg000:0072                 jmp     short $+2
seg000:0074 ; ---------------------------------------------------------------------------
seg000:0074
seg000:0074 delay1:                                 ; CODE XREF: ColdWarm_Boot+46↑j
seg000:0074                 mov     cx, 500
seg000:0077
seg000:0077 delay_loop:                             ; CODE XREF: ColdWarm_Boot:delay_loop↓j
seg000:0077                 loop    delay_loop
seg000:0079
seg000:0079 loc_F00079:                             ; CODE XREF: ColdWarm_Boot+51↓j
seg000:0079                 in      al, IO_Port_64h_KBC_Command
seg000:007B                 test    al, IO_Port_64h_KBC_Stat_Input_Buffer_Full ;  Still processing command sent to 60/64h. Do not write yet.
seg000:007D                 jnz     short loc_F00079
seg000:007F                 in      al, IO_Port_64h_KBC_Status
seg000:0081                 test    al, IO_Port_64h_KBC_Stat_System_Flag ; Set to 1 to indicate warm boot
seg000:0083                 jz      short loc_F000FA
seg000:0085                 cmp     word ptr es:BDA_72h_soft_reset_flag, soft_reset_WARM_BOOT
seg000:008C                 jnz     short loc_F00096
seg000:008E                 mov     si, offset shut_NORMAL
seg000:0091                 call    cmos_write_offset_si
seg000:0094                 jmp     short $+2
seg000:0096 ; ---------------------------------------------------------------------------
seg000:0096
seg000:0096 loc_F00096:                             ; CODE XREF: ColdWarm_Boot+60↑j ColdWarm_Boot+68↑j
seg000:0096                 call    read_CMOS_Shutdown_Status
seg000:0099                 cmp     al, CMOS_0Fh_Shutdown_Sanyo_something
seg000:009B                 jbe     short loc_F0009F
seg000:009D                 xor     al, al
seg000:009F
seg000:009F loc_F0009F:                             ; CODE XREF: ColdWarm_Boot+6F↑j
seg000:009F                 mov     si, offset CMOS_0Fh_Shutdown_LUT
seg000:00A2                 mov     bx, ax
seg000:00A4                 mov     al, cs:[bx+si]
seg000:00A7                 cmp     al, 1
seg000:00A9                 jnz     short loc_F000AE
seg000:00AB                 jmp     loc_F00144
seg000:00AE ; ---------------------------------------------------------------------------
seg000:00AE
seg000:00AE loc_F000AE:                             ; CODE XREF: ColdWarm_Boot+7D↑j
seg000:00AE                 cmp     al, 2
seg000:00B0                 jnz     short loc_F000B5
seg000:00B2                 jmp     loc_F004E6
seg000:00B5 ; ---------------------------------------------------------------------------
seg000:00B5
seg000:00B5 loc_F000B5:                             ; CODE XREF: ColdWarm_Boot+84↑j
seg000:00B5                 cmp     al, 3
seg000:00B7                 jnz     short loc_F000BC
seg000:00B9                 jmp     near ptr sub_F0043B
seg000:00BC ; ---------------------------------------------------------------------------
seg000:00BC
seg000:00BC loc_F000BC:                             ; CODE XREF: ColdWarm_Boot+8B↑j
seg000:00BC                 cmp     al, 4
seg000:00BE                 jz      short loc_F000D4
seg000:00C0
seg000:00C0 loc_F000C0:                             ; DATA XREF: sub_F02803+2↓r
seg000:00C0                 jmp     KBC_Input_Buffer_Full_loop
seg000:00C0 ; ---------------------------------------------------------------------------
seg000:00C3 CMOS_0Fh_Shutdown_LUT:                  ; DATA XREF: ColdWarm_Boot:loc_F0009F↑o
seg000:00C3                 db 1                    ; 0
seg000:00C4                 db 2                    ; 1
seg000:00C5                 db 3                    ; 2
seg000:00C6                 db 3                    ; 3
seg000:00C7                 db 4                    ; 4
seg000:00C8                 db 4                    ; 5
seg000:00C9                 db 3                    ; 6
seg000:00CA                 db 3                    ; 7
seg000:00CB                 db 3                    ; 8
seg000:00CC                 db 5                    ; 9
seg000:00CD                 db 4                    ; 0Ah
seg000:00CE                 db 1                    ; 0Bh
seg000:00CF                 db 1                    ; 0Ch
seg000:00D0                 db 1                    ; 0Dh
seg000:00D1                 db 1                    ; 0Eh
seg000:00D2                 db 1                    ; 0Fh
seg000:00D3                 db 3                    ; 10h
seg000:00D4 ; ---------------------------------------------------------------------------
seg000:00D4
seg000:00D4 loc_F000D4:                             ; CODE XREF: ColdWarm_Boot+92↑j
seg000:00D4                 mov     ax, cs
seg000:00D6                 mov     ds, ax
seg000:00D8                 mov     si, offset PIC_init
seg000:00DB                 mov     cx, 10
seg000:00DE                 nop
seg000:00DF                 xor     dh, dh
seg000:00E1
seg000:00E1 loc_F000E1:                             ; CODE XREF: ColdWarm_Boot+B9↓j
seg000:00E1                 lodsb
seg000:00E2                 mov     dl, al
seg000:00E4                 outsb
seg000:00E5                 loop    loc_F000E1
seg000:00E7                 cmp     bx, 4
seg000:00EA                 jnz     short loc_F000EF
seg000:00EC                 jmp     int_19h_DISK_BOOT
seg000:00EF ; ---------------------------------------------------------------------------
seg000:00EF
seg000:00EF loc_F000EF:                             ; CODE XREF: ColdWarm_Boot+BE↑j
seg000:00EF                 cmp     bx, 5
seg000:00F2                 jnz     short loc_F000F7
seg000:00F4                 jmp     jump_to_BASIC
seg000:00F7 ; ---------------------------------------------------------------------------
seg000:00F7
seg000:00F7 loc_F000F7:                             ; CODE XREF: ColdWarm_Boot+C6↑j
seg000:00F7                 jmp     loc_F0042C
seg000:00FA ; ---------------------------------------------------------------------------
seg000:00FA
seg000:00FA loc_F000FA:                             ; CODE XREF: ColdWarm_Boot+57↑j
seg000:00FA                 mov     si, offset MDA_mode7
seg000:00FD                 mov     bx, 0B000h
seg000:0100                 mov     dx, IO_Port_3B8h_CRTC_Mode_Control_Mono
seg000:0103                 mov     al, IO_Port_3B8h_80x25_MDA_TEXT or IO_Port_3B8h_MDA_VIDEO_ENABLE or IO_Port_3B8h_MDA_BLINK_ENABLE
seg000:0105
seg000:0105 load_Video_timing:                      ; CODE XREF: ColdWarm_Boot+111↓j
seg000:0105                 out     dx, al
seg000:0106                 inc     dx
seg000:0107                 mov     al, 30h ; '0'
seg000:0109                 out     dx, al
seg000:010A                 add     dx, -5
seg000:010D                 xor     ax, ax
seg000:010F                 mov     cx, 16
seg000:0112
seg000:0112 init_Video_timing_loop:                 ; CODE XREF: ColdWarm_Boot+F2↓j
seg000:0112                 mov     al, ah
seg000:0114                 out     dx, al
seg000:0115                 inc     dx
seg000:0116                 mov     al, cs:[si]
seg000:0119                 inc     si
seg000:011A                 out     dx, al
seg000:011B                 dec     dx
seg000:011C                 inc     ah
seg000:011E                 loop    init_Video_timing_loop
seg000:0120                 mov     cx, 0FA0h
seg000:0123                 mov     ax, 720h
seg000:0126                 mov     es, bx
seg000:0128                 assume es:nothing
seg000:0128                 xor     di, di
seg000:012A                 rep stosw
seg000:012C                 cmp     dx, 3D0h
seg000:0130                 jnb     short loc_F0013F
seg000:0132                 mov     si, offset cga_80x25
seg000:0135                 mov     bx, 0B800h
seg000:0138                 mov     dx, IO_Port_3D8h_CRTC_Mode_Control
seg000:013B                 mov     al, IO_Port_3D8h_Mode_TEXT_80x25 or IO_Port_3D8h_Mode_BW or IO_Port_3D8h_Mode_VIDEO_ENABLE or IO_Port_3D8h_Mode_BLINK_ENABLE ; bit0 0 = 40x25
seg000:013D                 jmp     short load_Video_timing
seg000:013F ; ---------------------------------------------------------------------------
seg000:013F
seg000:013F loc_F0013F:                             ; CODE XREF: ColdWarm_Boot+104↑j
seg000:013F                 mov     bx, offset loc_F0016D
seg000:0142                 jmp     short loc_F00147
seg000:0144 ; ---------------------------------------------------------------------------
seg000:0144
seg000:0144 loc_F00144:                             ; CODE XREF: ColdWarm_Boot+7F↑j
seg000:0144                 mov     bx, offset loc_F00187
seg000:0147
seg000:0147 loc_F00147:                             ; CODE XREF: ColdWarm_Boot+116↑j
seg000:0147                 in      al, IO_Port_61h_Parity
seg000:0149                 and     al, not (IO_Port_61h_Tmr2data_AND_spkr_OFF)
seg000:014B                 or      al, IO_Port_61h_Ram_Parity_Enable or IO_Port_61h_IO_CH_CHK_Enable
seg000:014D                 out     IO_Port_61h_Parity, al
seg000:014F                 mov     si, offset CRTC_init_table
seg000:0152                 mov     cx, 3
seg000:0155                 nop
seg000:0156
seg000:0156 CRTC_init_loop:                         ; CODE XREF: ColdWarm_Boot+12E↓j
seg000:0156                 lodsw
seg000:0157                 mov     dx, ax
seg000:0159                 outsb
seg000:015A                 loop    CRTC_init_loop
seg000:015C                 mov     si, offset PIT_DMA_PIC_init
seg000:015F                 mov     cx, 2Ch
seg000:0162                 nop
seg000:0163                 xor     dh, dh
seg000:0165
seg000:0165 IO_init_loop:                           ; CODE XREF: ColdWarm_Boot+13D↓j
seg000:0165                 lodsb
seg000:0166                 mov     dl, al
seg000:0168                 outsb
seg000:0169                 loop    IO_init_loop
seg000:016B                 jmp     bx
seg000:016D ; ---------------------------------------------------------------------------
seg000:016D
seg000:016D loc_F0016D:                             ; CODE XREF: ColdWarm_Boot+13F↑j
seg000:016D                                         ; DATA XREF: ColdWarm_Boot:loc_F0013F↑o
seg000:016D                 mov     ax, 3E8h
seg000:0170
seg000:0170 delay_long_loop:                        ; CODE XREF: ColdWarm_Boot+14A↓j
seg000:0170                 mov     cx, 1024
seg000:0173
seg000:0173 delay_loop2:                            ; CODE XREF: ColdWarm_Boot:delay_loop2↓j
seg000:0173                 loop    delay_loop2
seg000:0175                 dec     ax
seg000:0176                 jnz     short delay_long_loop
seg000:0178                 xor     ax, ax
seg000:017A                 mov     di, ax
seg000:017C                 mov     es, ax
seg000:017E                 assume es:nothing
seg000:017E                 stosw
seg000:017F                 stosb
seg000:0180                 stosb
seg000:0181                 stosw
seg000:0182                 stosb
seg000:0183                 stosb
seg000:0184                 stosw
seg000:0185                 stosb
seg000:0186                 stosb
seg000:0187
seg000:0187 loc_F00187:                             ; DATA XREF: ColdWarm_Boot:loc_F00144↑o
seg000:0187                 mov     al, CMOS_0Fh_Shutdown_Status
seg000:0189                 mov     ah, CMOS_0Fh_Shutdown_MEM_SIZE_PASS
seg000:018B                 out     IO_Port_70h_CMOS_Index, ax
seg000:018D
seg000:018D loc_F0018D:                             ; CODE XREF: ColdWarm_Boot+165↓j
seg000:018D                 in      al, IO_Port_64h_KBC_Status
seg000:018F                 test    al, IO_Port_64h_KBC_Stat_Input_Buffer_Full ;  Still processing command sent to 60/64h. Do not write yet.
seg000:0191                 jnz     short loc_F0018D
seg000:0193                 mov     al, IO_Port_64h_KBC_CMD_60_WRITE_CONFIG
seg000:0195                 out     IO_Port_64h_KBC_Command, al
seg000:0197                 aam
seg000:0199
seg000:0199 loc_F00199:                             ; CODE XREF: ColdWarm_Boot+171↓j
seg000:0199                 in      al, IO_Port_64h_KBC_Status
seg000:019B                 test    al, IO_Port_64h_KBC_Stat_Input_Buffer_Full ;  Still processing command sent to 60/64h. Do not write yet.
seg000:019D                 jnz     short loc_F00199
seg000:019F                 mov     al, KBC_CFG_SYSTEM_FLAG or KBC_CFG_TRANSLATE_Set2_to_Set1 ; Bit2 1=System Passed POST, 0=Cold Reset
seg000:01A1                 out     IO_Port_60h_KBD_Data, al
seg000:01A3                 jmp     short $+2
seg000:01A5 ; ---------------------------------------------------------------------------
seg000:01A5
seg000:01A5 delay2:                                 ; CODE XREF: ColdWarm_Boot+177↑j
seg000:01A5                 mov     cx, 500
seg000:01A8
seg000:01A8 delay_loop3:                            ; CODE XREF: ColdWarm_Boot:delay_loop3↓j
seg000:01A8                 loop    delay_loop3
seg000:01AA                 aam
seg000:01AC
seg000:01AC KBC_Input_Buffer_Full_loop:             ; CODE XREF: ColdWarm_Boot+184↓j
seg000:01AC                 in      al, IO_Port_64h_KBC_Status
seg000:01AE                 test    al, IO_Port_64h_KBC_Stat_Input_Buffer_Full ;  Still processing command sent to 60/64h. Do not write yet.
seg000:01B0                 jnz     short KBC_Input_Buffer_Full_loop
seg000:01B2                 mov     ah, IO_Port_64h_KBC_CMD_AD_DISABLE_KBD
seg000:01B4                 test    al, IO_Port_64h_KBC_Stat_Inhibit ; Keyboard locked
seg000:01B6                 jz      short enable_disable_keyboard
seg000:01B8                 mov     ah, IO_Port_64h_KBC_CMD_AE_ENABLE_KBD
seg000:01BA
seg000:01BA enable_disable_keyboard:                ; CODE XREF: ColdWarm_Boot+18A↑j
seg000:01BA                 xchg    al, ah
seg000:01BC                 out     IO_Port_64h_KBC_Command, al
seg000:01BE                 mov     ds, cs:BDA_Segment
seg000:01C3                 assume ds:nothing
seg000:01C3                 mov     dx, ds:BDA_72h_soft_reset_flag
seg000:01C7                 xor     ax, ax
seg000:01C9                 mov     es, ax
seg000:01CB                 mov     ds, ax
seg000:01CD                 assume ds:nothing
seg000:01CD                 mov     di, ax
seg000:01CF                 mov     si, ax
seg000:01D1                 mov     bx, 8004h
seg000:01D4                 xor     cl, cl
seg000:01D6
seg000:01D6 clear_ram?:                             ; CODE XREF: ColdWarm_Boot+1CA↓j
seg000:01D6                 mov     ch, bh
seg000:01D8                 mov     ax, 0FFFFh
seg000:01DB                 rep stosw
seg000:01DD                 mov     ch, bh
seg000:01DF
seg000:01DF ram_test?:                              ; CODE XREF: ColdWarm_Boot+1B7↓j
seg000:01DF                 lodsw
seg000:01E0                 not     ax
seg000:01E2                 stosw
seg000:01E3                 loop    ram_test?
seg000:01E5                 mov     ch, bh
seg000:01E7                 repe scasw
seg000:01E9                 jnz     short loc_F001F8
seg000:01EB                 mov     ax, ds
seg000:01ED                 add     ax, 1000h
seg000:01F0                 mov     es, ax
seg000:01F2                 assume es:nothing
seg000:01F2                 mov     ds, ax
seg000:01F4                 assume ds:nothing
seg000:01F4                 dec     bl
seg000:01F6                 jnz     short clear_ram?
seg000:01F8
seg000:01F8 loc_F001F8:                             ; CODE XREF: ColdWarm_Boot+1BD↑j
seg000:01F8                 mov     ax, ds
seg000:01FA                 shr     ax, 6
seg000:01FD                 and     ax, 100h
seg000:0200                 jnz     short loc_F00203
seg000:0202                 hlt
seg000:0203 ; ---------------------------------------------------------------------------
seg000:0203
seg000:0203 loc_F00203:                             ; CODE XREF: ColdWarm_Boot+1D4↑j
seg000:0203                 mov     ds, cs:BDA_Segment
seg000:0208                 assume ds:nothing
seg000:0208                 mov     ds:BDA_72h_soft_reset_flag, dx
seg000:020C                 xor     ax, ax
seg000:020E                 mov     ds, ax
seg000:0210                 assume ds:nothing
seg000:0210                 call    init_video
seg000:0213                 jnb     short loc_F00227
seg000:0215                 and     ax, ax
seg000:0217                 jz      short loc_F00221
seg000:0219                 mov     si, offset shut_PROT_PASS
seg000:021C                 call    cmos_write_offset_si
seg000:021F                 jmp     short loc_F00227
seg000:0221 ; ---------------------------------------------------------------------------
seg000:0221
seg000:0221 loc_F00221:                             ; CODE XREF: ColdWarm_Boot+1EB↑j
seg000:0221                 mov     si, offset shut_Status_10h
seg000:0224                 call    cmos_write_offset_si
seg000:0227
seg000:0227 loc_F00227:                             ; CODE XREF: ColdWarm_Boot+1E7↑j ColdWarm_Boot+1F3↑j
seg000:0227                 call    init_IVTs
seg000:022A                 call    init_Video_OPTION_ROM
seg000:022D                 mov     si, offset aNowCheckingMem ; "Now Checking Memory ...... \r\nHold [S]"...
seg000:0230                 call    print
seg000:0233                 mov     dx, ds:BDA_50h_cursor_pos_page0
seg000:0237                 sub     dh, 2
seg000:023A                 call    set_cursor_position
seg000:023D                 call    KBD_RESET_SELF_TEST
seg000:0240                 jmp     short test_ram
seg000:0240 ; ---------------------------------------------------------------------------
seg000:0242                 db  90h
seg000:0243                 db 0E7h
seg000:0244                 db    2
seg000:0245                 db  18h
seg000:0246                 db    0
seg000:0247                 db    0
seg000:0248                 db  80h
seg000:0249                 db    0
seg000:024A                 db    0
seg000:024B word_F0024B     dw 7FFh                 ; DATA XREF: ColdWarm_Boot+283↓o
seg000:024D                 db    0
seg000:024E                 db  20h
seg000:024F                 db    0
seg000:0250                 db    0
seg000:0251                 db    0
seg000:0252                 db    0
seg000:0253 word_F00253     dw 0                    ; DATA XREF: ColdWarm_Boot+294↓o
seg000:0255                 db    0
seg000:0256                 db    0
seg000:0257                 db    0
seg000:0258                 db    0
seg000:0259                 db    0
seg000:025A                 db    0
seg000:025B                 db  38h ; 8
seg000:025C                 db    0
seg000:025D                 db    0
seg000:025E                 db  28h ; (
seg000:025F                 db    0
seg000:0260                 db  93h
seg000:0261                 db    0
seg000:0262                 db    0
seg000:0263                 db 0FFh
seg000:0264                 db    7
seg000:0265                 db    0
seg000:0266                 db  20h
seg000:0267                 db    0
seg000:0268                 db  93h
seg000:0269                 db    0
seg000:026A                 db    0
seg000:026B                 db 0FFh
seg000:026C                 db 0FFh
seg000:026D                 db    0
seg000:026E                 db  80h
seg000:026F                 db  0Fh
seg000:0270                 db  9Bh
seg000:0271                 db    0
seg000:0272                 db    0
seg000:0273                 db 0FFh
seg000:0274                 db 0FFh
seg000:0275                 db    0
seg000:0276                 db    0
seg000:0277                 db    4
seg000:0278                 db  93h
seg000:0279                 db    0
seg000:027A                 db    0
seg000:027B                 db    0
seg000:027C                 db    1
seg000:027D                 db    0
seg000:027E                 db    3
seg000:027F                 db    0
seg000:0280                 db  93h
seg000:0281                 db    0
seg000:0282                 db    0
seg000:0283                 db    0
seg000:0284                 db    1
seg000:0285                 db    0
seg000:0286                 db    4
seg000:0287                 db    0
seg000:0288                 db  93h
seg000:0289                 db    0
seg000:028A                 db    0
seg000:028B word_F0028B     dw 38h                  ; DATA XREF: ColdWarm_Boot+29F↓o
seg000:028D                 db    0
seg000:028E                 db  28h ; (
seg000:028F                 db    0
seg000:0290                 db    0
seg000:0291                 db    0
seg000:0292                 db    0
seg000:0293                 db 0EBh
seg000:0294                 db 0FEh
seg000:0295 ; ---------------------------------------------------------------------------
seg000:0295
seg000:0295 test_ram:                               ; CODE XREF: ColdWarm_Boot+214↑j
seg000:0295                 xor     ax, ax
seg000:0297                 mov     es, ax
seg000:0299                 assume es:nothing
seg000:0299                 mov     di, 2000h
seg000:029C                 mov     bp, 243h
seg000:029F                 mov     bx, 100h
seg000:02A2
seg000:02A2 loc_F002A2:                             ; CODE XREF: ColdWarm_Boot+27F↓j
seg000:02A2                 mov     si, bp
seg000:02A4                 mov     cx, 4
seg000:02A7                 rep movs word ptr es:[di], word ptr cs:[si]
seg000:02AA                 dec     bx
seg000:02AB                 jnz     short loc_F002A2
seg000:02AD                 mov     bp, di
seg000:02AF                 mov     si, offset word_F0024B
seg000:02B2                 mov     cx, 4
seg000:02B5                 rep movs word ptr es:[di], word ptr cs:[si]
seg000:02B8                 lidt    fword ptr es:[bp+0]
seg000:02BD                 mov     di, 2800h
seg000:02C0                 mov     si, offset word_F00253
seg000:02C3                 mov     cx, 1Ch
seg000:02C6                 rep movs word ptr es:[di], word ptr cs:[si]
seg000:02C9                 mov     bp, di
seg000:02CB                 mov     si, offset word_F0028B
seg000:02CE                 mov     cx, 4
seg000:02D1                 rep movs word ptr es:[di], word ptr cs:[si]
seg000:02D4                 lgdt    fword ptr es:[bp+0]
seg000:02D9                 smsw    ax
seg000:02DC                 or      ax, 1
seg000:02DF                 lmsw    ax
seg000:02E2                 jmp     loc_F002E7
seg000:02E7 ; ---------------------------------------------------------------------------
seg000:02E7
seg000:02E7 loc_F002E7:                             ; CODE XREF: ColdWarm_Boot+2B6↑J
seg000:02E7                 mov     si, 28h
seg000:02EA                 mov     ss, si
seg000:02EC                 assume ss:nothing
seg000:02EC                 call    KBC_Input_Buffer_Full_wait
seg000:02EF                 mov     al, IO_Port_64h_KBC_CMD_D1_WRITE_OUTPUT_PORT
seg000:02F1                 out     IO_Port_64h_KBC_Command, al
seg000:02F3                 call    KBC_Input_Buffer_Full_wait
seg000:02F6                 mov     al, IO_Port_60h_KBD_CMD_D1_DF_A20_Enable
seg000:02F8                 out     IO_Port_60h_KBD_Command, al
seg000:02FA                 jmp     short $+2
seg000:02FC ; ---------------------------------------------------------------------------
seg000:02FC
seg000:02FC loc_F002FC:                             ; CODE XREF: ColdWarm_Boot+2CE↑j
seg000:02FC                 mov     cx, 500
seg000:02FF
seg000:02FF delay4:                                 ; CODE XREF: ColdWarm_Boot:delay4↓j
seg000:02FF                 loop    delay4
seg000:0301                 call    KBC_Input_Buffer_Full_wait
seg000:0304                 mov     bl, 4
seg000:0306
seg000:0306 ram_test_loop1:                         ; CODE XREF: ColdWarm_Boot+2ED↓j
seg000:0306                 mov     ax, 8
seg000:0309                 mov     ds, ax
seg000:030B                 assume ds:nothing
seg000:030B                 mov     ds:24h, bl
seg000:030F                 call    test_ram_128B_64KB
seg000:0312                 jb      short loc_F0031B
seg000:0314                 inc     bl
seg000:0316                 cmp     bl, 10
seg000:0319                 jb      short ram_test_loop1
seg000:031B
seg000:031B loc_F0031B:                             ; CODE XREF: ColdWarm_Boot+2E6↑j
seg000:031B                 mov     al, bl
seg000:031D                 cbw
seg000:031E                 shl     ax, 6
seg000:0321                 mov     cx, ax
seg000:0323                 mov     al, CMOS_16h_Base_Memory_High
seg000:0325                 call    read_cmos
seg000:0328                 mov     ah, al
seg000:032A                 mov     al, CMOS_15h_Base_Memory_Low
seg000:032C                 call    read_cmos
seg000:032F                 cmp     ax, cx
seg000:0331                 jz      short loc_F00339
seg000:0333                 mov     si, offset shut_MEM_PASS
seg000:0336                 call    cmos_write_offset_si
seg000:0339
seg000:0339 loc_F00339:                             ; CODE XREF: ColdWarm_Boot+305↑j
seg000:0339                 mov     ax, 30h
seg000:033C                 mov     es, ax
seg000:033E                 assume es:nothing
seg000:033E                 mov     es:13h, cx
seg000:0343                 mov     bl, 10h
seg000:0345
seg000:0345 ram_test_loop2:                         ; CODE XREF: ColdWarm_Boot+32C↓j
seg000:0345                 mov     ax, 8
seg000:0348                 mov     ds, ax
seg000:034A                 mov     ds:24h, bl
seg000:034E                 call    test_ram_128B_64KB
seg000:0351                 jb      short loc_F0035A
seg000:0353                 inc     bl
seg000:0355                 cmp     bl, 0FEh
seg000:0358                 jbe     short ram_test_loop2
seg000:035A
seg000:035A loc_F0035A:                             ; CODE XREF: ColdWarm_Boot+325↑j
seg000:035A                 mov     ax, 30h
seg000:035D                 mov     es, ax
seg000:035F                 mov     word ptr es:72h, 0
seg000:0366                 mov     ah, bl
seg000:0368                 and     ax, 0FF00h
seg000:036B                 sub     ax, 1000h
seg000:036E                 shr     ax, 2
seg000:0371                 mov     bx, ax
seg000:0373                 mov     al, CMOS_30h_Expansion_Memory_Above_1MB_Low
seg000:0375                 mov     ah, bl
seg000:0377                 out     IO_Port_70h_CMOS_Index, ax
seg000:0379                 mov     al, CMOS_31h_Expansion_Memory_Above_1MB_High
seg000:037B                 mov     ah, bh
seg000:037D                 out     IO_Port_70h_CMOS_Index, ax
seg000:037F                 mov     al, CMOS_18h_Expansion_Memory_High
seg000:0381                 call    read_cmos
seg000:0384                 mov     ah, al
seg000:0386                 mov     al, CMOS_17h_Expansion_Memory_Low
seg000:0388                 call    read_cmos
seg000:038B                 cmp     ax, bx
seg000:038D                 jz      short reset_CPU
seg000:038F                 mov     si, offset shut_MEM_FAIL
seg000:0392                 call    cmos_write_offset_si
seg000:0395
seg000:0395 reset_CPU:                              ; CODE XREF: ColdWarm_Boot+361↑j int15h_87h_Move_block_to_from_extended+A2↓j
seg000:0395                 call    KBC_Input_Buffer_Full_wait
seg000:0398                 mov     al, IO_Port_64h_KBC_CMD_FE_RESET_CPU
seg000:039A                 out     IO_Port_64h_KBC_Command, al
seg000:039C
seg000:039C dead_loop:                              ; CODE XREF: ColdWarm_Boot+371↓j
seg000:039C                 hlt
seg000:039D ; ---------------------------------------------------------------------------
seg000:039D                 jmp     short dead_loop
seg000:039D ColdWarm_Boot   endp
seg000:039D
seg000:039F
seg000:039F ; =============== S U B R O U T I N E =======================================
seg000:039F
seg000:039F
seg000:039F test_ram_128B_64KB proc near            ; CODE XREF: ColdWarm_Boot+2E3↑p ColdWarm_Boot+322↑p
seg000:039F                 mov     ax, 30h
seg000:03A2                 mov     es, ax
seg000:03A4                 cmp     word ptr es:72h, 1234h
seg000:03AB                 jz      short loc_F003B2
seg000:03AD                 call    test_ram_64kb
seg000:03B0                 jmp     short end
seg000:03B2 ; ---------------------------------------------------------------------------
seg000:03B2
seg000:03B2 loc_F003B2:                             ; CODE XREF: test_ram_128B_64KB+C↑j
seg000:03B2                 call    test_ram_128bytes?
seg000:03B5
seg000:03B5 end:                                    ; CODE XREF: test_ram_128B_64KB+11↑j
seg000:03B5                 retn
seg000:03B5 test_ram_128B_64KB endp
seg000:03B5
seg000:03B6
seg000:03B6 ; =============== S U B R O U T I N E =======================================
seg000:03B6
seg000:03B6
seg000:03B6 test_ram_64kb   proc near               ; CODE XREF: test_ram_128B_64KB+E↑p
seg000:03B6                 mov     ax, 20h
seg000:03B9                 mov     es, ax
seg000:03BB                 assume es:nothing
seg000:03BB                 xor     di, di
seg000:03BD                 stosw
seg000:03BE                 stosb
seg000:03BF                 stosb
seg000:03C0                 stosw
seg000:03C1                 stosb
seg000:03C2                 stosb
seg000:03C3                 stosw
seg000:03C4                 stosb
seg000:03C5                 stosb
seg000:03C6                 xor     di, di
seg000:03C8                 xor     si, si
seg000:03CA                 mov     cx, 8000h
seg000:03CD                 mov     bp, cx
seg000:03CF                 mov     ax, 0AAAAh
seg000:03D2                 rep stosw
seg000:03D4                 mov     cx, bp
seg000:03D6
seg000:03D6 test_ram_loop:                          ; CODE XREF: test_ram_64kb+25↓j
seg000:03D6                 lods    word ptr es:[si]
seg000:03D8                 not     ax
seg000:03DA                 stosw
seg000:03DB                 loop    test_ram_loop
seg000:03DD                 mov     cx, bp
seg000:03DF                 repe scasw
seg000:03E1                 jz      short test_ram_ok
seg000:03E3                 jmp     short test_ram_error
seg000:03E5 ; ---------------------------------------------------------------------------
seg000:03E5
seg000:03E5 test_ram_ok:                            ; CODE XREF: test_ram_64kb+2B↑j test_ram_128bytes?+2B↓j
seg000:03E5                 mov     cx, bp
seg000:03E7                 xor     ax, ax
seg000:03E9                 rep stosw
seg000:03EB                 clc
seg000:03EC                 retn
seg000:03ED ; ---------------------------------------------------------------------------
seg000:03ED
seg000:03ED test_ram_error:                         ; CODE XREF: test_ram_64kb+2D↑j test_ram_128bytes?+2D↓j
seg000:03ED                 stc
seg000:03EE                 retn
seg000:03EE test_ram_64kb   endp
seg000:03EE
seg000:03EF
seg000:03EF ; =============== S U B R O U T I N E =======================================
seg000:03EF
seg000:03EF
seg000:03EF test_ram_128bytes? proc near            ; CODE XREF: test_ram_128B_64KB:loc_F003B2↑p
seg000:03EF                 mov     ax, 20h
seg000:03F2                 mov     es, ax
seg000:03F4                 xor     di, di
seg000:03F6                 xor     si, si
seg000:03F8                 mov     cx, 80h
seg000:03FB                 mov     bp, cx
seg000:03FD                 mov     ax, 0AAAAh
seg000:0400                 rep stosw
seg000:0402                 mov     cx, bp
seg000:0404                 xor     di, di
seg000:0406                 xor     si, si
seg000:0408
seg000:0408 test_ram_loop:                          ; CODE XREF: test_ram_128bytes?+1E↓j
seg000:0408                 lods    word ptr es:[si]
seg000:040A                 not     ax
seg000:040C                 stosw
seg000:040D                 loop    test_ram_loop
seg000:040F                 mov     cx, bp
seg000:0411                 xor     di, di
seg000:0413                 xor     si, si
seg000:0415                 repe scasw
seg000:0417                 mov     bp, 8000h
seg000:041A                 jz      short test_ram_ok
seg000:041C                 jmp     short test_ram_error
seg000:041C test_ram_128bytes? endp
seg000:041C
seg000:041E
seg000:041E ; =============== S U B R O U T I N E =======================================
seg000:041E
seg000:041E
seg000:041E jump_to_BASIC   proc near               ; CODE XREF: ColdWarm_Boot+C8↑j jump_to_BASIC+8↓j
seg000:041E                 in      al, IO_Port_64h_KBC_Status
seg000:0420                 test    al, IO_Port_64h_KBC_Stat_Output_Buffer_Full ; Data ready to be read from 60h
seg000:0422                 jz      short loc_F00428
seg000:0424                 in      al, IO_Port_60h_KBD_Data
seg000:0426                 jmp     short jump_to_BASIC
seg000:0428 ; ---------------------------------------------------------------------------
seg000:0428
seg000:0428 loc_F00428:                             ; CODE XREF: jump_to_BASIC+4↑j
seg000:0428                 mov     al, IO_Port_PIC_Cmd_NON_SPECIFIC_EOI
seg000:042A                 out     IO_Port_20h_PIC1_Command, al
seg000:042C
seg000:042C loc_F0042C:                             ; CODE XREF: ColdWarm_Boot+2F↑j ColdWarm_Boot:loc_F000F7↑j
seg000:042C                 mov     si, offset shut_NORMAL
seg000:042F                 call    cmos_write_offset_si
seg000:0432                 mov     ds, cs:BDA_Segment
seg000:0437                 assume ds:nothing
seg000:0437                 jmp     dword ptr ds:BDA_67h_Adapter_ROM_offset_address
seg000:0437 jump_to_BASIC   endp
seg000:0437
seg000:043B
seg000:043B ; =============== S U B R O U T I N E =======================================
seg000:043B
seg000:043B
seg000:043B sub_F0043B      proc far                ; CODE XREF: ColdWarm_Boot+8D↑j
seg000:043B                 mov     ds, cs:BDA_Segment
seg000:0440                 call    CPU_detect_speed_and_timing
seg000:0443                 call    sub_F00852
seg000:0446                 and     ax, ax
seg000:0448                 jnz     short loc_F00462
seg000:044A                 call    read_CMOS_Shutdown_Status
seg000:044D                 and     al, al
seg000:044F                 jz      short loc_F00459
seg000:0451                 cmp     al, CMOS_0Fh_Shutdown_PROT_MODE_PASS
seg000:0453                 jz      short loc_F00459
seg000:0455                 cmp     al, CMOS_0Fh_Shutdown_Sanyo_something
seg000:0457                 jnz     short loc_F00477
seg000:0459
seg000:0459 loc_F00459:                             ; CODE XREF: sub_F0043B+14↑j sub_F0043B+18↑j
seg000:0459                 mov     si, offset shut_NORMAL
seg000:045C                 call    cmos_write_offset_si
seg000:045F                 jmp     loc_F004F3
seg000:0462 ; ---------------------------------------------------------------------------
seg000:0462
seg000:0462 loc_F00462:                             ; CODE XREF: sub_F0043B+D↑j
seg000:0462                 call    read_CMOS_Shutdown_Status
seg000:0465                 cmp     al, CMOS_0Fh_Shutdown_Sanyo_something
seg000:0467                 jnz     short loc_F0046E
seg000:0469                 mov     si, offset aInvalidVideoSe ; "\a\r\nINVALID VIDEO SETTING"
seg000:046C                 jmp     short loc_F0048A
seg000:046E ; ---------------------------------------------------------------------------
seg000:046E
seg000:046E loc_F0046E:                             ; CODE XREF: sub_F0043B+2C↑j
seg000:046E                 cmp     al, CMOS_0Fh_Shutdown_PROT_MODE_PASS
seg000:0470                 jnz     short loc_F00477
seg000:0472                 mov     si, offset aInvalidVideoSe ; "\a\r\nINVALID VIDEO SETTING"
seg000:0475                 jmp     short loc_F0048A
seg000:0477 ; ---------------------------------------------------------------------------
seg000:0477
seg000:0477 loc_F00477:                             ; CODE XREF: sub_F0043B+1C↑j sub_F0043B+35↑j
seg000:0477                 cmp     al, CMOS_0Fh_Shutdown_MEM_TEST_PASS
seg000:0479                 jnz     short loc_F00480
seg000:047B                 mov     si, offset aInvalidBaseMem ; "\a\r\nINVALID BASE MEMORY SIZE"
seg000:047E                 jmp     short loc_F0048A
seg000:0480 ; ---------------------------------------------------------------------------
seg000:0480
seg000:0480 loc_F00480:                             ; CODE XREF: sub_F0043B+3E↑j
seg000:0480                 mov     si, offset aInvalidExtende ; "\a\r\nINVALID EXTENDED MEMORY SIZE"
seg000:0483                 cmp     al, CMOS_0Fh_Shutdown_MEM_TEST_FAIL
seg000:0485                 jz      short loc_F0048A
seg000:0487                 mov     si, offset aInvalidCmosVal ; "\a\r\nINVALID CMOS VALUE"
seg000:048A
seg000:048A loc_F0048A:                             ; CODE XREF: sub_F0043B+31↑j sub_F0043B+3A↑j ...
seg000:048A                 call    print
seg000:048D                 mov     si, offset aStrikeAnyKeyTo ; "\r\n\nSTRIKE ANY KEY TO SETUP STARTS."
seg000:0490                 call    print
seg000:0493                 call    KBC_Output_Buffer_Full_wait
seg000:0496                 call    checksum_cmos
seg000:0499                 jnb     short loc_F0049E
seg000:049B                 call    set_CMOS_CHECKSUM_BAD
seg000:049E
seg000:049E loc_F0049E:                             ; CODE XREF: sub_F0043B+5E↑j
seg000:049E                 jmp     short loc_F004FB
seg000:04A0 ; ---------------------------------------------------------------------------
seg000:04A0
seg000:04A0 KBC_Input_Buffer_Full_loop:             ; CODE XREF: ColdWarm_Boot+28↑j ColdWarm_Boot:loc_F000C0↑j ...
seg000:04A0                 in      al, IO_Port_64h_KBC_Status
seg000:04A2                 test    al, IO_Port_64h_KBC_Stat_Input_Buffer_Full ;  Still processing command sent to 60/64h. Do not write yet.
seg000:04A4                 jnz     short KBC_Input_Buffer_Full_loop
seg000:04A6                 mov     al, IO_Port_64h_KBC_CMD_D1_WRITE_OUTPUT_PORT
seg000:04A8                 out     IO_Port_64h_KBC_Command, al
seg000:04AA
seg000:04AA KBC_Input_Buffer_Full_loop2:            ; CODE XREF: sub_F0043B+73↓j
seg000:04AA                 in      al, IO_Port_64h_KBC_Status
seg000:04AC                 test    al, IO_Port_64h_KBC_Stat_Input_Buffer_Full ;  Still processing command sent to 60/64h. Do not write yet.
seg000:04AE                 jnz     short KBC_Input_Buffer_Full_loop2
seg000:04B0                 mov     al, IO_Port_60h_KBD_CMD_D1_DD_A20_Disable
seg000:04B2                 out     IO_Port_60h_KBD_Command, al
seg000:04B4                 jmp     short $+2
seg000:04B6 ; ---------------------------------------------------------------------------
seg000:04B6
seg000:04B6 KBC_Input_Buffer_Full_loop3:            ; CODE XREF: sub_F0043B+79↑j sub_F0043B+7F↓j
seg000:04B6                 in      al, IO_Port_64h_KBC_Status
seg000:04B8                 test    al, IO_Port_64h_KBC_Stat_Input_Buffer_Full ;  Still processing command sent to 60/64h. Do not write yet.
seg000:04BA                 jnz     short KBC_Input_Buffer_Full_loop3
seg000:04BC                 mov     si, offset shut_NORMAL
seg000:04BF                 call    cmos_write_offset_si
seg000:04C2                 xor     al, al
seg000:04C4                 out     IO_Port_70h_CMOS_Index, al
seg000:04C6                 mov     ds, cs:BDA_Segment
seg000:04CB                 mov     ss, word ptr ds:BDA_69h_Adapter_ROM_segment_address
seg000:04CF                 assume ss:nothing
seg000:04CF                 mov     sp, ds:BDA_67h_Adapter_ROM_offset_address
seg000:04D3                 mov     ah, [bp+13h]
seg000:04D6                 cmp     ah, 0
seg000:04D9                 pop     ds
seg000:04DA                 assume ds:seg000
seg000:04DA                 pop     es
seg000:04DB                 assume es:seg000
seg000:04DB                 popa
seg000:04DC                 jnz     short error
seg000:04DE                 clc
seg000:04DF
seg000:04DF end:                                    ; CODE XREF: sub_F0043B+A9↓j
seg000:04DF                 sti
seg000:04E0                 retf    2
seg000:04E3 ; ---------------------------------------------------------------------------
seg000:04E3
seg000:04E3 error:                                  ; CODE XREF: sub_F0043B+A1↑j
seg000:04E3                 stc
seg000:04E4                 jmp     short end
seg000:04E6 ; ---------------------------------------------------------------------------
seg000:04E6
seg000:04E6 loc_F004E6:                             ; CODE XREF: ColdWarm_Boot+86↑j
seg000:04E6                 push    cs
seg000:04E7                 pop     ds
seg000:04E8                 assume ds:nothing
seg000:04E8                 mov     ds, cs:BDA_Segment
seg000:04ED                 assume ds:nothing
seg000:04ED                 call    CPU_detect_speed_and_timing
seg000:04F0                 call    sub_F00852
seg000:04F3
seg000:04F3 loc_F004F3:                             ; CODE XREF: sub_F0043B+24↑j
seg000:04F3                 call    checksum_cmos
seg000:04F6                 jnb     short loc_F004FB
seg000:04F8                 call    set_CMOS_BAD_print_CMOS_CHECKSUM_ERROR
seg000:04FB
seg000:04FB loc_F004FB:                             ; CODE XREF: sub_F0043B:loc_F0049E↑j sub_F0043B+BB↑j
seg000:04FB                 mov     es, cs:BDA_Segment
seg000:0500                 assume es:nothing
seg000:0500                 mov     ax, cs
seg000:0502                 mov     ds, ax
seg000:0504                 assume ds:nothing
seg000:0504                 xor     bx, bx
seg000:0506                 mov     bp, 3
seg000:0509                 nop
seg000:050A                 mov     si, offset LPT_IO_LUT
seg000:050D                 mov     di, BDA_08h_parallel_port1
seg000:0510
seg000:0510 detect_LPT_loop:                        ; CODE XREF: sub_F0043B+EC↓j
seg000:0510                 lodsw
seg000:0511                 mov     dx, ax
seg000:0513                 outsb
seg000:0514                 mov     cx, 1300
seg000:0517
seg000:0517 delay_loop:                             ; CODE XREF: sub_F0043B:delay_loop↓j
seg000:0517                 loop    delay_loop
seg000:0519                 in      al, dx
seg000:051A                 jmp     short $+2
seg000:051C ; ---------------------------------------------------------------------------
seg000:051C
seg000:051C delay:                                  ; CODE XREF: sub_F0043B+DF↑j
seg000:051C                 cmp     al, 0AAh
seg000:051E                 jnz     short try_next_LPT
seg000:0520                 add     bh, 40h
seg000:0523                 mov     ax, dx
seg000:0525                 stosw
seg000:0526
seg000:0526 try_next_LPT:                           ; CODE XREF: sub_F0043B+E3↑j
seg000:0526                 dec     bp
seg000:0527                 jnz     short detect_LPT_loop
seg000:0529                 mov     ds, cs:BDA_Segment
seg000:052E                 assume ds:nothing
seg000:052E                 or      ds:BDA_10h_equipment_list, bx
seg000:0532                 mov     es, cs:BDA_Segment
seg000:0537                 mov     di, BDA_78h_parallel_port1_timeout
seg000:053A                 mov     cx, 4
seg000:053D                 mov     al, 14h
seg000:053F                 rep stosb
seg000:0541                 xor     bx, bx
seg000:0543                 mov     cx, 2
seg000:0546                 nop
seg000:0547                 mov     si, offset COM_IO_LUT
seg000:054A                 mov     di, BDA_00h_com_port1
seg000:054D
seg000:054D detect_COM_loop:                        ; CODE XREF: sub_F0043B:try_next_COM↓j
seg000:054D                 lods    word ptr cs:[si]
seg000:054F                 mov     dx, ax
seg000:0551                 in      al, dx
seg000:0552                 jmp     short $+2
seg000:0554 ; ---------------------------------------------------------------------------
seg000:0554
seg000:0554 delay1:                                 ; CODE XREF: sub_F0043B+117↑j
seg000:0554                 test    al, IO_Port_3FAh_UART_IIR_FIFO_ENABLED or 00111000b
seg000:0556                 jnz     short try_next_COM
seg000:0558                 add     bh, 2
seg000:055B                 mov     ax, dx
seg000:055D                 dec     ax
seg000:055E                 dec     ax
seg000:055F                 stosw
seg000:0560
seg000:0560 try_next_COM:                           ; CODE XREF: sub_F0043B+11B↑j
seg000:0560                 loop    detect_COM_loop
seg000:0562                 or      ds:BDA_10h_equipment_list, bx
seg000:0566                 mov     di, BDA_7Ch_serial_port1_timeout
seg000:0569                 mov     cx, 4
seg000:056C                 mov     al, 1
seg000:056E                 rep stosb
seg000:0570                 mov     ax, 1Eh
seg000:0573                 mov     ds:BDA_1Ah_Keyboard_buffer_head_offset, ax
seg000:0576                 mov     ds:BDA_1Ch_Keyboard_buffer_tail_offset, ax
seg000:0579                 mov     ds:BDA_80h_Keyboard_buffer_starting_address, ax
seg000:057C                 add     ax, 20h
seg000:057F                 mov     ds:BDA_82h_Keyboard_buffer_ending_address, ax
seg000:0582                 xor     ax, ax
seg000:0584                 mov     ds:BDA_17h_Keyboard_flags_1, ax
seg000:0587                 mov     ds:BDA_19h_Alt_Numpad_work_area, al
seg000:058A                 mov     ds:BDA_97h_keyboard_flags_4, al
seg000:058D                 and     word ptr ds:BDA_10h_equipment_list, not (EQ_COPROCESSOR)
seg000:0593                 mov     ax, 0FFFFh
seg000:0596                 fninit
seg000:0598                 fstsw   ax
seg000:059B                 or      al, al
seg000:059D                 jnz     short BIOS_Version
seg000:059F                 smsw    ax
seg000:05A2                 or      ax, 2
seg000:05A5                 lmsw    ax
seg000:05A8                 or      word ptr ds:BDA_10h_equipment_list, EQ_COPROCESSOR
seg000:05AE
seg000:05AE BIOS_Version:                           ; CODE XREF: sub_F0043B+162↑j
seg000:05AE                 mov     si, offset aRomBiosVersion ; "\r\n\nROM BIOS Version 2.03SE   \r\n"
seg000:05B1                 call    print
seg000:05B4                 mov     al, es:BDA_D5h_Sanyo_CPU_speed_index_waitstate
seg000:05B8                 xor     ah, ah
seg000:05BA                 shr     ax, 1
seg000:05BC                 sub     ax, 3
seg000:05BF                 shl     ax, 1
seg000:05C1                 mov     si, ax
seg000:05C3                 mov     si, cs:CpuClock_string_offset_LUT[si]
seg000:05C8                 call    print
seg000:05CB                 mov     si, offset aOneWait ; " ONE WAIT\r\n"
seg000:05CE                 test    byte ptr es:BDA_D5h_Sanyo_CPU_speed_index_waitstate, IO_Port_63h_Sanyo_1_waitstate
seg000:05D4                 jnz     short print_waitstates
seg000:05D6                 mov     si, offset aZeroWait ; " ZERO WAIT\r\n"
seg000:05D9
seg000:05D9 print_waitstates:                       ; CODE XREF: sub_F0043B+199↑j
seg000:05D9                 call    print
seg000:05DC                 mov     si, offset aBaseMemorySize ; "BASE MEMORY SIZE      "
seg000:05DF                 call    print
seg000:05E2                 mov     bx, ds:BDA_13h_memory_size_kb
seg000:05E6                 call    itoa?
seg000:05E9                 mov     si, offset aKByte ; "K BYTE\r\n"
seg000:05EC                 call    print
seg000:05EF                 mov     al, CMOS_30h_Expansion_Memory_Above_1MB_Low
seg000:05F1                 call    read_cmos
seg000:05F4                 mov     bl, al
seg000:05F6                 mov     al, CMOS_31h_Expansion_Memory_Above_1MB_High
seg000:05F8                 call    read_cmos
seg000:05FB                 mov     bh, al
seg000:05FD                 and     bx, bx
seg000:05FF                 jz      short loc_F00612
seg000:0601                 push    bx
seg000:0602                 mov     si, offset aExtendedMemory ; "EXTENDED MEMORY SIZE  "
seg000:0605                 call    print
seg000:0608                 pop     bx
seg000:0609                 call    itoa?
seg000:060C                 mov     si, offset aKByte ; "K BYTE\r\n"
seg000:060F                 call    print
seg000:0612
seg000:0612 loc_F00612:                             ; CODE XREF: sub_F0043B+1C4↑j
seg000:0612                 mov     ax, int10h_0E0A_Write_LineFeed_in_teletype_mode
seg000:0615                 mov     bx, No_Blink or Bg_Black or Fg_Light_Gray
seg000:0618                 int     10h             ; - VIDEO - WRITE CHARACTER AND ADVANCE CURSOR (TTY WRITE)
seg000:0618                                         ; AL = character, BH = display page (alpha modes)
seg000:0618                                         ; BL = foreground color (graphics modes)
seg000:061A                 call    KBD_RESET_SELF_TEST
seg000:061D                 mov     al, not (IO_Port_A1h_PIC2_I_IRQ8_REAL_TIME_CLOCK or IO_Port_A1h_PIC2_I_IRQ9_REDIRECT_IRQ2 or IO_Port_A1h_PIC2_I_IRQ10_RESERVED or IO_Port_A1h_PIC2_I_IRQ14_PRIMARY_IDE)
seg000:061F                 out     IO_Port_21h_PIC1_Interrupt_Mask, al
seg000:0621                 mov     bx, ds:BDA_10h_equipment_list
seg000:0625                 and     bx, EQ_COPROCESSOR
seg000:0629                 shl     bx, 4
seg000:062C                 mov     al, not (IO_Port_A1h_PIC2_I_IRQ9_REDIRECT_IRQ2)
seg000:062E                 xor     bl, al
seg000:0630                 in      al, IO_Port_A1h_PIC2_Interrupt_Mask
seg000:0632                 and     al, bl
seg000:0634                 push    ax
seg000:0635                 pop     ax
seg000:0636                 jmp     short $+2
seg000:0638 ; ---------------------------------------------------------------------------
seg000:0638
seg000:0638 delay2:                                 ; CODE XREF: sub_F0043B+1FB↑j
seg000:0638                 out     IO_Port_A1h_PIC2_Interrupt_Mask, al
seg000:063A                 jmp     short $+2
seg000:063C ; ---------------------------------------------------------------------------
seg000:063C
seg000:063C Keyboard_init:                          ; CODE XREF: sub_F0043B+1FF↑j
seg000:063C                 call    KBC_Input_Buffer_Full_wait
seg000:063F                 mov     al, IO_Port_64h_KBC_CMD_60_WRITE_CONFIG
seg000:0641                 out     IO_Port_64h_KBC_Command, al
seg000:0643                 call    KBC_Input_Buffer_Full_wait
seg000:0646                 mov     al, KBC_CFG_KEYBOARD_INT_ENABLE or KBC_CFG_SYSTEM_FLAG or KBC_CFG_TRANSLATE_Set2_to_Set1 ; Bit2 1=System Passed POST, 0=Cold Reset
seg000:0648                 out     IO_Port_60h_KBD_Data, al
seg000:064A                 push    ds
seg000:064B                 call    KBC_Input_Buffer_Full_wait
seg000:064E                 mov     ds, cs:BDA_Segment
seg000:0653                 mov     byte ptr ds:BDA_96h_keyboard_flags_3, BDA_96h_flags_3_FORCED_NumLock_ON or BDA_96h_flags_3_waiting_for_TWO_BYTE_ID
seg000:0658                 mov     al, IO_Port_60h_KBD_CMD_F2_ID_KEYBOARD
seg000:065A                 mov     bx, BDA_97h_keyboard_flags_4
seg000:065D                 mov     cx, 3
seg000:0660
seg000:0660 retry_3_times_loop:                     ; CODE XREF: sub_F0043B+236↓j
seg000:0660                 push    ax
seg000:0661                 push    cx
seg000:0662                 mov     si, offset KBD_Command_bytecode
seg000:0665                 call    Sanyo_bytecode_interpreter
seg000:0668                 pop     cx
seg000:0669                 pop     ax
seg000:066A                 jb      short loc_F00674
seg000:066C                 test    byte ptr [bx], BDA_97h_flags_4_TRANSMIT_ERROR
seg000:066F                 jz      short loc_F00674
seg000:0671                 loop    retry_3_times_loop
seg000:0673                 stc
seg000:0674
seg000:0674 loc_F00674:                             ; CODE XREF: sub_F0043B+22F↑j sub_F0043B+234↑j
seg000:0674                 mov     cx, 30
seg000:0677                 call    delay_cx_CPU_tuned
seg000:067A                 and     byte ptr ds:BDA_96h_keyboard_flags_3, not (BDA_96h_flags_3_FORCED_NumLock_ON or BDA_96h_flags_3_last_Scancode_was_FIRST_ID_Byte or BDA_96h_flags_3_waiting_for_TWO_BYTE_ID)
seg000:067F                 pop     ds
seg000:0680                 assume ds:seg000
seg000:0680                 call    SETUP_main_check
seg000:0683                 mov     dx, IO_Port_372h_FDC2_Digital_Output
seg000:0686                 xor     al, al
seg000:0688                 out     dx, al
seg000:0689                 call    floppy_reset
seg000:068C                 call    HDD_count_Type
seg000:068F                 mov     ds, cs:BDA_Segment
seg000:0694                 assume ds:nothing
seg000:0694                 and     byte ptr ds:BDA_10h_equipment_list, not (EQ_FLOPPY_COUNT_MASK) ; MASK 00 = EQ_FLOPPY_1, 11 = EQ_FLOPPY_4
seg000:0699                 cmp     byte ptr ds:BDA_91h_drive1_media_state, 0
seg000:069E                 jz      short loc_F006A5
seg000:06A0                 or      byte ptr ds:BDA_10h_equipment_list, EQ_FLOPPY_2
seg000:06A5
seg000:06A5 loc_F006A5:                             ; CODE XREF: sub_F0043B+263↑j
seg000:06A5                 mov     es, cs:BDA_Segment
seg000:06AA                 mov     ax, 0C800h
seg000:06AD
seg000:06AD probe_loop:                             ; CODE XREF: sub_F0043B+278↓j
seg000:06AD                 call    probe_and_run_OPTION_ROM
seg000:06B0                 cmp     ax, 0DFFFh
seg000:06B3                 jb      short probe_loop
seg000:06B5                 in      al, IO_Port_61h_Parity
seg000:06B7                 or      al, IO_Port_61h_Ram_Parity_Enable or IO_Port_61h_IO_CH_CHK_Enable
seg000:06B9                 out     IO_Port_61h_Parity, al
seg000:06BB                 and     al, not (IO_Port_61h_Ram_Parity_Enable or IO_Port_61h_IO_CH_CHK_Enable)
seg000:06BD                 out     IO_Port_61h_Parity, al
seg000:06BF
seg000:06BF int_19h_DISK_BOOT:                      ; CODE XREF: ColdWarm_Boot+C0↑j
seg000:06BF                 mov     al, CMOS_0Fh_Shutdown_Status
seg000:06C1                 mov     ah, CMOS_0Fh_Shutdown_NORMAL
seg000:06C3                 out     IO_Port_70h_CMOS_Index, ax
seg000:06C5                 mov     al, CMOS_0Ch_Status_Register_C
seg000:06C7                 out     IO_Port_70h_CMOS_Index, al
seg000:06C9                 in      al, IO_Port_71h_CMOS_Data
seg000:06CB                 int     19h             ; DISK BOOT
seg000:06CB sub_F0043B      endp                    ; causes reboot of disk system
seg000:06CB
seg000:06CD
seg000:06CD ; =============== S U B R O U T I N E =======================================
seg000:06CD
seg000:06CD
seg000:06CD checksum_cmos   proc near               ; CODE XREF: sub_F0043B+5B↑p sub_F0043B:loc_F004F3↑p
seg000:06CD                 mov     al, CMOS_14h_Equipment_Byte
seg000:06CF                 call    read_cmos
seg000:06D2                 call    delay_20_loops
seg000:06D5                 test    al, CMOS_14h_Equip_ALWAYS_SET
seg000:06D7                 jz      short error
seg000:06D9                 xor     bx, bx
seg000:06DB                 mov     cx, 30
seg000:06DE                 xor     ah, ah
seg000:06E0                 mov     dl, CMOS_10h_Floppy_Drive_Type
seg000:06E2
seg000:06E2 loc_F006E2:                             ; CODE XREF: checksum_cmos+21↓j
seg000:06E2                 mov     al, dl
seg000:06E4                 call    read_cmos
seg000:06E7                 call    delay_20_loops
seg000:06EA                 add     bx, ax
seg000:06EC                 inc     dl
seg000:06EE                 loop    loc_F006E2
seg000:06F0                 mov     al, CMOS_2Eh_Checksum_High
seg000:06F2                 call    read_cmos
seg000:06F5                 call    delay_20_loops
seg000:06F8                 mov     ah, al
seg000:06FA                 mov     al, CMOS_2Fh_Checksum_Low
seg000:06FC                 call    read_cmos
seg000:06FF                 call    delay_20_loops
seg000:0702                 cmp     ax, bx
seg000:0704                 jnz     short error
seg000:0706                 clc
seg000:0707                 retn
seg000:0708 ; ---------------------------------------------------------------------------
seg000:0708
seg000:0708 error:                                  ; CODE XREF: checksum_cmos+A↑j checksum_cmos+37↑j
seg000:0708                 stc
seg000:0709                 retn
seg000:0709 checksum_cmos   endp
seg000:0709
seg000:070A
seg000:070A ; =============== S U B R O U T I N E =======================================
seg000:070A
seg000:070A
seg000:070A set_CMOS_CHECKSUM_BAD proc near         ; CODE XREF: sub_F0043B+60↑p set_CMOS_BAD_print_CMOS_CHECKSUM_ERROR↓p
seg000:070A                 mov     al, CMOS_0Eh_Diagnostic_Status
seg000:070C                 call    read_cmos
seg000:070F                 call    delay_20_loops
seg000:0712                 or      al, CMOS_0Eh_CMOS_Diag_CHECKSUM_BAD
seg000:0714                 mov     ah, al
seg000:0716                 mov     al, CMOS_0Eh_Diagnostic_Status
seg000:0718                 out     IO_Port_70h_CMOS_Index, ax
seg000:071A                 retn
seg000:071A set_CMOS_CHECKSUM_BAD endp
seg000:071A
seg000:071B
seg000:071B ; =============== S U B R O U T I N E =======================================
seg000:071B
seg000:071B
seg000:071B set_CMOS_BAD_print_CMOS_CHECKSUM_ERROR proc near ; CODE XREF: sub_F0043B+BD↑p
seg000:071B                 call    set_CMOS_CHECKSUM_BAD
seg000:071E                 mov     si, offset aCmosChecksumEr ; "\a-CMOS CHECKSUM ERROR-"
seg000:0721                 call    print
seg000:0721 set_CMOS_BAD_print_CMOS_CHECKSUM_ERROR endp
seg000:0721
seg000:0724
seg000:0724 ; =============== S U B R O U T I N E =======================================
seg000:0724
seg000:0724
seg000:0724 KBC_Output_Buffer_Full_wait proc near   ; CODE XREF: sub_F0043B+58↑p KBC_Output_Buffer_Full_wait+4↓j ...
seg000:0724                 in      al, IO_Port_64h_KBC_Status
seg000:0726                 test    al, IO_Port_64h_KBC_Stat_Output_Buffer_Full ; Data ready to be read from 60h
seg000:0728                 jz      short KBC_Output_Buffer_Full_wait
seg000:072A                 retn
seg000:072A KBC_Output_Buffer_Full_wait endp
seg000:072A
seg000:072B
seg000:072B ; =============== S U B R O U T I N E =======================================
seg000:072B
seg000:072B
seg000:072B delay_20_loops  proc near               ; CODE XREF: checksum_cmos+5↑p checksum_cmos+1A↑p ...
seg000:072B                 push    cx
seg000:072C                 mov     cx, 20
seg000:072F
seg000:072F delay_loop:                             ; CODE XREF: delay_20_loops:delay_loop↓j
seg000:072F                 loop    delay_loop
seg000:0731                 pop     cx
seg000:0732                 retn
seg000:0732 delay_20_loops  endp
seg000:0732
seg000:0733
seg000:0733 ; =============== S U B R O U T I N E =======================================
seg000:0733
seg000:0733
seg000:0733 print_at_top    proc near               ; CODE XREF: PARITY_ERROR+1E↓p
seg000:0733                 mov     ds, cs:BDA_Segment
seg000:0738                 mov     bh, ds:BDA_62h_video_active_page
seg000:073C                 xor     dx, dx
seg000:073E                 mov     ah, 2
seg000:0740                 int     10h             ; - VIDEO - SET CURSOR POSITION
seg000:0740                                         ; DH,DL = row, column (0,0 = upper left)
seg000:0740                                         ; BH = page number
seg000:0742
seg000:0742 print:                                  ; CODE XREF: ColdWarm_Boot+204↑p sub_F0043B:loc_F0048A↑p ...
seg000:0742                 mov     bl, 7
seg000:0744
seg000:0744 print_loop:                             ; CODE XREF: print_at_top+1B↓j
seg000:0744                 mov     ah, 0Eh
seg000:0746                 lods    byte ptr cs:[si]
seg000:0748                 and     al, al
seg000:074A                 jz      short end
seg000:074C                 int     10h             ; - VIDEO - WRITE CHARACTER AND ADVANCE CURSOR (TTY WRITE)
seg000:074C                                         ; AL = character, BH = display page (alpha modes)
seg000:074C                                         ; BL = foreground color (graphics modes)
seg000:074E                 jmp     short print_loop
seg000:0750 ; ---------------------------------------------------------------------------
seg000:0750
seg000:0750 end:                                    ; CODE XREF: print_at_top+17↑j
seg000:0750                 retn
seg000:0750 print_at_top    endp
seg000:0750
seg000:0751
seg000:0751 ; =============== S U B R O U T I N E =======================================
seg000:0751
seg000:0751
seg000:0751 sub_F00751      proc near               ; CODE XREF: sub_F00751+8↓j init_video+25↓p ...
seg000:0751                 in      al, IO_Port_64h_KBC_Status
seg000:0753                 test    al, IO_Port_64h_KBC_Stat_Output_Buffer_Full ; Data ready to be read from 60h
seg000:0755                 jz      short loc_F0075B
seg000:0757                 in      al, IO_Port_60h_KBD_Data
seg000:0759                 jmp     short sub_F00751
seg000:075B ; ---------------------------------------------------------------------------
seg000:075B
seg000:075B loc_F0075B:                             ; CODE XREF: sub_F00751+4↑j
seg000:075B                 call    KBC_Input_Buffer_Full_wait
seg000:075E                 mov     al, IO_Port_64h_KBC_CMD_C0_READ_INPUT_PORT
seg000:0760                 out     IO_Port_64h_KBC_Command, al
seg000:0762                 aam
seg000:0764                 call    KBC_Output_Buffer_Full_wait
seg000:0767                 in      al, IO_Port_60h_KBD_Data
seg000:0769                 shr     al, 1
seg000:076B                 and     al, 20h
seg000:076D                 retn
seg000:076D sub_F00751      endp
seg000:076D
seg000:076E
seg000:076E ; =============== S U B R O U T I N E =======================================
seg000:076E
seg000:076E
seg000:076E init_video      proc near               ; CODE XREF: ColdWarm_Boot+1E4↑p
seg000:076E                 mov     ax, cs
seg000:0770                 mov     si, IVT_VIDEO_off
seg000:0773                 mov     word ptr [si], offset int_10h_video_
seg000:0777                 mov     [si+2], ax
seg000:077A                 mov     si, IVT_Video_Initialization_Table_off
seg000:077D                 mov     word ptr [si], offset cga_40x25
seg000:0781                 mov     [si+2], ax
seg000:0784                 mov     ds, cs:BDA_Segment
seg000:0789                 mov     al, CMOS_14h_Equipment_Byte
seg000:078B                 call    read_cmos
seg000:078E                 mov     ds:BDA_10h_equipment_list, al
seg000:0791                 mov     bl, al
seg000:0793                 call    sub_F00751
seg000:0796                 or      al, EQ_VIDEO_CGA_40X25
seg000:0798                 cmp     al, EQ_VIDEO_MONO_80X25
seg000:079A                 jnz     short loc_F007CA
seg000:079C                 or      byte ptr ds:BDA_10h_equipment_list, EQ_VIDEO_MONO_80X25
seg000:07A1                 mov     ax, 7
seg000:07A4                 int     10h             ; - VIDEO - SET VIDEO MODE
seg000:07A4                                         ; AL = mode
seg000:07A6                 mov     ax, 0B000h
seg000:07A9                 call    test_Video_ram_presence
seg000:07AC                 jnb     short loc_F007BC
seg000:07AE                 and     byte ptr ds:BDA_10h_equipment_list, not (EQ_VIDEO_MONO_80X25)
seg000:07B3                 or      byte ptr ds:BDA_10h_equipment_list, EQ_VIDEO_CGA_40X25
seg000:07B8                 mov     al, 0FFh
seg000:07BA                 stc
seg000:07BB                 retn
seg000:07BC ; ---------------------------------------------------------------------------
seg000:07BC
seg000:07BC loc_F007BC:                             ; CODE XREF: init_video+3E↑j
seg000:07BC                 and     bl, EQ_VIDEO_MONO_80X25
seg000:07BF                 jz      short loc_F007C6
seg000:07C1                 cmp     bl, EQ_VIDEO_MONO_80X25
seg000:07C4                 jz      short loc_F00804
seg000:07C6
seg000:07C6 loc_F007C6:                             ; CODE XREF: init_video+51↑j
seg000:07C6                 xor     al, al
seg000:07C8                 stc
seg000:07C9                 retn
seg000:07CA ; ---------------------------------------------------------------------------
seg000:07CA
seg000:07CA loc_F007CA:                             ; CODE XREF: init_video+2C↑j
seg000:07CA                 and     byte ptr ds:BDA_10h_equipment_list, not (EQ_VIDEO_MONO_80X25)
seg000:07CF                 or      byte ptr ds:BDA_10h_equipment_list, EQ_VIDEO_CGA_40X25
seg000:07D4                 mov     ax, 2
seg000:07D7                 int     10h             ; - VIDEO - SET VIDEO MODE
seg000:07D7                                         ; AL = mode
seg000:07D9                 mov     ax, 0B800h
seg000:07DC                 call    test_Video_ram_presence
seg000:07DF                 jnb     short loc_F007EA
seg000:07E1                 or      byte ptr ds:BDA_10h_equipment_list, EQ_VIDEO_MONO_80X25
seg000:07E6                 mov     al, 0FFh
seg000:07E8                 stc
seg000:07E9                 retn
seg000:07EA ; ---------------------------------------------------------------------------
seg000:07EA
seg000:07EA loc_F007EA:                             ; CODE XREF: init_video+71↑j
seg000:07EA                 and     bl, EQ_VIDEO_MONO_80X25
seg000:07ED                 jz      short loc_F007F4
seg000:07EF                 cmp     bl, EQ_VIDEO_MONO_80X25
seg000:07F2                 jnz     short loc_F007F8
seg000:07F4
seg000:07F4 loc_F007F4:                             ; CODE XREF: init_video+7F↑j
seg000:07F4                 xor     al, al
seg000:07F6                 stc
seg000:07F7                 retn
seg000:07F8 ; ---------------------------------------------------------------------------
seg000:07F8
seg000:07F8 loc_F007F8:                             ; CODE XREF: init_video+84↑j
seg000:07F8                 and     byte ptr ds:BDA_10h_equipment_list, not (EQ_VIDEO_MONO_80X25)
seg000:07FD                 and     bl, EQ_VIDEO_MONO_80X25
seg000:0800                 or      ds:BDA_10h_equipment_list, bl
seg000:0804
seg000:0804 loc_F00804:                             ; CODE XREF: init_video+56↑j
seg000:0804                 clc
seg000:0805                 retn
seg000:0805 init_video      endp
seg000:0805
seg000:0806
seg000:0806 ; =============== S U B R O U T I N E =======================================
seg000:0806
seg000:0806
seg000:0806 test_Video_ram_presence proc near       ; CODE XREF: init_video+3B↑p init_video+6E↑p
seg000:0806                 mov     es, ax
seg000:0808                 assume es:seg000
seg000:0808                 xor     di, di
seg000:080A                 xor     ax, ax
seg000:080C                 mov     cx, 100h
seg000:080F
seg000:080F loc_F0080F:                             ; CODE XREF: test_Video_ram_presence+C↓j
seg000:080F                 stosw
seg000:0810                 inc     al
seg000:0812                 loop    loc_F0080F
seg000:0814                 xor     ax, ax
seg000:0816                 xor     di, di
seg000:0818                 mov     cx, 100h
seg000:081B
seg000:081B loc_F0081B:                             ; CODE XREF: test_Video_ram_presence+1A↓j
seg000:081B                 scasw
seg000:081C                 jnz     short loc_F00824
seg000:081E                 inc     al
seg000:0820                 loop    loc_F0081B
seg000:0822                 clc
seg000:0823                 retn
seg000:0824 ; ---------------------------------------------------------------------------
seg000:0824
seg000:0824 loc_F00824:                             ; CODE XREF: test_Video_ram_presence+16↑j
seg000:0824                 stc
seg000:0825                 retn
seg000:0825 test_Video_ram_presence endp
seg000:0825
seg000:0826
seg000:0826 ; =============== S U B R O U T I N E =======================================
seg000:0826
seg000:0826
seg000:0826 KBD_RESET_SELF_TEST proc near           ; CODE XREF: ColdWarm_Boot+211↑p sub_F0043B+1DF↑p
seg000:0826                 call    KBC_Input_Buffer_Full_wait
seg000:0829                 mov     al, IO_Port_60h_KBD_CMD_FF_RESET_BAT ; Basic Assurance Test
seg000:082B                 out     IO_Port_60h_KBD_Command, al
seg000:082D                 jmp     short $+2
seg000:082F ; ---------------------------------------------------------------------------
seg000:082F
seg000:082F delay:                                  ; CODE XREF: KBD_RESET_SELF_TEST+7↑j
seg000:082F                 mov     cx, 500
seg000:0832
seg000:0832 delay_loop:                             ; CODE XREF: KBD_RESET_SELF_TEST:delay_loop↓j
seg000:0832                 loop    delay_loop
seg000:0834                 aam
seg000:0836                 call    KBC_Inhibit_test
seg000:0839                 test    al, 20h
seg000:083B                 jnz     short locret_F00851
seg000:083D
seg000:083D loc_F0083D:                             ; CODE XREF: KBD_RESET_SELF_TEST+1E↓j
seg000:083D                 call    KBC_Inhibit_test
seg000:0840                 in      al, IO_Port_60h_KBD_Data
seg000:0842                 cmp     al, IO_Port_60h_KBD_Resp_FA_ACK ; Acknowledge command
seg000:0844                 jnz     short loc_F0083D
seg000:0846                 aam
seg000:0848
seg000:0848 loc_F00848:                             ; CODE XREF: KBD_RESET_SELF_TEST+29↓j
seg000:0848                 call    KBC_Inhibit_test
seg000:084B                 in      al, IO_Port_60h_KBD_Data
seg000:084D                 cmp     al, IO_Port_60h_KBD_Resp_AA_BAT_SUCCESS ; Basic Assurance Test Passed
seg000:084F                 jnz     short loc_F00848
seg000:0851
seg000:0851 locret_F00851:                          ; CODE XREF: KBD_RESET_SELF_TEST+15↑j
seg000:0851                 retn
seg000:0851 KBD_RESET_SELF_TEST endp
seg000:0851
seg000:0852
seg000:0852 ; =============== S U B R O U T I N E =======================================
seg000:0852
seg000:0852
seg000:0852 sub_F00852      proc near               ; CODE XREF: sub_F0043B+8↑p sub_F0043B+B5↑p
seg000:0852                 mov     cx, 29
seg000:0855                 nop
seg000:0856                 call    print_cx_SPACEs
seg000:0859                 mov     dx, ds:BDA_50h_cursor_pos_page0
seg000:085D                 push    dx
seg000:085E                 inc     dh
seg000:0860                 call    set_cursor_position
seg000:0863                 mov     cx, 40
seg000:0866                 nop
seg000:0867                 call    print_cx_SPACEs
seg000:086A                 pop     dx
seg000:086B                 call    set_cursor_position
seg000:086E                 push    es
seg000:086F                 mov     es, cs:IVT_segment
seg000:0874                 assume es:nothing
seg000:0874                 mov     si, IVT_HDD
seg000:0877                 cmp     word ptr es:[si+2], 0F800h
seg000:087D                 jz      short end
seg000:087F                 xor     ax, ax
seg000:0881
seg000:0881 end:                                    ; CODE XREF: sub_F00852+2B↑j
seg000:0881                 pop     es
seg000:0882                 assume es:seg000
seg000:0882                 retn
seg000:0882 sub_F00852      endp
seg000:0882
seg000:0883
seg000:0883 ; =============== S U B R O U T I N E =======================================
seg000:0883
seg000:0883
seg000:0883 print_cx_SPACEs proc near               ; CODE XREF: sub_F00852+4↑p sub_F00852+15↑p
seg000:0883                 mov     ah, 9
seg000:0885                 mov     al, ' '
seg000:0887                 mov     bx, No_Blink or Bg_Black or Fg_Light_Gray
seg000:088A                 int     10h             ; - VIDEO - WRITE ATTRIBUTES/CHARACTERS AT CURSOR POSITION
seg000:088A                                         ; AL = character, BH = display page
seg000:088A                                         ; BL = attributes of character (alpha modes) or color (graphics modes)
seg000:088A                                         ; CX = number of times to write character
seg000:088C                 retn
seg000:088C print_cx_SPACEs endp
seg000:088C
seg000:088D
seg000:088D ; =============== S U B R O U T I N E =======================================
seg000:088D
seg000:088D
seg000:088D set_cursor_position proc near           ; CODE XREF: ColdWarm_Boot+20E↑p sub_F00852+E↑p ...
seg000:088D                 mov     ax, 200h
seg000:0890                 xor     bx, bx
seg000:0892                 int     10h             ; - VIDEO - SET CURSOR POSITION
seg000:0892                                         ; DH,DL = row, column (0,0 = upper left)
seg000:0892                                         ; BH = page number
seg000:0894                 retn
seg000:0894 set_cursor_position endp
seg000:0894
seg000:0895
seg000:0895 ; =============== S U B R O U T I N E =======================================
seg000:0895
seg000:0895
seg000:0895 init_Video_OPTION_ROM proc near         ; CODE XREF: ColdWarm_Boot+1FE↑p
seg000:0895                 mov     si, ds:BDA_10h_equipment_list
seg000:0899                 and     si, EQ_VIDEO_MONO_80X25
seg000:089D                 call    set_VidMode_from_EQ_in_si
seg000:08A0                 mov     es, cs:BDA_Segment
seg000:08A5                 assume es:nothing
seg000:08A5                 mov     byte ptr ds:BDA_84h_video_rows, 24
seg000:08AA                 mov     ax, 0C000h
seg000:08AD                 mov     bx, 0
seg000:08B0
seg000:08B0 probe_loop:                             ; CODE XREF: init_Video_OPTION_ROM+21↓j
seg000:08B0                 call    probe_and_run_OPTION_ROM
seg000:08B3                 cmp     ax, 0C800h
seg000:08B6                 jb      short probe_loop
seg000:08B8                 cmp     bx, 8080h
seg000:08BC                 jnz     short end
seg000:08BE                 mov     ax, 0
seg000:08C1
seg000:08C1 end:                                    ; CODE XREF: init_Video_OPTION_ROM+27↑j
seg000:08C1                 mov     ds, cs:BDA_Segment
seg000:08C6                 retn
seg000:08C6 init_Video_OPTION_ROM endp
seg000:08C6
seg000:08C7
seg000:08C7 ; =============== S U B R O U T I N E =======================================
seg000:08C7
seg000:08C7
seg000:08C7 probe_and_run_OPTION_ROM proc near      ; CODE XREF: sub_F0043B:probe_loop↑p init_Video_OPTION_ROM:probe_loop↑p
seg000:08C7                 push    bx
seg000:08C8                 mov     ds, ax
seg000:08CA                 assume ds:seg000
seg000:08CA                 mov     bp, 80h
seg000:08CD                 call    validate_and_run_OPTION_ROM
seg000:08D0                 jb      short advance_ax_offset_by_bp
seg000:08D2                 mov     si, 2
seg000:08D5                 mov     al, [si]
seg000:08D7                 xor     ah, ah
seg000:08D9                 shl     ax, 5
seg000:08DC                 mov     bp, ax
seg000:08DE                 pop     bx
seg000:08DF                 or      bx, 8080h
seg000:08E3                 push    bx
seg000:08E4
seg000:08E4 advance_ax_offset_by_bp:                ; CODE XREF: probe_and_run_OPTION_ROM+9↑j
seg000:08E4                 pop     bx
seg000:08E5                 mov     ax, ds
seg000:08E7                 add     ax, bp
seg000:08E9                 retn
seg000:08E9 probe_and_run_OPTION_ROM endp
seg000:08E9
seg000:08EA                 assume ds:nothing
seg000:08EA
seg000:08EA ; =============== S U B R O U T I N E =======================================
seg000:08EA
seg000:08EA
seg000:08EA validate_and_run_OPTION_ROM proc near   ; CODE XREF: probe_and_run_OPTION_ROM+6↑p
seg000:08EA                 mov     ax, 0AA55h
seg000:08ED                 cmp     ax, ds:0
seg000:08F1                 jnz     short error
seg000:08F3                 mov     word ptr es:BDA_67h_Adapter_ROM_offset_address, 3
seg000:08FA                 mov     word ptr es:BDA_69h_Adapter_ROM_segment_address, ds
seg000:08FF                 push    ds
seg000:0900                 push    es
seg000:0901                 call    dword ptr es:BDA_67h_Adapter_ROM_offset_address
seg000:0906                 pop     es
seg000:0907                 assume es:seg000
seg000:0907                 pop     ds
seg000:0908                 assume ds:seg000
seg000:0908                 clc
seg000:0909                 retn
seg000:090A ; ---------------------------------------------------------------------------
seg000:090A
seg000:090A error:                                  ; CODE XREF: validate_and_run_OPTION_ROM+7↑j
seg000:090A                 stc
seg000:090B                 retn
seg000:090B validate_and_run_OPTION_ROM endp
seg000:090B
seg000:090C
seg000:090C ; =============== S U B R O U T I N E =======================================
seg000:090C
seg000:090C
seg000:090C set_VidMode_from_EQ_in_si proc near     ; CODE XREF: init_Video_OPTION_ROM+8↑p
seg000:090C                 shr     si, 4
seg000:090F                 mov     al, cs:VidMode_LUT[si]
seg000:0914                 xor     ah, ah
seg000:0916                 int     10h             ; - VIDEO - SET VIDEO MODE
seg000:0916                                         ; AL = mode
seg000:0918                 retn
seg000:0918 set_VidMode_from_EQ_in_si endp
seg000:0918
seg000:0919
seg000:0919 ; =============== S U B R O U T I N E =======================================
seg000:0919
seg000:0919
seg000:0919 itoa?           proc near               ; CODE XREF: sub_F0043B+1AB↑p sub_F0043B+1CE↑p
seg000:0919                 mov     si, bx
seg000:091B                 xor     ax, ax
seg000:091D                 mov     bx, ax
seg000:091F                 mov     cx, ax
seg000:0921                 mov     dx, ax
seg000:0923
seg000:0923 loc_F00923:                             ; CODE XREF: itoa?+1A↓j
seg000:0923                 test    si, 0F000h
seg000:0927                 jz      short loc_F00935
seg000:0929                 mov     bp, offset word_F0097B
seg000:092C                 call    sub_F0098A
seg000:092F                 sub     si, 1000h
seg000:0933                 jmp     short loc_F00923
seg000:0935 ; ---------------------------------------------------------------------------
seg000:0935
seg000:0935 loc_F00935:                             ; CODE XREF: itoa?+E↑j itoa?+2C↓j
seg000:0935                 test    si, 0F00h
seg000:0939                 jz      short loc_F00947
seg000:093B                 mov     bp, offset word_F00980
seg000:093E                 call    sub_F0098A
seg000:0941                 sub     si, 100h
seg000:0945                 jmp     short loc_F00935
seg000:0947 ; ---------------------------------------------------------------------------
seg000:0947
seg000:0947 loc_F00947:                             ; CODE XREF: itoa?+20↑j itoa?+3D↓j
seg000:0947                 test    si, 0F0h
seg000:094B                 jz      short loc_F00958
seg000:094D                 mov     bp, offset word_F00985
seg000:0950                 call    sub_F0098A
seg000:0953                 sub     si, 10h
seg000:0956                 jmp     short loc_F00947
seg000:0958 ; ---------------------------------------------------------------------------
seg000:0958
seg000:0958 loc_F00958:                             ; CODE XREF: itoa?+32↑j
seg000:0958                 xor     di, di
seg000:095A                 push    bx
seg000:095B                 mov     al, bl
seg000:095D                 call    print_number
seg000:0960                 pop     bx
seg000:0961                 mov     al, bh
seg000:0963                 call    print_number
seg000:0966                 mov     al, dh
seg000:0968                 call    print_number
seg000:096B                 mov     al, dl
seg000:096D                 call    print_number
seg000:0970                 mov     al, ch
seg000:0972                 call    print_number
seg000:0975                 mov     al, cl
seg000:0977                 call    print_number
seg000:097A                 retn
seg000:097A itoa?           endp
seg000:097A
seg000:097A ; ---------------------------------------------------------------------------
seg000:097B word_F0097B     dw 2310                 ; DATA XREF: itoa?+10↑o
seg000:097D                 db    0
seg000:097E                 db    4
seg000:097F                 db    0
seg000:0980 word_F00980     dw 1286                 ; DATA XREF: itoa?+22↑o
seg000:0982                 db    2
seg000:0983                 db    0
seg000:0984                 db    0
seg000:0985 word_F00985     dw 262                  ; DATA XREF: itoa?+34↑o
seg000:0987                 db    0
seg000:0988                 db    0
seg000:0989                 db    0
seg000:098A
seg000:098A ; =============== S U B R O U T I N E =======================================
seg000:098A
seg000:098A
seg000:098A sub_F0098A      proc near               ; CODE XREF: itoa?+13↑p itoa?+25↑p ...
seg000:098A                 mov     ah, cl
seg000:098C                 call    sub_F00A7F
seg000:098F                 mov     cl, ah
seg000:0991                 add     ch, al
seg000:0993                 mov     ah, ch
seg000:0995                 call    sub_F00A7F
seg000:0998                 mov     ch, ah
seg000:099A                 add     dl, al
seg000:099C                 mov     ah, dl
seg000:099E                 call    sub_F00A7F
seg000:09A1                 mov     dl, ah
seg000:09A3                 add     dh, al
seg000:09A5                 mov     ah, dh
seg000:09A7                 call    sub_F00A7F
seg000:09AA                 mov     dh, ah
seg000:09AC                 add     bh, al
seg000:09AE                 mov     ah, bh
seg000:09B0                 call    sub_F00A7F
seg000:09B3                 mov     bh, ah
seg000:09B5                 add     bl, al
seg000:09B7                 retn
seg000:09B7 sub_F0098A      endp
seg000:09B7
seg000:09B8
seg000:09B8 ; =============== S U B R O U T I N E =======================================
seg000:09B8
seg000:09B8
seg000:09B8 KBC_Input_Buffer_Full_wait proc near    ; CODE XREF: ColdWarm_Boot+2C0↑p ColdWarm_Boot+2C7↑p ...
seg000:09B8                 in      al, IO_Port_64h_KBC_Status
seg000:09BA                 test    al, IO_Port_64h_KBC_Stat_Input_Buffer_Full ;  Still processing command sent to 60/64h. Do not write yet.
seg000:09BC                 jnz     short KBC_Input_Buffer_Full_wait
seg000:09BE                 retn
seg000:09BE KBC_Input_Buffer_Full_wait endp
seg000:09BE
seg000:09BF
seg000:09BF ; =============== S U B R O U T I N E =======================================
seg000:09BF
seg000:09BF
seg000:09BF KBC_Inhibit_test proc near              ; CODE XREF: KBD_RESET_SELF_TEST+10↑p KBD_RESET_SELF_TEST:loc_F0083D↑p ...
seg000:09BF                 call    KBC_Output_Buffer_Full_wait
seg000:09C2                 test    al, IO_Port_64h_KBC_Stat_Inhibit ; Keyboard locked
seg000:09C4                 jnz     short end
seg000:09C6                 pop     ax
seg000:09C7
seg000:09C7 end:                                    ; CODE XREF: KBC_Inhibit_test+5↑j
seg000:09C7                 retn
seg000:09C7 KBC_Inhibit_test endp ; sp-analysis failed
seg000:09C7
seg000:09C8
seg000:09C8 ; =============== S U B R O U T I N E =======================================
seg000:09C8
seg000:09C8
seg000:09C8 read_CMOS_Shutdown_Status proc near     ; CODE XREF: ColdWarm_Boot:loc_F00096↑p sub_F0043B+F↑p ...
seg000:09C8                 mov     al, CMOS_0Fh_Shutdown_Status
seg000:09CA
seg000:09CA read_cmos:                              ; CODE XREF: ColdWarm_Boot+2F9↑p ColdWarm_Boot+300↑p ...
seg000:09CA                 out     IO_Port_70h_CMOS_Index, al
seg000:09CC                 jmp     short $+2
seg000:09CE ; ---------------------------------------------------------------------------
seg000:09CE
seg000:09CE delay:                                  ; CODE XREF: read_CMOS_Shutdown_Status+4↑j
seg000:09CE                 in      al, IO_Port_71h_CMOS_Data
seg000:09D0                 jmp     short $+2
seg000:09D2 ; ---------------------------------------------------------------------------
seg000:09D2
seg000:09D2 end:                                    ; CODE XREF: read_CMOS_Shutdown_Status+8↑j
seg000:09D2                 retn
seg000:09D2 read_CMOS_Shutdown_Status endp
seg000:09D2
seg000:09D3
seg000:09D3 ; =============== S U B R O U T I N E =======================================
seg000:09D3
seg000:09D3
seg000:09D3 cmos_write_offset_si proc near          ; CODE XREF: ColdWarm_Boot+65↑p ColdWarm_Boot+1F0↑p ...
seg000:09D3                 push    ds
seg000:09D4                 push    dx
seg000:09D5                 mov     dx, cs
seg000:09D7                 mov     ds, dx
seg000:09D9                 assume ds:nothing
seg000:09D9                 mov     dx, IO_Port_70h_CMOS_Index
seg000:09DC                 outsw
seg000:09DD                 pop     dx
seg000:09DE                 pop     ds
seg000:09DF                 assume ds:seg000
seg000:09DF                 retn
seg000:09DF cmos_write_offset_si endp
seg000:09DF
seg000:09DF ; ---------------------------------------------------------------------------
seg000:09E0 shut_NORMAL     db CMOS_0Fh_Shutdown_Status ; DATA XREF: ColdWarm_Boot+62↑o jump_to_BASIC:loc_F0042C↑o ...
seg000:09E1                 db CMOS_0Fh_Shutdown_NORMAL
seg000:09E2 shut_MEM_PASS   db CMOS_0Fh_Shutdown_Status ; DATA XREF: ColdWarm_Boot+307↑o
seg000:09E3                 db CMOS_0Fh_Shutdown_MEM_TEST_PASS
seg000:09E4 shut_MEM_FAIL   db CMOS_0Fh_Shutdown_Status ; DATA XREF: ColdWarm_Boot+363↑o
seg000:09E5                 db CMOS_0Fh_Shutdown_MEM_TEST_FAIL
seg000:09E6 shut_PROT_PASS  db CMOS_0Fh_Shutdown_Status ; DATA XREF: ColdWarm_Boot+1ED↑o
seg000:09E7                 db CMOS_0Fh_Shutdown_PROT_MODE_PASS
seg000:09E8 shut_Status_10h db CMOS_0Fh_Shutdown_Status ; DATA XREF: ColdWarm_Boot:loc_F00221↑o
seg000:09E9                 db CMOS_0Fh_Shutdown_Sanyo_something
seg000:09EA
seg000:09EA ; =============== S U B R O U T I N E =======================================
seg000:09EA
seg000:09EA
seg000:09EA print_number    proc near               ; CODE XREF: itoa?+44↑p itoa?+4A↑p ...
seg000:09EA                 add     di, di
seg000:09EC                 jnz     short loc_F009F5
seg000:09EE                 and     al, al
seg000:09F0                 jz      short locret_F009FE
seg000:09F2                 mov     di, 1
seg000:09F5
seg000:09F5 loc_F009F5:                             ; CODE XREF: print_number+2↑j
seg000:09F5                 or      al, '0'
seg000:09F7                 mov     ah, 0Eh
seg000:09F9                 mov     bx, No_Blink or Bg_Black or Fg_Light_Gray
seg000:09FC                 int     10h             ; - VIDEO - WRITE CHARACTER AND ADVANCE CURSOR (TTY WRITE)
seg000:09FC                                         ; AL = character, BH = display page (alpha modes)
seg000:09FC                                         ; BL = foreground color (graphics modes)
seg000:09FE
seg000:09FE locret_F009FE:                          ; CODE XREF: print_number+6↑j
seg000:09FE                 retn
seg000:09FE print_number    endp
seg000:09FE
seg000:09FF
seg000:09FF ; =============== S U B R O U T I N E =======================================
seg000:09FF
seg000:09FF
seg000:09FF init_IVTs       proc near               ; CODE XREF: ColdWarm_Boot:loc_F00227↑p
seg000:09FF                 xor     ax, ax
seg000:0A01                 mov     es, ax
seg000:0A03                 assume es:nothing
seg000:0A03                 call    IVT_init_0_1F
seg000:0A06                 call    IVT_init_others_to_iret
seg000:0A09                 mov     di, IVT_HDD_off
seg000:0A0C                 mov     word ptr es:[di], 0EC59h ; EC59h = mirror of 6C59h j_int_13h_diskIO
seg000:0A11                 mov     word ptr es:[di+2], 0F000h
seg000:0A17                 retn
seg000:0A17 init_IVTs       endp
seg000:0A17
seg000:0A18
seg000:0A18 ; =============== S U B R O U T I N E =======================================
seg000:0A18
seg000:0A18
seg000:0A18 IVT_init_0_1F   proc near               ; CODE XREF: init_IVTs+4↑p
seg000:0A18                 mov     cx, 20h
seg000:0A1B                 mov     di, 0
seg000:0A1E                 mov     si, offset IVT_Table
seg000:0A21                 mov     bx, 0F000h
seg000:0A24
seg000:0A24 IVT_set_loop:                           ; CODE XREF: IVT_init_0_1F+1A↓j
seg000:0A24                 mov     ax, cs:[si]
seg000:0A27                 add     ax, 8000h
seg000:0A2A                 inc     si
seg000:0A2B                 inc     si
seg000:0A2C                 stosw
seg000:0A2D                 mov     es:[di], bx
seg000:0A30                 inc     di
seg000:0A31                 inc     di
seg000:0A32                 loop    IVT_set_loop
seg000:0A34                 retn
seg000:0A34 IVT_init_0_1F   endp
seg000:0A34
seg000:0A35
seg000:0A35 ; =============== S U B R O U T I N E =======================================
seg000:0A35
seg000:0A35
seg000:0A35 IVT_init_others_to_iret proc near       ; CODE XREF: init_IVTs+7↑p
seg000:0A35                 mov     si, 0E020h      ; E020h = mirror of 6020h
seg000:0A38                 mov     di, 0
seg000:0A3B
seg000:0A3B IVT_set_loop0:                          ; CODE XREF: IVT_init_others_to_iret+1B↓j
seg000:0A3B                 mov     es:[di+1C0h], si
seg000:0A40                 mov     word ptr es:[di+1C2h], 0F000h
seg000:0A47                 add     si, 4
seg000:0A4A                 add     di, 4
seg000:0A4D                 cmp     di, 20h
seg000:0A50                 jb      short IVT_set_loop0
seg000:0A52                 mov     ax, offset nullsub_5
seg000:0A55                 add     ax, 8000h
seg000:0A58                 mov     di, 80h
seg000:0A5B                 mov     cx, 40h
seg000:0A5E
seg000:0A5E IVT_set_loop1:                          ; CODE XREF: IVT_init_others_to_iret+31↓j
seg000:0A5E                 stosw
seg000:0A5F                 mov     word ptr es:[di], 0F000h
seg000:0A64                 inc     di
seg000:0A65                 inc     di
seg000:0A66                 loop    IVT_set_loop1
seg000:0A68                 mov     ax, offset nullsub_5
seg000:0A6B                 add     ax, 8000h
seg000:0A6E                 mov     di, 1A0h
seg000:0A71                 mov     cx, 8
seg000:0A74
seg000:0A74 IVT_set_loop2:                          ; CODE XREF: IVT_init_others_to_iret+47↓j
seg000:0A74                 stosw
seg000:0A75                 mov     word ptr es:[di], 0F000h
seg000:0A7A                 inc     di
seg000:0A7B                 inc     di
seg000:0A7C                 loop    IVT_set_loop2
seg000:0A7E                 retn
seg000:0A7E IVT_init_others_to_iret endp
seg000:0A7E
seg000:0A7F
seg000:0A7F ; =============== S U B R O U T I N E =======================================
seg000:0A7F
seg000:0A7F
seg000:0A7F sub_F00A7F      proc near               ; CODE XREF: sub_F0098A+2↑p sub_F0098A+B↑p ...
seg000:0A7F                 xor     al, al
seg000:0A81                 cmp     ah, 10
seg000:0A84                 jb      short loc_F00A8B
seg000:0A86                 sub     ah, 10
seg000:0A89                 mov     al, 1
seg000:0A8B
seg000:0A8B loc_F00A8B:                             ; CODE XREF: sub_F00A7F+5↑j
seg000:0A8B                 add     ah, cs:[bp+0]
seg000:0A8F                 jns     short loc_F00A96
seg000:0A91                 add     ah, 6
seg000:0A94                 mov     al, 1
seg000:0A96
seg000:0A96 loc_F00A96:                             ; CODE XREF: sub_F00A7F+10↑j
seg000:0A96                 cmp     ah, 10
seg000:0A99                 jb      short loc_F00AA0
seg000:0A9B                 sub     ah, 10
seg000:0A9E                 mov     al, 1
seg000:0AA0
seg000:0AA0 loc_F00AA0:                             ; CODE XREF: sub_F00A7F+1A↑j
seg000:0AA0                 inc     bp
seg000:0AA1                 retn
seg000:0AA1 sub_F00A7F      endp
seg000:0AA1
seg000:0AA1 ; ---------------------------------------------------------------------------
seg000:0AA2 aRomBiosVersion db 0Dh,0Ah              ; DATA XREF: sub_F0043B:BIOS_Version↑o
seg000:0AA4                 db 0Ah
seg000:0AA5                 db 'ROM BIOS Version 2.03SE   ',0Dh,0Ah,0
seg000:0AC2 CpuClock_string_offset_LUT dw offset aCpuClock6mhz ; 0 ; DATA XREF: sub_F0043B+188↑r ; "CPU Clock 6MHz"
seg000:0AC4                 dw offset aCpuClock8mhz ; 1 ; "CPU Clock 8MHz"
seg000:0AC6                 dw offset aCpuClock10mhz; 2 ; "CPU Clock 10MHz"
seg000:0AC8                 dw offset aCpuClock125mhz; 3 ; "CPU Clock 12.5MHz"
seg000:0ACA aCpuClock6mhz   db 'CPU Clock 6MHz',0   ; DATA XREF: seg000:CpuClock_string_offset_LUT↑o
seg000:0AD9 aCpuClock8mhz   db 'CPU Clock 8MHz',0   ; DATA XREF: seg000:CpuClock_string_offset_LUT↑o
seg000:0AE8 aCpuClock10mhz  db 'CPU Clock 10MHz',0  ; DATA XREF: seg000:CpuClock_string_offset_LUT↑o
seg000:0AF8 aCpuClock125mhz db 'CPU Clock 12.5MHz',0 ; DATA XREF: seg000:CpuClock_string_offset_LUT↑o
seg000:0B0A aZeroWait       db ' ZERO WAIT',0Dh,0Ah,0 ; DATA XREF: sub_F0043B+19B↑o
seg000:0B17 aOneWait        db ' ONE WAIT',0Dh,0Ah,0 ; DATA XREF: sub_F0043B+190↑o
seg000:0B23 aBaseMemorySize db 'BASE MEMORY SIZE      ',0 ; DATA XREF: sub_F0043B+1A1↑o
seg000:0B3A aExtendedMemory db 'EXTENDED MEMORY SIZE  ',0 ; DATA XREF: sub_F0043B+1C7↑o
seg000:0B51 aKByte          db 'K BYTE',0Dh,0Ah,0   ; DATA XREF: sub_F0043B+1AE↑o sub_F0043B+1D1↑o
seg000:0B5A aNowCheckingMem db 'Now Checking Memory ...... ',0Dh,0Ah ; DATA XREF: ColdWarm_Boot+201↑o
seg000:0B77                 db 'Hold [S] key down until SETUP starts.',0Dh,0Ah,0
seg000:0B9F aInvalidBaseMem db 7,0Dh,0Ah            ; DATA XREF: sub_F0043B+40↑o
seg000:0BA2                 db 'INVALID BASE MEMORY SIZE',0
seg000:0BBB aInvalidVideoSe db 7,0Dh,0Ah            ; DATA XREF: sub_F0043B+2E↑o sub_F0043B+37↑o
seg000:0BBE                 db 'INVALID VIDEO SETTING',0
seg000:0BD4 aInvalidExtende db 7,0Dh,0Ah            ; DATA XREF: sub_F0043B:loc_F00480↑o
seg000:0BD7                 db 'INVALID EXTENDED MEMORY SIZE',0
seg000:0BF4 aInvalidCmosVal db 7,0Dh,0Ah            ; DATA XREF: sub_F0043B+4C↑o
seg000:0BF7                 db 'INVALID CMOS VALUE',0
seg000:0C0A aCmosChecksumEr db 7,'-CMOS CHECKSUM ERROR-' ; DATA XREF: set_CMOS_BAD_print_CMOS_CHECKSUM_ERROR+3↑o
seg000:0C20 aStrikeAnyKeyTo db 0Dh,0Ah              ; DATA XREF: sub_F0043B+52↑o
seg000:0C22                 db 0Ah
seg000:0C23                 db 'STRIKE ANY KEY TO SETUP STARTS.',0
seg000:0C43 VidMode_LUT     db 0                    ; 0 ; DATA XREF: set_VidMode_from_EQ_in_si+3↑r
seg000:0C44                 db 1                    ; 1
seg000:0C45                 db 3                    ; 2
seg000:0C46                 db 7                    ; 3
seg000:0C47 LPT_IO_LUT      port_init16 <IO_Port_3BCh_LPT3_Base, 0AAh>; 0 ; DATA XREF: sub_F0043B+CF↑o
seg000:0C4A                 port_init16 <IO_Port_378h_LPT1_Base, 0AAh>; 1
seg000:0C4D                 port_init16 <IO_Port_278h_LPT2_Base, 0AAh>; 2
seg000:0C50 COM_IO_LUT      dw IO_Port_3FAh_UART1_Interrupt_Ident; 0 ; DATA XREF: sub_F0043B+10C↑o
seg000:0C52                 dw IO_Port_2FAh_UART2_Interrupt_Ident; 1
seg000:0C54 CRTC_init_table port_init16 <3D7h, 0>   ; DATA XREF: ColdWarm_Boot+123↑o
seg000:0C57                 port_init16 <IO_Port_3D8h_CRTC_Mode_Control, 1>
seg000:0C5A                 port_init16 <IO_Port_3B8h_CRTC_Mode_Control_Mono, 1>
seg000:0C5D PIT_DMA_PIC_init port_init8 <IO_Port_43h_PIT_Control_Word, 36h>; 0 ; DATA XREF: ColdWarm_Boot+130↑o
seg000:0C5F                 port_init8 <IO_Port_40h_PIT_Counter0, 0>; 1 ; Channel 0 Page Address Register (unusable)
seg000:0C61                 port_init8 <IO_Port_40h_PIT_Counter0, 0>; 2
seg000:0C63                 port_init8 <IO_Port_43h_PIT_Control_Word, 54h>; 3
seg000:0C65                 port_init8 <IO_Port_41h_PIT_Counter1, 12h>; 4
seg000:0C67                 port_init8 <IO_Port_0Dh_DMA1_Master_Clear, 0>; 5
seg000:0C69                 port_init8 <IO_Port_08h_DMA1_Command, 0>; 6
seg000:0C6B                 port_init8 <IO_Port_0Bh_DMA1_Mode, 40h>; 7
seg000:0C6D                 port_init8 <IO_Port_0Bh_DMA1_Mode, 41h>; 8
seg000:0C6F                 port_init8 <IO_Port_0Bh_DMA1_Mode, 42h>; 9
seg000:0C71                 port_init8 <IO_Port_0Bh_DMA1_Mode, 43h>; 0Ah
seg000:0C73                 port_init8 <IO_Port_DAh_DMA2_Master_Clear, 0>; 0Bh
seg000:0C75                 port_init8 <IO_Port_D0h_DMA2_Command, 0>; 0Ch
seg000:0C77                 port_init8 <IO_Port_D6h_DMA2_Mode, 0C0h>; 0Dh
seg000:0C79                 port_init8 <IO_Port_D6h_DMA2_Mode, 41h>; 0Eh
seg000:0C7B                 port_init8 <IO_Port_D6h_DMA2_Mode, 42h>; 0Fh
seg000:0C7D                 port_init8 <IO_Port_D6h_DMA2_Mode, 43h>; 10h
seg000:0C7F                 port_init8 <IO_Port_D4h_DMA2_Single_Mask, 0>; 11h
seg000:0C81                 port_init8 <IO_Port_80h_POST_Code, 0>; 12h
seg000:0C83                 port_init8 <IO_Port_81h_DMA_Page_Ch2, 0>; 13h
seg000:0C85                 port_init8 <IO_Port_82h_DMA_Page_Ch3, 0>; 14h
seg000:0C87                 port_init8 <IO_Port_83h_DMA_Page_Ch1, 0>; 15h
seg000:0C89                 port_init8 <84h, 0>     ; 16h
seg000:0C8B                 port_init8 <85h, 0>     ; 17h
seg000:0C8D                 port_init8 <86h, 0>     ; 18h
seg000:0C8F                 port_init8 <IO_Port_87h_DMA_Page_Ch0, 0>; 19h
seg000:0C91                 port_init8 <88h, 0>     ; 1Ah
seg000:0C93                 port_init8 <IO_Port_89h_DMA_Page_Ch6, 0>; 1Bh
seg000:0C95                 port_init8 <IO_Port_8Ah_DMA_Page_Ch7, 0>; 1Ch
seg000:0C97                 port_init8 <IO_Port_8Bh_DMA_Page_Ch5, 0>; 1Dh
seg000:0C99                 port_init8 <IO_Port_8Ch_Zenith_Diagnostic_LED, 0>; 1Eh
seg000:0C9B                 port_init8 <8Dh, 0>     ; 1Fh
seg000:0C9D                 port_init8 <8Eh, 0>     ; 20h
seg000:0C9F                 port_init8 <IO_Port_8Fh_DMA_Page_Ch4, 0>; 21h
seg000:0CA1 PIC_init        port_init8 <IO_Port_20h_PIC1_Command, 11h>; 0 ; DATA XREF: ColdWarm_Boot+AC↑o
seg000:0CA3                 port_init8 <IO_Port_21h_PIC1_Interrupt_Mask, 8>; 1
seg000:0CA5                 port_init8 <IO_Port_21h_PIC1_Interrupt_Mask, 4>; 2
seg000:0CA7                 port_init8 <IO_Port_21h_PIC1_Interrupt_Mask, 1>; 3
seg000:0CA9                 port_init8 <IO_Port_21h_PIC1_Interrupt_Mask, 0FFh>; 4
seg000:0CAB                 port_init8 <IO_Port_A0h_PIC2_Command, 11h>; 5
seg000:0CAD                 port_init8 <IO_Port_A1h_PIC2_Interrupt_Mask, 70h>; 6
seg000:0CAF                 port_init8 <IO_Port_A1h_PIC2_Interrupt_Mask, 2>; 7
seg000:0CB1                 port_init8 <IO_Port_A1h_PIC2_Interrupt_Mask, 1>; 8
seg000:0CB3                 port_init8 <IO_Port_A1h_PIC2_Interrupt_Mask, 0FFh>; 9
seg000:0CB5                 db 0
seg000:0CB6                 db 86h
seg000:0CB7                 db 0
seg000:0CB8
seg000:0CB8 ; =============== S U B R O U T I N E =======================================
seg000:0CB8
seg000:0CB8
seg000:0CB8 int_15h_system  proc far                ; CODE XREF: j_int_15h_system↓J
seg000:0CB8                 cmp     ah, int15h_87_Copy_eXtended_Memory
seg000:0CBB                 jnz     short not_Copy_eXtended
seg000:0CBD                 jmp     near ptr int15h_87h_Move_block_to_from_extended
seg000:0CC0 ; ---------------------------------------------------------------------------
seg000:0CC0
seg000:0CC0 not_Copy_eXtended:                      ; CODE XREF: int_15h_system+3↑j
seg000:0CC0                 cmp     ah, int15h_91_os_hook_Device_Post ; "Device Post" called after I/O complete
seg000:0CC3                 jnz     short not_Device_Post
seg000:0CC5                 iret
seg000:0CC6 ; ---------------------------------------------------------------------------
seg000:0CC6
seg000:0CC6 not_Device_Post:                        ; CODE XREF: int_15h_system+B↑j
seg000:0CC6                 push    bx
seg000:0CC7                 xor     bx, bx
seg000:0CC9
seg000:0CC9 search_match_loop:                      ; CODE XREF: int_15h_system+19↓j
seg000:0CC9                 cmp     ah, byte ptr cs:int15_function_lut[bx]
seg000:0CCE                 jbe     short match_found
seg000:0CD0                 inc     bx
seg000:0CD1                 jmp     short search_match_loop
seg000:0CD3 ; ---------------------------------------------------------------------------
seg000:0CD3
seg000:0CD3 match_found:                            ; CODE XREF: int_15h_system+16↑j
seg000:0CD3                 mov     ah, bl
seg000:0CD5                 pop     bx
seg000:0CD6                 call    near ptr jump_trampoline
seg000:0CD6 ; ---------------------------------------------------------------------------
seg000:0CD9                 db  0Ch
seg000:0CDA                 dw offset int15h_unsupported; 0
seg000:0CDC                 dw offset int15h_empty_retn; 1
seg000:0CDE                 dw offset int15h_83_Event_Wait_Interval; 2
seg000:0CE0                 dw offset int15h_84h_joystick; 3
seg000:0CE2                 dw offset int15h_empty_retn; 4
seg000:0CE4                 dw offset int15h_86_Wait; 5
seg000:0CE6                 dw offset int15h_88_Get_Extended_Memory_Size; 6
seg000:0CE8                 dw offset int15h_89_Enter_Protected_Mode; 7
seg000:0CEA                 dw offset int15h_unsupported; 8
seg000:0CEC                 dw offset int15h_90_os_hook_Device_Busy; 9
seg000:0CEE                 dw offset int15h_unsupported; 0Ah
seg000:0CF0                 dw offset int15h_C0h_System_Conf_Parameters; 0Bh
seg000:0CF2                 dw offset int15h_unsupported; 0Ch
seg000:0CF4 ; ---------------------------------------------------------------------------
seg000:0CF4                 retn
seg000:0CF4 ; ---------------------------------------------------------------------------
seg000:0CF5 int15_function_lut:                     ; DATA XREF: int_15h_system:search_match_loop↑r
seg000:0CF5                 db 7Fh                  ; 0
seg000:0CF6                 db int15h_82_Process_Termination; 1
seg000:0CF7                 db int15h_83_Event_Wait_Interval; 2
seg000:0CF8                 db int15h_84_Joystick_Read; 3
seg000:0CF9                 db int15h_85_SysReq_Key ; 4
seg000:0CFA                 db int15h_86_Wait       ; 5
seg000:0CFB                 db int15h_88_Get_Extended_Memory_Size; 6
seg000:0CFC                 db int15h_89_Enter_Protected_Mode; 7
seg000:0CFD                 db 8Fh                  ; 8
seg000:0CFE                 db int15h_90_os_hook_Device_Busy; 9
seg000:0CFE int_15h_system  endp ; sp-analysis failed
seg000:0CFE
seg000:0CFF
seg000:0CFF ; =============== S U B R O U T I N E =======================================
seg000:0CFF
seg000:0CFF
seg000:0CFF sub_F00CFF      proc near
seg000:0CFF                 mov     di, 0FFC0h
seg000:0D02
seg000:0D02 loc_F00D02:                             ; CODE XREF: seg000:6020↓j
seg000:0D02                 jmp     far ptr loc_F00D07
seg000:0D07 ; ---------------------------------------------------------------------------
seg000:0D07
seg000:0D07 loc_F00D07:                             ; CODE XREF: sub_F00CFF:loc_F00D02↑J
seg000:0D07                 call    near ptr jump_trampoline
seg000:0D07 ; ---------------------------------------------------------------------------
seg000:0D0A                 db    0
seg000:0D0B                 dw offset User_Wait
seg000:0D0D ; ---------------------------------------------------------------------------
seg000:0D0D
seg000:0D0D loc_F00D0D:
seg000:0D0D                 mov     al, IO_Port_PIC_Cmd_NON_SPECIFIC_EOI
seg000:0D0F                 out     IO_Port_A0h_PIC2_Command, al
seg000:0D11                 out     IO_Port_20h_PIC1_Command, al
seg000:0D13                 retn
seg000:0D13 sub_F00CFF      endp ; sp-analysis failed
seg000:0D13
seg000:0D14                 assume ds:nothing
seg000:0D14
seg000:0D14 ; =============== S U B R O U T I N E =======================================
seg000:0D14
seg000:0D14
seg000:0D14 User_Wait       proc near               ; DATA XREF: sub_F00CFF+C↑o
seg000:0D14                 mov     ax, CMOS_0Bh_Status_Register_B or 0C00h
seg000:0D17                 out     IO_Port_70h_CMOS_Index, al
seg000:0D19                 in      al, IO_Port_71h_CMOS_Data
seg000:0D1B                 xchg    al, ah
seg000:0D1D                 out     IO_Port_70h_CMOS_Index, al
seg000:0D1F                 in      al, IO_Port_71h_CMOS_Data
seg000:0D21                 and     al, ah
seg000:0D23                 push    ax
seg000:0D24                 test    al, CMOS_0Bh_REGB_PERIODIC_INT_EN
seg000:0D26                 jz      short loc_F00D4D
seg000:0D28                 sub     word ptr ds:BDA_9Ch_User_Wait_count_lower, 976
seg000:0D2E                 jnb     short loc_F00D4D
seg000:0D30                 sub     word ptr ds:BDA_9Eh_User_Wait_count_upper, 1
seg000:0D35                 jnb     short loc_F00D4D
seg000:0D37                 mov     al, CMOS_0Bh_Status_Register_B
seg000:0D39                 out     IO_Port_70h_CMOS_Index, al
seg000:0D3B                 mov     al, ah
seg000:0D3D                 and     al, not (CMOS_0Bh_REGB_PERIODIC_INT_EN)
seg000:0D3F                 out     IO_Port_71h_CMOS_Data, al
seg000:0D41                 mov     byte ptr ds:BDA_A0h_User_Wait_Flag, 0
seg000:0D46                 lds     si, ds:BDA_98h_User_Wait_pointer_Offset
seg000:0D4A                 assume ds:seg000
seg000:0D4A                 mov     byte ptr [si], 80h
seg000:0D4D
seg000:0D4D loc_F00D4D:                             ; CODE XREF: User_Wait+12↑j User_Wait+1A↑j ...
seg000:0D4D                 pop     ax
seg000:0D4E                 test    al, 20h
seg000:0D50                 jz      short end
seg000:0D52                 int     4Ah             ; AT/CONV/PS - User Alarm
seg000:0D54
seg000:0D54 end:                                    ; CODE XREF: User_Wait+3C↑j
seg000:0D54                 retn
seg000:0D54 User_Wait       endp
seg000:0D54
seg000:0D55                 assume ds:nothing
seg000:0D55
seg000:0D55 ; =============== S U B R O U T I N E =======================================
seg000:0D55
seg000:0D55
seg000:0D55 int15h_83_Event_Wait_Interval proc near ; DATA XREF: int_15h_system+22↑o
seg000:0D55                 mov     al, [bp+Sanyo_int_stack_frame.reg_al]
seg000:0D58                 cmp     al, 0
seg000:0D5A                 jz      short loc_F00D83
seg000:0D5C                 cmp     al, 1
seg000:0D5E                 jz      short loc_F00D66
seg000:0D60                 or      byte ptr [bp+Sanyo_int_stack_frame.int_cs], 00000001b
seg000:0D64                 jmp     short end
seg000:0D66 ; ---------------------------------------------------------------------------
seg000:0D66
seg000:0D66 loc_F00D66:                             ; CODE XREF: int15h_83_Event_Wait_Interval+9↑j
seg000:0D66                 mov     dx, IO_Port_70h_CMOS_Index
seg000:0D69                 mov     ax, CMOS_0Bh_Status_Register_B or 0B00h
seg000:0D6C                 out     dx, al
seg000:0D6D                 in      al, IO_Port_71h_CMOS_Data
seg000:0D6F                 and     al, not (CMOS_0Eh_CMOS_Diag_CHECKSUM_BAD)
seg000:0D71                 xchg    ah, al
seg000:0D73                 out     dx, ax
seg000:0D74                 xor     ax, ax
seg000:0D76                 mov     ds:BDA_A0h_User_Wait_Flag, al
seg000:0D79                 and     byte ptr [bp+Sanyo_int_stack_frame.int_cs], 11111110b
seg000:0D7D                 or      byte ptr [bp+Sanyo_int_stack_frame.int_cs], 01000000b
seg000:0D81                 jmp     short end
seg000:0D83 ; ---------------------------------------------------------------------------
seg000:0D83
seg000:0D83 loc_F00D83:                             ; CODE XREF: int15h_83_Event_Wait_Interval+5↑j int15h_86_Wait+5↓p
seg000:0D83                 mov     al, 1
seg000:0D85                 or      byte ptr [bp+Sanyo_int_stack_frame.int_cs], 1
seg000:0D89                 test    ds:BDA_A0h_User_Wait_Flag, al
seg000:0D8D                 jnz     short end
seg000:0D8F                 cli
seg000:0D90                 mov     ds:BDA_98h_User_Wait_pointer_Offset, bx
seg000:0D94                 mov     word ptr ds:BDA_9Ah_User_Wait_pointer_Segment, es
seg000:0D98                 mov     ds:BDA_9Ch_User_Wait_count_lower, dx
seg000:0D9C                 mov     ds:BDA_9Eh_User_Wait_count_upper, cx
seg000:0DA0                 mov     si, offset Event_Wait_Interval_bytecode
seg000:0DA3                 call    Sanyo_bytecode_interpreter
seg000:0DA6                 and     byte ptr [bp+Sanyo_int_stack_frame.int_cs], 11111110b
seg000:0DAA                 xor     al, al
seg000:0DAC
seg000:0DAC end:                                    ; CODE XREF: int15h_83_Event_Wait_Interval+F↑j int15h_83_Event_Wait_Interval+2C↑j ...
seg000:0DAC                 retn
seg000:0DAC ; ---------------------------------------------------------------------------
seg000:0DAD Event_Wait_Interval_bytecode:           ; DATA XREF: int15h_83_Event_Wait_Interval+4B↑o
seg000:0DAD                 db 40h                  ; 0
seg000:0DAE                 db 1                    ; 1
seg000:0DAF                 db 44h                  ; 2
seg000:0DB0                 db 0A0h                 ; 3
seg000:0DB1                 db 0                    ; 4
seg000:0DB2                 db 0Ch                  ; 5
seg000:0DB3                 db 0A1h                 ; 6
seg000:0DB4                 db 0                    ; 7
seg000:0DB5                 db 5Ah                  ; 8
seg000:0DB6                 db 1                    ; 9
seg000:0DB7                 db 28h                  ; 0Ah
seg000:0DB8                 db 1Eh                  ; 0Bh
seg000:0DB9                 db 0Bh                  ; 0Ch
seg000:0DBA                 db 70h                  ; 0Dh
seg000:0DBB                 db 0                    ; 0Eh
seg000:0DBC                 db 42h                  ; 0Fh
seg000:0DBD                 db 0Ah                  ; 10h
seg000:0DBE                 db 1                    ; 11h
seg000:0DBF                 db 5Ah                  ; 12h
seg000:0DC0                 db 80h                  ; 13h
seg000:0DC1                 db 58h                  ; 14h
seg000:0DC2                 db 40h                  ; 15h
seg000:0DC3                 db 42h                  ; 16h
seg000:0DC4                 db 2Ah                  ; 17h
seg000:0DC5                 db 0FFh                 ; 18h
seg000:0DC6                 db 42h                  ; 19h
seg000:0DC7                 db 2Ah                  ; 1Ah
seg000:0DC8                 db 1                    ; 1Bh
seg000:0DC9                 db 40h                  ; 1Ch
seg000:0DCA                 db 0Ch                  ; 1Dh
seg000:0DCB                 db 2Ah                  ; 1Eh
seg000:0DCC                 db 0FFh                 ; 1Fh
seg000:0DCD                 db 0Ah                  ; 20h
seg000:0DCE                 db 1                    ; 21h
seg000:0DCF                 db 36h                  ; 22h
seg000:0DCF int15h_83_Event_Wait_Interval endp
seg000:0DCF
seg000:0DD0
seg000:0DD0 ; =============== S U B R O U T I N E =======================================
seg000:0DD0
seg000:0DD0
seg000:0DD0 int15h_86_Wait  proc near               ; DATA XREF: int_15h_system+22↑o
seg000:0DD0                 mov     bx, BDA_A0h_User_Wait_Flag
seg000:0DD3
seg000:0DD3 loc_F00DD3:
seg000:0DD3                 push    ds
seg000:0DD4                 pop     es
seg000:0DD5                 assume es:nothing
seg000:0DD5                 call    loc_F00D83
seg000:0DD8                 jnz     short locret_F00DE3
seg000:0DDA                 sti
seg000:0DDB
seg000:0DDB loc_F00DDB:                             ; CODE XREF: int15h_86_Wait+E↓j
seg000:0DDB                 test    byte ptr [bx], 80h
seg000:0DDE                 jz      short loc_F00DDB
seg000:0DE0                 mov     byte ptr [bx], 0
seg000:0DE3
seg000:0DE3 locret_F00DE3:                          ; CODE XREF: int15h_86_Wait+8↑j
seg000:0DE3                 retn
seg000:0DE3 int15h_86_Wait  endp
seg000:0DE3
seg000:0DE4
seg000:0DE4 ; =============== S U B R O U T I N E =======================================
seg000:0DE4
seg000:0DE4
seg000:0DE4 int15h_unsupported proc near            ; DATA XREF: int_15h_system+22↑o
seg000:0DE4                 or      byte ptr [bp+Sanyo_int_stack_frame.int_cs], 1
seg000:0DE8
seg000:0DE8 loc_F00DE8:                             ; CODE XREF: int15h_84h_joystick+3↓j
seg000:0DE8                 mov     [bp+Sanyo_int_stack_frame.reg_ah], 86h
seg000:0DEC
seg000:0DEC int15h_empty_retn:                      ; DATA XREF: int_15h_system+22↑o
seg000:0DEC                 retn
seg000:0DEC int15h_unsupported endp
seg000:0DEC
seg000:0DED
seg000:0DED ; =============== S U B R O U T I N E =======================================
seg000:0DED
seg000:0DED
seg000:0DED int15h_84h_joystick proc near           ; DATA XREF: int_15h_system+22↑o
seg000:0DED                 cmp     dx, 1
seg000:0DF0                 ja      short loc_F00DE8
seg000:0DF2                 jz      short read_joystick_position
seg000:0DF4                 mov     dx, IO_Port_201h_Gameport
seg000:0DF7                 in      al, dx
seg000:0DF8                 and     al, JOY_ALL_BUTTONS ; MASK
seg000:0DFA                 mov     [bp+Sanyo_int_stack_frame.reg_al], al
seg000:0DFD                 retn
seg000:0DFE ; ---------------------------------------------------------------------------
seg000:0DFE
seg000:0DFE read_joystick_position:                 ; CODE XREF: int15h_84h_joystick+5↑j
seg000:0DFE                 mov     cx, 4
seg000:0E01
seg000:0E01 read_joy_axis_loop:                     ; CODE XREF: int15h_84h_joystick+1E↓j
seg000:0E01                 mov     bl, 10h
seg000:0E03                 shr     bl, cl
seg000:0E05                 push    cx
seg000:0E06                 call    int15h_84h_joystick_JOY_AXES
seg000:0E09                 pop     cx
seg000:0E0A                 push    ax
seg000:0E0B                 loop    read_joy_axis_loop
seg000:0E0D                 pop     word ptr [bp+Sanyo_int_stack_frame.reg_dl]
seg000:0E10                 pop     word ptr [bp+Sanyo_int_stack_frame.reg_cl]
seg000:0E13                 pop     word ptr [bp+Sanyo_int_stack_frame.reg_bl]
seg000:0E16                 pop     word ptr [bp+Sanyo_int_stack_frame.reg_al]
seg000:0E19                 retn
seg000:0E19 int15h_84h_joystick endp ; sp-analysis failed
seg000:0E19
seg000:0E1A
seg000:0E1A ; =============== S U B R O U T I N E =======================================
seg000:0E1A
seg000:0E1A
seg000:0E1A int15h_84h_joystick_JOY_AXES proc near  ; CODE XREF: int15h_84h_joystick+19↑p
seg000:0E1A                 cli
seg000:0E1B                 mov     si, offset read_joy_axis_bytecode
seg000:0E1E                 call    Sanyo_bytecode_interpreter
seg000:0E21                 push    ax
seg000:0E22                 mov     dx, IO_Port_201h_Gameport
seg000:0E25                 xor     al, al
seg000:0E27                 out     dx, al
seg000:0E28                 mov     cx, 1183
seg000:0E2B
seg000:0E2B delay_1183_loop1:                       ; CODE XREF: int15h_84h_joystick_JOY_AXES+14↓j
seg000:0E2B                 in      al, dx
seg000:0E2C                 test    al, bl
seg000:0E2E                 loopne  delay_1183_loop1
seg000:0E30                 pop     ax
seg000:0E31                 jcxz    short loc_F00E3D
seg000:0E33                 push    ax
seg000:0E34                 mov     si, offset read_joy_axis_bytecode
seg000:0E37                 call    Sanyo_bytecode_interpreter
seg000:0E3A                 pop     cx
seg000:0E3B                 sub     cx, ax
seg000:0E3D
seg000:0E3D loc_F00E3D:                             ; CODE XREF: int15h_84h_joystick_JOY_AXES+17↑j
seg000:0E3D                 sti
seg000:0E3E                 xchg    ax, cx
seg000:0E3F                 shr     ax, 4
seg000:0E42                 and     ax, 1FFh
seg000:0E45                 mov     cx, 1183
seg000:0E48
seg000:0E48 delay_1183_loop2:                       ; CODE XREF: int15h_84h_joystick_JOY_AXES:delay_1183_loop2↓j
seg000:0E48                 loop    delay_1183_loop2
seg000:0E4A                 retn
seg000:0E4A ; ---------------------------------------------------------------------------
seg000:0E4B read_joy_axis_bytecode:                 ; DATA XREF: int15h_84h_joystick_JOY_AXES+1↑o int15h_84h_joystick_JOY_AXES+1A↑o
seg000:0E4B                 db 1Eh                  ; 0
seg000:0E4C                 db 0                    ; 1
seg000:0E4D                 db 43h                  ; 2
seg000:0E4E                 db 0                    ; 3
seg000:0E4F                 db 0Ch                  ; 4
seg000:0E50                 db 40h                  ; 5
seg000:0E51                 db 0                    ; 6
seg000:0E52                 db 42h                  ; 7
seg000:0E53                 db 8                    ; 8
seg000:0E54                 db 42h                  ; 9
seg000:0E55                 db 36h                  ; 0Ah
seg000:0E55 int15h_84h_joystick_JOY_AXES endp
seg000:0E55
seg000:0E56
seg000:0E56 ; =============== S U B R O U T I N E =======================================
seg000:0E56
seg000:0E56 ; Attributes: noreturn
seg000:0E56
seg000:0E56 int15h_87h_Move_block_to_from_extended proc far ; CODE XREF: int_15h_system+5↑j
seg000:0E56                 cli
seg000:0E57                 pusha
seg000:0E58                 push    es
seg000:0E59                 push    ds
seg000:0E5A                 mov     bp, sp
seg000:0E5C                 mov     ds, cs:BDA_Segment
seg000:0E61                 mov     ds:BDA_67h_Adapter_ROM_offset_address, sp
seg000:0E65                 mov     word ptr ds:BDA_69h_Adapter_ROM_segment_address, ss
seg000:0E69                 push    si
seg000:0E6A                 call    int15h_87h_89h
seg000:0E6D                 pop     si
seg000:0E6E                 push    es
seg000:0E6F                 pop     ds
seg000:0E70                 mov     ax, ss
seg000:0E72                 rol     ax, 4
seg000:0E75                 mov     dl, al
seg000:0E77                 and     dl, 0Fh
seg000:0E7A                 and     ax, 0FFF0h
seg000:0E7D                 mov     word ptr [si+28h], 0
seg000:0E82                 mov     [si+2Ah], ax
seg000:0E85                 mov     dh, 96h
seg000:0E87                 mov     [si+2Ch], dx
seg000:0E8A                 mov     bx, si
seg000:0E8C                 mov     ax, es
seg000:0E8E                 rol     ax, 4
seg000:0E91                 mov     dl, al
seg000:0E93                 and     dl, 0Fh
seg000:0E96                 and     ax, 0FFF0h
seg000:0E99                 add     bx, ax
seg000:0E9B                 jnb     short loc_F00E9E
seg000:0E9D                 inc     dx
seg000:0E9E
seg000:0E9E loc_F00E9E:                             ; CODE XREF: int15h_87h_Move_block_to_from_extended+45↑j
seg000:0E9E                 mov     word ptr [si+8], 2Fh
seg000:0EA3                 mov     [si+0Ah], bx
seg000:0EA6                 mov     [si+0Ch], dl
seg000:0EA9                 lgdt    fword ptr [si+8]
seg000:0EAD                 lidt    fword ptr cs:stru_F00FEB.gdt_limit
seg000:0EB3                 mov     word ptr [si+20h], 7FFFh
seg000:0EB8                 mov     word ptr [si+22h], 8000h
seg000:0EBD                 mov     word ptr [si+24h], 9A0Fh
seg000:0EC2                 smsw    ax
seg000:0EC5                 or      ax, 1
seg000:0EC8                 lmsw    ax
seg000:0ECB                 jmp     dword ptr cs:pm_mode
seg000:0ED0 ; ---------------------------------------------------------------------------
seg000:0ED0
seg000:0ED0 pm_mode:                                ; DATA XREF: int15h_87h_Move_block_to_from_extended+75↑r
seg000:0ED0                 aam     0Eh
seg000:0ED2                 and     [bx+si], al
seg000:0ED4                 mov     ax, 10h
seg000:0ED7                 mov     ds, ax
seg000:0ED9                 assume ds:nothing
seg000:0ED9                 mov     al, 18h
seg000:0EDB                 mov     es, ax
seg000:0EDD                 assume es:nothing
seg000:0EDD                 mov     al, 28h
seg000:0EDF                 mov     ss, ax
seg000:0EE1                 assume ss:nothing
seg000:0EE1                 cld
seg000:0EE2                 xor     si, si
seg000:0EE4                 mov     di, si
seg000:0EE6                 rep movsw
seg000:0EE8                 call    sub_F00F1B
seg000:0EEB                 mov     ah, al
seg000:0EED
seg000:0EED loc_F00EED:                             ; CODE XREF: sub_F00F17+2↓j
seg000:0EED                 mov     [bp+13h], ah
seg000:0EF0                 mov     al, CMOS_0Fh_Shutdown_Status
seg000:0EF2                 out     IO_Port_70h_CMOS_Index, al
seg000:0EF4                 mov     al, CMOS_0Fh_Shutdown_INT15_BLOCK_MOVE_return
seg000:0EF6                 out     IO_Port_71h_CMOS_Data, al
seg000:0EF8                 jmp     reset_CPU
seg000:0EF8 int15h_87h_Move_block_to_from_extended endp
seg000:0EF8
seg000:0EFB
seg000:0EFB ; =============== S U B R O U T I N E =======================================
seg000:0EFB
seg000:0EFB
seg000:0EFB int15h_90_os_hook_Device_Busy proc near ; DATA XREF: int_15h_system+22↑o
seg000:0EFB                 and     byte ptr [bp+Sanyo_int_stack_frame.int_cs], 11111110b
seg000:0EFF                 or      byte ptr [bp+(Sanyo_int_stack_frame.int_cs+1)], 00000010b
seg000:0F03                 retn
seg000:0F03 int15h_90_os_hook_Device_Busy endp
seg000:0F03
seg000:0F04
seg000:0F04 ; =============== S U B R O U T I N E =======================================
seg000:0F04
seg000:0F04
seg000:0F04 int15h_C0h_System_Conf_Parameters proc near ; DATA XREF: int_15h_system+22↑o
seg000:0F04                 mov     [bp+Sanyo_int_stack_frame.reg_es], 0F000h
seg000:0F09                 mov     word ptr [bp+Sanyo_int_stack_frame.reg_bl], 0E6F5h ; 66F5
seg000:0F0E                 and     byte ptr [bp+Sanyo_int_stack_frame.int_cs], 11111110b
seg000:0F12                 mov     [bp+Sanyo_int_stack_frame.reg_ah], 0
seg000:0F16                 retn
seg000:0F16 int15h_C0h_System_Conf_Parameters endp
seg000:0F16
seg000:0F17
seg000:0F17 ; =============== S U B R O U T I N E =======================================
seg000:0F17
seg000:0F17 ; Attributes: noreturn
seg000:0F17
seg000:0F17 sub_F00F17      proc far
seg000:0F17                 mov     ah, 2
seg000:0F19                 jmp     short loc_F00EED
seg000:0F19 sub_F00F17      endp
seg000:0F19
seg000:0F1B
seg000:0F1B ; =============== S U B R O U T I N E =======================================
seg000:0F1B
seg000:0F1B
seg000:0F1B sub_F00F1B      proc near               ; CODE XREF: int15h_87h_Move_block_to_from_extended+92↑p
seg000:0F1B                 mov     dx, IO_Port_61h_Parity
seg000:0F1E                 in      al, dx
seg000:0F1F                 and     al, IO_Port_61h_IO_CH_CHK_Error or IO_Port_61h_Parity_CHK_Error
seg000:0F21                 jz      short end
seg000:0F23                 jmp     short $+2
seg000:0F25 ; ---------------------------------------------------------------------------
seg000:0F25
seg000:0F25 loc_F00F25:                             ; CODE XREF: sub_F00F1B+8↑j
seg000:0F25                 or      al, IO_Port_61h_Ram_Parity_Enable or IO_Port_61h_IO_CH_CHK_Enable
seg000:0F27                 out     dx, al
seg000:0F28                 jmp     short $+2
seg000:0F2A ; ---------------------------------------------------------------------------
seg000:0F2A
seg000:0F2A loc_F00F2A:                             ; CODE XREF: sub_F00F1B+D↑j
seg000:0F2A                 and     al, not (IO_Port_61h_Ram_Parity_Enable or IO_Port_61h_IO_CH_CHK_Enable)
seg000:0F2C                 out     dx, al
seg000:0F2D                 mov     al, 1
seg000:0F2F                 retn
seg000:0F30 ; ---------------------------------------------------------------------------
seg000:0F30
seg000:0F30 end:                                    ; CODE XREF: sub_F00F1B+6↑j
seg000:0F30                 mov     al, 0
seg000:0F32                 retn
seg000:0F32 sub_F00F1B      endp
seg000:0F32
seg000:0F33
seg000:0F33 ; =============== S U B R O U T I N E =======================================
seg000:0F33
seg000:0F33
seg000:0F33 int15h_88_Get_Extended_Memory_Size proc near ; DATA XREF: int_15h_system+22↑o
seg000:0F33                 mov     si, offset Get_Extended_Memory_Size_bytecode
seg000:0F36                 call    Sanyo_bytecode_interpreter
seg000:0F39
seg000:0F39 loc_F00F39:
seg000:0F39                 mov     word ptr [bp+Sanyo_int_stack_frame.reg_al], ax
seg000:0F3C                 retn
seg000:0F3C ; ---------------------------------------------------------------------------
seg000:0F3D Get_Extended_Memory_Size_bytecode:      ; DATA XREF: int15h_88_Get_Extended_Memory_Size↑o
seg000:0F3D                 db 1Eh                  ; 0
seg000:0F3E                 db 30h                  ; 1
seg000:0F3F                 db 70h                  ; 2
seg000:0F40                 db 0                    ; 3
seg000:0F41                 db 0Ah                  ; 4
seg000:0F42                 db 1                    ; 5
seg000:0F43                 db 42h                  ; 6
seg000:0F44                 db 1Eh                  ; 7
seg000:0F45                 db 31h                  ; 8
seg000:0F46                 db 70h                  ; 9
seg000:0F47                 db 0                    ; 0Ah
seg000:0F48                 db 0Ah                  ; 0Bh
seg000:0F49                 db 1                    ; 0Ch
seg000:0F4A                 db 42h                  ; 0Dh
seg000:0F4B                 db 36h                  ; 0Eh
seg000:0F4B int15h_88_Get_Extended_Memory_Size endp
seg000:0F4B
seg000:0F4C
seg000:0F4C ; =============== S U B R O U T I N E =======================================
seg000:0F4C
seg000:0F4C ; Attributes: bp-based frame
seg000:0F4C
seg000:0F4C int15h_89_Enter_Protected_Mode proc near ; DATA XREF: int_15h_system+22↑o
seg000:0F4C                 cli
seg000:0F4D                 call    int15h_87h_89h
seg000:0F50                 mov     si, [bp+Sanyo_int_stack_frame.reg_si]
seg000:0F53                 push    es
seg000:0F54                 pop     ds
seg000:0F55                 assume ds:nothing
seg000:0F55                 mov     word ptr [si+38h], 7FFFh
seg000:0F5A                 mov     word ptr [si+3Ah], 8000h
seg000:0F5F                 mov     word ptr [si+3Ch], 9B0Fh
seg000:0F64                 mov     word ptr [si+3Eh], 0
seg000:0F69                 lgdt    fword ptr [si+8]
seg000:0F6D                 lidt    fword ptr [si+10h]
seg000:0F71                 mov     cx, bx
seg000:0F73                 mov     si, offset Enter_Protected_Mode_bytecode
seg000:0F76                 call    Sanyo_bytecode_interpreter
seg000:0F79                 smsw    ax
seg000:0F7C                 or      ax, 1
seg000:0F7F                 lmsw    ax
seg000:0F82                 jmp     dword ptr cs:pm_mode
seg000:0F87 ; ---------------------------------------------------------------------------
seg000:0F87
seg000:0F87 pm_mode:                                ; DATA XREF: int15h_89_Enter_Protected_Mode+36↑r
seg000:0F87                 mov     cx, [bx]
seg000:0F89                 cmp     [bx+si], al
seg000:0F8B                 mov     ax, 28h
seg000:0F8E                 mov     ss, ax
seg000:0F90                 mov     al, 18h
seg000:0F92                 mov     ds, ax
seg000:0F94                 mov     [bp+Sanyo_int_stack_frame.reg_ds], ax
seg000:0F97                 mov     al, 20h
seg000:0F99                 mov     es, ax
seg000:0F9B                 assume es:nothing
seg000:0F9B                 mov     [bp+Sanyo_int_stack_frame.reg_es], ax
seg000:0F9E                 mov     [bp+Sanyo_int_stack_frame.int_ip], 30h
seg000:0FA3                 mov     [bp+Sanyo_int_stack_frame.reg_ah], 0
seg000:0FA7                 and     [bp+Sanyo_int_stack_frame.int_cs], 0
seg000:0FAC                 retn
seg000:0FAC ; ---------------------------------------------------------------------------
seg000:0FAD Enter_Protected_Mode_bytecode:          ; DATA XREF: int15h_89_Enter_Protected_Mode+27↑o
seg000:0FAD                 db 1Eh                  ; 0
seg000:0FAE                 db 11h                  ; 1
seg000:0FAF                 db 20h                  ; 2
seg000:0FB0                 db 0                    ; 3
seg000:0FB1                 db 52h                  ; 4
seg000:0FB2                 db 42h                  ; 5
seg000:0FB3                 db 2Ah                  ; 6
seg000:0FB4                 db 1                    ; 7
seg000:0FB5                 db 40h                  ; 8
seg000:0FB6                 db 4                    ; 9
seg000:0FB7                 db 28h                  ; 0Ah
seg000:0FB8                 db 40h                  ; 0Bh
seg000:0FB9                 db 1                    ; 0Ch
seg000:0FBA                 db 28h                  ; 0Dh
seg000:0FBB                 db 40h                  ; 0Eh
seg000:0FBC                 db 0FFh                 ; 0Fh
seg000:0FBD                 db 28h                  ; 10h
seg000:0FBE                 db 1Eh                  ; 11h
seg000:0FBF                 db 11h                  ; 12h
seg000:0FC0                 db 0A0h                 ; 13h
seg000:0FC1                 db 0                    ; 14h
seg000:0FC2                 db 42h                  ; 15h
seg000:0FC3                 db 2Ah                  ; 16h
seg000:0FC4                 db 1                    ; 17h
seg000:0FC5                 db 40h                  ; 18h
seg000:0FC6                 db 2                    ; 19h
seg000:0FC7                 db 28h                  ; 1Ah
seg000:0FC8                 db 40h                  ; 1Bh
seg000:0FC9                 db 1                    ; 1Ch
seg000:0FCA                 db 28h                  ; 1Dh
seg000:0FCB                 db 40h                  ; 1Eh
seg000:0FCC                 db 0FFh                 ; 1Fh
seg000:0FCD                 db 28h                  ; 20h
seg000:0FCE                 db 36h                  ; 21h
seg000:0FCE int15h_89_Enter_Protected_Mode endp
seg000:0FCE
seg000:0FCF
seg000:0FCF ; =============== S U B R O U T I N E =======================================
seg000:0FCF
seg000:0FCF
seg000:0FCF int15h_87h_89h  proc near               ; CODE XREF: int15h_87h_Move_block_to_from_extended+14↑p int15h_89_Enter_Protected_Mode+1↑p
seg000:0FCF                 mov     ah, 0DFh
seg000:0FD1                 mov     si, offset int15h_87h_89h_bytecode
seg000:0FD4                 call    Sanyo_bytecode_interpreter
seg000:0FD7                 retn
seg000:0FD7 ; ---------------------------------------------------------------------------
seg000:0FD8 int15h_87h_89h_bytecode:                ; DATA XREF: int15h_87h_89h+2↑o
seg000:0FD8                 db 4                    ; 0
seg000:0FD9                 db 64h                  ; 1
seg000:0FDA                 db 0                    ; 2
seg000:0FDB                 db 2                    ; 3
seg000:0FDC                 db 40h                  ; 4
seg000:0FDD                 db 0D1h                 ; 5
seg000:0FDE                 db 28h                  ; 6
seg000:0FDF                 db 4                    ; 7
seg000:0FE0                 db 64h                  ; 8
seg000:0FE1                 db 0                    ; 9
seg000:0FE2                 db 2                    ; 0Ah
seg000:0FE3                 db 42h                  ; 0Bh
seg000:0FE4                 db 2Ah                  ; 0Ch
seg000:0FE5                 db 0FCh                 ; 0Dh
seg000:0FE6                 db 4                    ; 0Eh
seg000:0FE7                 db 64h                  ; 0Fh
seg000:0FE8                 db 0                    ; 10h
seg000:0FE9                 db 2                    ; 11h
seg000:0FEA                 db 36h                  ; 12h
seg000:0FEA int15h_87h_89h  endp
seg000:0FEA
seg000:0FEB stru_F00FEB     SystemTablePointer16 <100h, 8FF1h> ; DATA XREF: int15h_87h_Move_block_to_from_extended+57↑r
seg000:0FEF                 db  0Fh
seg000:0FF0                 db    0
seg000:0FF1                 GDT_descriptor <0F17h, 20h, 0, 87h, 0, 0>; 0
seg000:0FF9                 GDT_descriptor <0F17h, 20h, 0, 87h, 0, 0>; 1
seg000:1001                 GDT_descriptor <0F17h, 20h, 0, 87h, 0, 0>; 2
seg000:1009                 GDT_descriptor <0F17h, 20h, 0, 87h, 0, 0>; 3
seg000:1011                 GDT_descriptor <0F17h, 20h, 0, 87h, 0, 0>; 4
seg000:1019                 GDT_descriptor <0F17h, 20h, 0, 87h, 0, 0>; 5
seg000:1021                 GDT_descriptor <0F17h, 20h, 0, 87h, 0, 0>; 6
seg000:1029                 GDT_descriptor <0F17h, 20h, 0, 87h, 0, 0>; 7
seg000:1031                 GDT_descriptor <0F17h, 20h, 0, 87h, 0, 0>; 8
seg000:1039                 GDT_descriptor <0F17h, 20h, 0, 87h, 0, 0>; 9
seg000:1041                 GDT_descriptor <0F17h, 20h, 0, 87h, 0, 0>; 0Ah
seg000:1049                 GDT_descriptor <0F17h, 20h, 0, 87h, 0, 0>; 0Bh
seg000:1051                 GDT_descriptor <0F17h, 20h, 0, 87h, 0, 0>; 0Ch
seg000:1059                 GDT_descriptor <0F17h, 20h, 0, 87h, 0, 0>; 0Dh
seg000:1061                 GDT_descriptor <0F17h, 20h, 0, 87h, 0, 0>; 0Eh
seg000:1069                 GDT_descriptor <0F17h, 20h, 0, 87h, 0, 0>; 0Fh
seg000:1071                 GDT_descriptor <0F17h, 20h, 0, 87h, 0, 0>; 10h
seg000:1079                 GDT_descriptor <0F17h, 20h, 0, 87h, 0, 0>; 11h
seg000:1081                 GDT_descriptor <0F17h, 20h, 0, 87h, 0, 0>; 12h
seg000:1089                 GDT_descriptor <0F17h, 20h, 0, 87h, 0, 0>; 13h
seg000:1091                 GDT_descriptor <0F17h, 20h, 0, 87h, 0, 0>; 14h
seg000:1099                 GDT_descriptor <0F17h, 20h, 0, 87h, 0, 0>; 15h
seg000:10A1                 GDT_descriptor <0F17h, 20h, 0, 87h, 0, 0>; 16h
seg000:10A9                 GDT_descriptor <0F17h, 20h, 0, 87h, 0, 0>; 17h
seg000:10B1                 GDT_descriptor <0F17h, 20h, 0, 87h, 0, 0>; 18h
seg000:10B9                 GDT_descriptor <0F17h, 20h, 0, 87h, 0, 0>; 19h
seg000:10C1                 GDT_descriptor <0F17h, 20h, 0, 87h, 0, 0>; 1Ah
seg000:10C9                 GDT_descriptor <0F17h, 20h, 0, 87h, 0, 0>; 1Bh
seg000:10D1                 GDT_descriptor <0F17h, 20h, 0, 87h, 0, 0>; 1Ch
seg000:10D9                 GDT_descriptor <0F17h, 20h, 0, 87h, 0, 0>; 1Dh
seg000:10E1                 GDT_descriptor <0F17h, 20h, 0, 87h, 0, 0>; 1Eh
seg000:10E9                 GDT_descriptor <0F17h, 20h, 0, 87h, 0, 0>; 1Fh
seg000:10F1                 db    0
seg000:10F2
seg000:10F2 ; =============== S U B R O U T I N E =======================================
seg000:10F2
seg000:10F2
seg000:10F2 Keyboard_LEDs_sync proc near            ; CODE XREF: int_09h_keyboard_handler:handle_incoming_scancode↓p int_09h_keyboard_handler+82↓p ...
seg000:10F2                 push    ds
seg000:10F3                 mov     ds, cs:BDA_Segment
seg000:10F8                 assume ds:nothing
seg000:10F8                 push    bx
seg000:10F9                 mov     bx, BDA_97h_keyboard_flags_4
seg000:10FC                 test    byte ptr [bx], BDA_97h_flags_4_LED_UPDATE_IN_PROGRESS
seg000:10FF                 jnz     short end
seg000:1101                 push    ax
seg000:1102                 mov     al, ds:BDA_17h_Keyboard_flags_1
seg000:1105                 and     al, BDA_17h_flags_1_ScrollLock_STATE or BDA_17h_flags_1_NumLock_STATE or BDA_17h_flags_1_CapsLock_STATE
seg000:1107                 shr     al, 4
seg000:110A                 mov     ah, [bx]
seg000:110C                 and     ah, not (BDA_97h_flags_4_ScrollLock_LED_ON or BDA_97h_flags_4_NumLock_LED_ON or BDA_97h_flags_4_CapsLock_LED_ON)
seg000:110F                 or      ah, al
seg000:1111                 cmp     ah, [bx]
seg000:1113                 jz      short end_pop
seg000:1115                 mov     [bx], ah
seg000:1117                 push    ax
seg000:1118                 mov     al, IO_Port_PIC_Cmd_NON_SPECIFIC_EOI
seg000:111A                 out     IO_Port_20h_PIC1_Command, al
seg000:111C                 mov     al, IO_Port_60h_KBD_CMD_ED_SET_LEDS
seg000:111E                 call    KBD_Command_al_wait_bx_b7
seg000:1121                 pop     ax
seg000:1122                 jb      short loc_F0112C
seg000:1124                 or      byte ptr [bx], BDA_97h_flags_4_LED_UPDATE_IN_PROGRESS
seg000:1127                 call    KBD_Command_al_wait_bx_b7
seg000:112A                 jnb     short loc_F01130
seg000:112C
seg000:112C loc_F0112C:                             ; CODE XREF: Keyboard_LEDs_sync+30↑j
seg000:112C                 mov     al, IO_Port_60h_KBD_CMD_F4_ENABLE
seg000:112E                 out     IO_Port_60h_KBD_Command, al
seg000:1130
seg000:1130 loc_F01130:                             ; CODE XREF: Keyboard_LEDs_sync+38↑j
seg000:1130                 and     byte ptr [bx], not (BDA_97h_flags_4_LED_UPDATE_IN_PROGRESS or BDA_97h_flags_4_TRANSMIT_ERROR)
seg000:1133
seg000:1133 end_pop:                                ; CODE XREF: Keyboard_LEDs_sync+21↑j
seg000:1133                 pop     ax
seg000:1134
seg000:1134 end:                                    ; CODE XREF: Keyboard_LEDs_sync+D↑j
seg000:1134                 pop     bx
seg000:1135                 pop     ds
seg000:1136                 assume ds:seg000
seg000:1136                 retn
seg000:1136 Keyboard_LEDs_sync endp
seg000:1136
seg000:1136 ; ---------------------------------------------------------------------------
seg000:1137                 align 2
seg000:1138
seg000:1138 ; =============== S U B R O U T I N E =======================================
seg000:1138
seg000:1138
seg000:1138 int_13h_withHDD_dispatch proc far       ; DATA XREF: seg000:IVT_hdd_table↓o
seg000:1138                 test    dl, int13h_HDD0_80h
seg000:113B                 jnz     short hdd
seg000:113D                 int     40h             ; Hard disk - Relocated Floppy Handler (original INT 13h)
seg000:113F                 retf    2
seg000:1142 ; ---------------------------------------------------------------------------
seg000:1142
seg000:1142 hdd:                                    ; CODE XREF: int_13h_withHDD_dispatch+3↑j
seg000:1142                 call    near ptr jump_trampoline
seg000:1142 ; ---------------------------------------------------------------------------
seg000:1145                 db    0
seg000:1146                 dw offset int_13h_withHDD_handler
seg000:1148 ; ---------------------------------------------------------------------------
seg000:1148                 or      byte ptr [bp+19h], 2
seg000:114C                 assume ds:nothing
seg000:114C                 mov     byte ptr ds:BDA_8Eh_HDD_task_complete_flag, 0
seg000:1151                 retn
seg000:1151 int_13h_withHDD_dispatch endp ; sp-analysis failed
seg000:1151
seg000:1151 ; ---------------------------------------------------------------------------
seg000:1152 int13h_commands_jumptable dw 0          ; DATA XREF: int_13h_withHDD_handler:in_range↓o
seg000:1154                 dw offset int13h_0_Reset_disk_system
seg000:1156                 dw 0
seg000:1158                 dw offset int13h_1_Get_disk_status
seg000:115A                 dw 21h
seg000:115C                 dw offset int13h_2_3_4_Read_Write_Verify_disk_sectors
seg000:115E                 dw 31h
seg000:1160                 dw offset int13h_2_3_4_Read_Write_Verify_disk_sectors
seg000:1162                 dw 41h
seg000:1164                 dw offset int13h_2_3_4_Read_Write_Verify_disk_sectors
seg000:1166                 dw 50h
seg000:1168                 dw offset int13h_5_Format_disk_track
seg000:116A                 dw 0
seg000:116C                 dw offset ide_bad_command_error_code
seg000:116E                 dw 0
seg000:1170                 dw offset ide_bad_command_error_code
seg000:1172                 dw 0
seg000:1174                 dw offset int13h_8_Get_current_drive_parameters
seg000:1176                 dw 91h
seg000:1178                 dw offset int13h_9_Initialize_HDD_table
seg000:117A                 dw 23h
seg000:117C                 dw offset int13h_2_3_4_Read_Write_Verify_disk_sectors
seg000:117E                 dw 33h
seg000:1180                 dw offset int13h_2_3_4_Read_Write_Verify_disk_sectors
seg000:1182                 dw 70h
seg000:1184                 dw offset int13h_C_Seek_to_Cylinder
seg000:1186                 dw 0
seg000:1188                 dw offset int13h_D_Reset_HDD_system
seg000:118A                 dw 0
seg000:118C                 dw offset ide_bad_command_error_code
seg000:118E                 dw 0
seg000:1190                 dw offset ide_bad_command_error_code
seg000:1192                 dw 0
seg000:1194                 dw offset int13h_10_Test_for_drive_ready
seg000:1196                 dw 10h
seg000:1198                 dw offset int13h_11_Recalibrate
seg000:119A                 dw 0
seg000:119C                 dw offset ide_bad_command_error_code
seg000:119E                 dw 0
seg000:11A0                 dw offset ide_bad_command_error_code
seg000:11A2                 dw 90h
seg000:11A4                 dw offset int13h_14_Controller_Internal_Diagnostic
seg000:11A6                 dw 0
seg000:11A8                 dw offset int13h_15_Read_DASD_Type
seg000:11AA
seg000:11AA ; =============== S U B R O U T I N E =======================================
seg000:11AA
seg000:11AA
seg000:11AA int_13h_withHDD_handler proc near       ; DATA XREF: int_13h_withHDD_dispatch+E↑o
seg000:11AA                 mov     ah, [bp+Sanyo_int_stack_frame.reg_ah]
seg000:11AD                 cmp     ah, int13h_16_Disk_change_line_status
seg000:11B0                 jb      short in_range
seg000:11B2                 jmp     ide_bad_command_error_code
seg000:11B5 ; ---------------------------------------------------------------------------
seg000:11B5
seg000:11B5 in_range:                               ; CODE XREF: int_13h_withHDD_handler+6↑j
seg000:11B5                 mov     si, offset int13h_commands_jumptable
seg000:11B8                 mov     al, ah
seg000:11BA                 cbw
seg000:11BB                 shl     ax, 2
seg000:11BE                 add     si, ax
seg000:11C0                 lods    word ptr cs:[si]
seg000:11C2                 mov     si, cs:[si]
seg000:11C5                 jmp     si
seg000:11C5 int_13h_withHDD_handler endp
seg000:11C5
seg000:11C7
seg000:11C7 ; =============== S U B R O U T I N E =======================================
seg000:11C7
seg000:11C7
seg000:11C7 int13h_0_Reset_disk_system proc near    ; DATA XREF: seg000:1154↑o
seg000:11C7                 push    bp
seg000:11C8                 mov     ah, 0
seg000:11CA                 int     40h             ; Hard disk - Relocated Floppy Handler (original INT 13h)
seg000:11CC                 mov     si, IVT_Disk_Parameter_Table1_off
seg000:11CF                 test    dl, 1
seg000:11D2                 jz      short loc_F011D7
seg000:11D4                 mov     si, IVT_Disk_Parameter_Table2_off
seg000:11D7
seg000:11D7 loc_F011D7:                             ; CODE XREF: int13h_0_Reset_disk_system+B↑j
seg000:11D7                 push    ds
seg000:11D8                 mov     ds, cs:IVT_segment
seg000:11DD                 assume ds:nothing
seg000:11DD                 lds     si, [si]
seg000:11DF                 assume ds:nothing
seg000:11DF                 mov     al, [si+FDPT.Control]
seg000:11E2                 pop     ds
seg000:11E3                 mov     ds:BDA_76h_HDD_ctrl_byte, al
seg000:11E6                 call    IDE_RECALIBRATE_both
seg000:11E9                 pop     bp
seg000:11EA                 jmp     loc_F013AB
seg000:11EA int13h_0_Reset_disk_system endp
seg000:11EA
seg000:11ED
seg000:11ED ; =============== S U B R O U T I N E =======================================
seg000:11ED
seg000:11ED
seg000:11ED int13h_1_Get_disk_status proc near      ; DATA XREF: seg000:1158↑o
seg000:11ED                 sub     ax, ax
seg000:11EF                 xchg    al, ds:BDA_74h_HDD_last_op_status
seg000:11F3                 mov     word ptr [bp+Sanyo_int_stack_frame.reg_al], ax
seg000:11F6                 mov     ax, 0FFFEh
seg000:11F9                 jmp     loc_F013BF
seg000:11F9 int13h_1_Get_disk_status endp
seg000:11F9
seg000:11FC
seg000:11FC ; =============== S U B R O U T I N E =======================================
seg000:11FC
seg000:11FC
seg000:11FC int13h_5_Format_disk_track proc near    ; DATA XREF: seg000:1168↑o
seg000:11FC                 mov     si, IVT_Disk_Parameter_Table1_off
seg000:11FF                 test    dl, 1
seg000:1202                 jz      short loc_F01207
seg000:1204                 mov     si, IVT_Disk_Parameter_Table2_off
seg000:1207
seg000:1207 loc_F01207:                             ; CODE XREF: int13h_5_Format_disk_track+6↑j
seg000:1207                 push    ds
seg000:1208                 mov     ds, cs:IVT_segment
seg000:120D                 assume ds:nothing
seg000:120D                 lds     si, [si]
seg000:120F                 assume ds:seg000
seg000:120F                 mov     ah, [si+FDPT.SectorsPerTrack]
seg000:1212                 pop     ds
seg000:1213                 mov     [bp+Sanyo_int_stack_frame.reg_al], ah
seg000:1216                 jmp     int13h_2_3_4_Read_Write_Verify_disk_sectors
seg000:1216 int13h_5_Format_disk_track endp
seg000:1216
seg000:1219                 assume ds:nothing
seg000:1219
seg000:1219 ; =============== S U B R O U T I N E =======================================
seg000:1219
seg000:1219
seg000:1219 int13h_8_Get_current_drive_parameters proc near ; DATA XREF: seg000:1174↑o
seg000:1219                 mov     al, ds:BDA_75h_HDD_count
seg000:121C                 mov     ah, 2
seg000:121E                 xchg    al, [bp+Sanyo_int_stack_frame.reg_dl]
seg000:1221                 and     al, not int13h_HDD0_80h
seg000:1223                 cmp     al, ah
seg000:1225                 jnb     short loc_F0125E
seg000:1227                 mov     cx, cs
seg000:1229                 mov     es, cx
seg000:122B                 assume es:nothing
seg000:122B                 mov     si, IVT_Disk_Parameter_Table1_off
seg000:122E                 shr     al, 1
seg000:1230                 jnb     short loc_F01235
seg000:1232                 mov     si, IVT_Disk_Parameter_Table2_off
seg000:1235
seg000:1235 loc_F01235:                             ; CODE XREF: int13h_8_Get_current_drive_parameters+17↑j
seg000:1235                 push    ds
seg000:1236                 mov     ds, cs:IVT_segment
seg000:123B                 assume ds:nothing
seg000:123B                 lds     si, [si]
seg000:123D                 assume ds:nothing
seg000:123D                 mov     ax, [si+FDPT.Cylinders]
seg000:123F                 sub     ax, 2
seg000:1242                 ror     ah, 1
seg000:1244                 ror     ah, 1
seg000:1246                 xchg    al, ah
seg000:1248                 or      al, [si+FDPT.SectorsPerTrack]
seg000:124B                 mov     word ptr [bp+Sanyo_int_stack_frame.reg_cl], ax
seg000:124E                 mov     al, [si+FDPT.Heads]
seg000:1251                 pop     ds
seg000:1252                 dec     ax
seg000:1253                 mov     [bp+Sanyo_int_stack_frame.reg_dh], al
seg000:1256                 sub     ax, ax
seg000:1258                 mov     ds:BDA_74h_HDD_last_op_status, al
seg000:125B                 jmp     loc_F013B1
seg000:125E ; ---------------------------------------------------------------------------
seg000:125E
seg000:125E loc_F0125E:                             ; CODE XREF: int13h_8_Get_current_drive_parameters+C↑j
seg000:125E                 sub     ax, ax
seg000:1260                 mov     [bp+Sanyo_int_stack_frame.reg_dh], al
seg000:1263                 mov     word ptr [bp+Sanyo_int_stack_frame.reg_cl], ax
seg000:1266                 mov     ah, int13h_7_status_bad_fixed_disk_parameter_table
seg000:1268                 jmp     return_IDE_error_Status
seg000:1268 int13h_8_Get_current_drive_parameters endp
seg000:1268
seg000:126B
seg000:126B ; =============== S U B R O U T I N E =======================================
seg000:126B
seg000:126B
seg000:126B int13h_9_Initialize_HDD_table proc near ; DATA XREF: seg000:1178↑o
seg000:126B                 mov     ah, ds:BDA_75h_HDD_count
seg000:126F                 or      ah, 80h
seg000:1272                 cmp     dl, ah
seg000:1274                 jnb     short ide_bad_command_error_code
seg000:1276                 push    word ptr [bp+Sanyo_int_stack_frame.reg_cl]
seg000:1279                 mov     si, IVT_Disk_Parameter_Table1_off
seg000:127C                 test    dl, 1
seg000:127F                 jz      short loc_F01284
seg000:1281                 mov     si, IVT_Disk_Parameter_Table2_off
seg000:1284
seg000:1284 loc_F01284:                             ; CODE XREF: int13h_9_Initialize_HDD_table+14↑j
seg000:1284                 push    ds
seg000:1285                 mov     ds, cs:IVT_segment
seg000:128A                 assume ds:nothing
seg000:128A                 lds     si, [si]
seg000:128C                 assume ds:nothing
seg000:128C                 mov     dh, [si+FDPT.Heads]
seg000:128F                 dec     dh
seg000:1291                 mov     cl, [si+FDPT.SectorsPerTrack]
seg000:1294                 xor     ch, ch
seg000:1296                 mov     word ptr [bp+Sanyo_int_stack_frame.reg_cl], cx
seg000:1299                 mov     [bp+Sanyo_int_stack_frame.reg_al], cl
seg000:129C                 call    loc_F0134F
seg000:129F                 pop     ds
seg000:12A0                 assume ds:seg000
seg000:12A0                 pop     word ptr [bp+Sanyo_int_stack_frame.reg_cl]
seg000:12A3                 retn
seg000:12A3 int13h_9_Initialize_HDD_table endp
seg000:12A3
seg000:12A4
seg000:12A4 ; =============== S U B R O U T I N E =======================================
seg000:12A4
seg000:12A4
seg000:12A4 int13h_C_Seek_to_Cylinder proc near     ; DATA XREF: seg000:1184↑o
seg000:12A4                 sub     ah, ah
seg000:12A6                 mov     [bp+Sanyo_int_stack_frame.reg_al], ah
seg000:12A9                 jmp     int13h_2_3_4_Read_Write_Verify_disk_sectors
seg000:12A9 int13h_C_Seek_to_Cylinder endp
seg000:12A9
seg000:12AC
seg000:12AC ; =============== S U B R O U T I N E =======================================
seg000:12AC
seg000:12AC
seg000:12AC int13h_D_Reset_HDD_system proc near     ; DATA XREF: seg000:1188↑o
seg000:12AC                 push    bp
seg000:12AD                 call    IDE_RECALIBRATE_both
seg000:12B0                 pop     bp
seg000:12B1                 jmp     loc_F013AB
seg000:12B1 int13h_D_Reset_HDD_system endp
seg000:12B1
seg000:12B4                 assume ds:nothing
seg000:12B4
seg000:12B4 ; =============== S U B R O U T I N E =======================================
seg000:12B4
seg000:12B4
seg000:12B4 int13h_10_Test_for_drive_ready proc near ; DATA XREF: seg000:1194↑o
seg000:12B4                 mov     al, dl
seg000:12B6                 and     al, not int13h_HDD0_80h
seg000:12B8                 cmp     al, ds:BDA_75h_HDD_count
seg000:12BC                 jnb     short ide_bad_command_error_code
seg000:12BE                 or      al, 0Ah
seg000:12C0                 mov     cl, 4
seg000:12C2                 shl     al, cl
seg000:12C4                 mov     ds:BDA_77h_HDD_IO_port, al ; something fishy here
seg000:12C7                 push    bp
seg000:12C8                 call    get_IDE_Status_Drive_ready
seg000:12CB                 pop     bp
seg000:12CC                 jmp     loc_F013B1
seg000:12CC int13h_10_Test_for_drive_ready endp
seg000:12CC
seg000:12CF
seg000:12CF ; =============== S U B R O U T I N E =======================================
seg000:12CF
seg000:12CF
seg000:12CF int13h_11_Recalibrate proc near         ; DATA XREF: seg000:1198↑o
seg000:12CF                 sub     ah, ah
seg000:12D1                 mov     [bp+Sanyo_int_stack_frame.reg_al], ah
seg000:12D4                 mov     dh, ah
seg000:12D6                 jmp     short int13h_2_3_4_Read_Write_Verify_disk_sectors
seg000:12D6 int13h_11_Recalibrate endp
seg000:12D6
seg000:12D8
seg000:12D8 ; =============== S U B R O U T I N E =======================================
seg000:12D8
seg000:12D8
seg000:12D8 ide_bad_command_error_code proc near    ; CODE XREF: int_13h_withHDD_handler+8↑j int13h_9_Initialize_HDD_table+9↑j ...
seg000:12D8                 mov     ah, int13h_1_status_bad_command
seg000:12DA                 jmp     return_IDE_error_Status
seg000:12DA ide_bad_command_error_code endp
seg000:12DA
seg000:12DD
seg000:12DD ; =============== S U B R O U T I N E =======================================
seg000:12DD
seg000:12DD
seg000:12DD int13h_14_Controller_Internal_Diagnostic proc near ; DATA XREF: seg000:11A4↑o
seg000:12DD                 sub     ah, ah
seg000:12DF                 mov     [bp+Sanyo_int_stack_frame.reg_al], ah
seg000:12E2                 mov     dh, ah
seg000:12E4                 jmp     short int13h_2_3_4_Read_Write_Verify_disk_sectors
seg000:12E4 int13h_14_Controller_Internal_Diagnostic endp
seg000:12E4
seg000:12E6
seg000:12E6 ; =============== S U B R O U T I N E =======================================
seg000:12E6
seg000:12E6
seg000:12E6 int13h_15_Read_DASD_Type proc near      ; DATA XREF: seg000:11A8↑o
seg000:12E6                 mov     al, ds:BDA_75h_HDD_count
seg000:12E9                 or      al, int13h_HDD0_80h
seg000:12EB                 cmp     dl, al
seg000:12ED                 jnb     short sub_F01329
seg000:12EF                 mov     si, IVT_Disk_Parameter_Table1_off
seg000:12F2                 shr     dl, 1
seg000:12F4                 jnb     short loc_F012F9
seg000:12F6                 mov     si, IVT_Disk_Parameter_Table2_off
seg000:12F9
seg000:12F9 loc_F012F9:                             ; CODE XREF: int13h_15_Read_DASD_Type+E↑j
seg000:12F9                 push    ds
seg000:12FA                 mov     ds, cs:IVT_segment
seg000:12FF                 assume ds:nothing
seg000:12FF                 lds     si, [si]
seg000:1301                 assume ds:seg000
seg000:1301                 mov     al, [si+FDPT.SectorsPerTrack]
seg000:1304                 mov     ah, [si+FDPT.Heads]
seg000:1307                 push    ds
seg000:1308                 sub     dx, dx
seg000:130A                 mov     ds, cs:BDA_Segment
seg000:130F                 assume ds:nothing
seg000:130F                 mov     ds:BDA_74h_HDD_last_op_status, dl
seg000:1313                 mul     ah
seg000:1315                 pop     ds
seg000:1316                 assume ds:seg000
seg000:1316                 mov     cx, [si+FDPT.Cylinders]
seg000:1318                 pop     ds
seg000:1319                 dec     cx
seg000:131A                 mul     cx
seg000:131C                 mov     word ptr [bp+Sanyo_int_stack_frame.reg_dl], ax
seg000:131F                 mov     word ptr [bp+Sanyo_int_stack_frame.reg_cl], dx
seg000:1322                 mov     ax, 300h
seg000:1325                 clc
seg000:1326                 jmp     loc_F013B1
seg000:1326 int13h_15_Read_DASD_Type endp
seg000:1326
seg000:1329
seg000:1329 ; =============== S U B R O U T I N E =======================================
seg000:1329
seg000:1329
seg000:1329 sub_F01329      proc near               ; CODE XREF: int13h_15_Read_DASD_Type+7↑j
seg000:1329                 sub     ax, ax
seg000:132B                 mov     word ptr [bp+Sanyo_int_stack_frame.reg_cl], ax
seg000:132E                 mov     word ptr [bp+Sanyo_int_stack_frame.reg_dl], ax
seg000:1331                 jmp     loc_F013CC
seg000:1331 sub_F01329      endp
seg000:1331
seg000:1334                 assume ds:nothing
seg000:1334
seg000:1334 ; =============== S U B R O U T I N E =======================================
seg000:1334
seg000:1334
seg000:1334 int13h_2_3_4_Read_Write_Verify_disk_sectors proc near ; CODE XREF: int13h_5_Format_disk_track+1A↑j int13h_C_Seek_to_Cylinder+5↑j ...
seg000:1334                 and     dl, not int13h_HDD0_80h
seg000:1337                 cmp     dl, ds:BDA_75h_HDD_count
seg000:133B                 jnb     short ide_bad_command_error_code
seg000:133D                 mov     si, IVT_Disk_Parameter_Table1_off
seg000:1340                 test    dl, 1
seg000:1343                 jnb     short loc_F01348
seg000:1345                 mov     si, IVT_Disk_Parameter_Table2_off
seg000:1348
seg000:1348 loc_F01348:                             ; CODE XREF: int13h_2_3_4_Read_Write_Verify_disk_sectors+F↑j
seg000:1348                 mov     ds, cs:IVT_segment
seg000:134D                 assume ds:nothing
seg000:134D                 lds     si, [si]
seg000:134F                 assume ds:seg000
seg000:134F
seg000:134F loc_F0134F:                             ; CODE XREF: int13h_9_Initialize_HDD_table+31↑p
seg000:134F                 std
seg000:1350                 mov     di, BDA_48h_IDE_1F7h_Command
seg000:1353                 push    es
seg000:1354                 mov     es, cs:BDA_Segment
seg000:1359                 assume es:nothing
seg000:1359                 stosb
seg000:135A                 or      dl, 0Ah
seg000:135D                 mov     cl, 4
seg000:135F                 shl     dl, cl
seg000:1361                 xchg    al, dh
seg000:1363                 or      al, dl
seg000:1365                 stosb
seg000:1366                 mov     ax, word ptr [bp+Sanyo_int_stack_frame.reg_cl]
seg000:1369                 mov     ch, al
seg000:136B                 rol     al, 1
seg000:136D                 rol     al, 1
seg000:136F                 and     al, 3
seg000:1371                 stosb
seg000:1372                 mov     al, ah
seg000:1374                 stosb
seg000:1375                 mov     al, ch
seg000:1377                 and     al, 3Fh
seg000:1379                 stosb
seg000:137A                 mov     al, [bp+Sanyo_int_stack_frame.reg_al]
seg000:137D                 mov     ah, 81h
seg000:137F                 test    dh, 2
seg000:1382                 jz      short loc_F01386
seg000:1384                 dec     ah
seg000:1386
seg000:1386 loc_F01386:                             ; CODE XREF: int13h_2_3_4_Read_Write_Verify_disk_sectors+4E↑j
seg000:1386                 cmp     al, ah
seg000:1388                 jnb     short loc_F013C3
seg000:138A                 stosb
seg000:138B                 mov     ax, [si+FDPT.PrecompCyl]
seg000:138E                 mov     ds, cs:BDA_Segment
seg000:1393                 assume ds:nothing
seg000:1393                 shr     ax, 1
seg000:1395                 shr     ax, 1
seg000:1397                 stosb
seg000:1398                 cld
seg000:1399                 pop     ax
seg000:139A                 mov     dx, bx
seg000:139C                 and     bx, 0Fh
seg000:13A0                 shr     dx, cl
seg000:13A2                 add     ax, dx
seg000:13A4                 mov     es, ax
seg000:13A6                 assume es:seg000
seg000:13A6                 push    bp
seg000:13A7                 call    IDE_dispatch
seg000:13AA                 pop     bp
seg000:13AB
seg000:13AB loc_F013AB:                             ; CODE XREF: int13h_0_Reset_disk_system+23↑j int13h_D_Reset_HDD_system+5↑j ...
seg000:13AB                 mov     al, 0
seg000:13AD                 mov     ah, ds:BDA_74h_HDD_last_op_status
seg000:13B1
seg000:13B1 loc_F013B1:                             ; CODE XREF: int13h_8_Get_current_drive_parameters+42↑j int13h_10_Test_for_drive_ready+18↑j ...
seg000:13B1                 mov     word ptr [bp+Sanyo_int_stack_frame.reg_al], ax
seg000:13B4                 mov     ax, 1
seg000:13B7                 jnb     short loc_F013BD
seg000:13B9                 or      [bp+Sanyo_int_stack_frame.int_cs], ax
seg000:13BC                 retn
seg000:13BD ; ---------------------------------------------------------------------------
seg000:13BD
seg000:13BD loc_F013BD:                             ; CODE XREF: int13h_2_3_4_Read_Write_Verify_disk_sectors+83↑j
seg000:13BD                 not     ax
seg000:13BF
seg000:13BF loc_F013BF:                             ; CODE XREF: int13h_1_Get_disk_status+C↑j
seg000:13BF                 and     [bp+Sanyo_int_stack_frame.int_cs], ax
seg000:13C2                 retn
seg000:13C3 ; ---------------------------------------------------------------------------
seg000:13C3
seg000:13C3 loc_F013C3:                             ; CODE XREF: int13h_2_3_4_Read_Write_Verify_disk_sectors+54↑j
seg000:13C3                 mov     ds, cs:BDA_Segment
seg000:13C8                 pop     es
seg000:13C9                 mov     ah, int13h_9_status_data_boundary_error
seg000:13CB
seg000:13CB return_IDE_error_Status:                ; CODE XREF: int13h_8_Get_current_drive_parameters+4F↑j ide_bad_command_error_code+2↑j
seg000:13CB                 stc
seg000:13CC
seg000:13CC loc_F013CC:                             ; CODE XREF: sub_F01329+8↑j
seg000:13CC                 mov     ds:BDA_74h_HDD_last_op_status, ah
seg000:13D0                 jmp     short loc_F013AB
seg000:13D0 int13h_2_3_4_Read_Write_Verify_disk_sectors endp
seg000:13D0
seg000:13D2
seg000:13D2 ; =============== S U B R O U T I N E =======================================
seg000:13D2
seg000:13D2
seg000:13D2 IDE_dispatch    proc near               ; CODE XREF: int13h_2_3_4_Read_Write_Verify_disk_sectors+73↑p IDE_RECALIBRATE+28↓p ...
seg000:13D2                 mov     ds, cs:BDA_Segment
seg000:13D7                 mov     al, ds:BDA_48h_IDE_1F7h_Command
seg000:13DA                 mov     ah, al
seg000:13DC                 mov     cl, 4
seg000:13DE                 shr     al, cl
seg000:13E0                 cmp     al, 9
seg000:13E2                 ja      short INVALID_FUNC
seg000:13E4                 jnz     short loc_F013EB
seg000:13E6                 and     ah, 1
seg000:13E9                 add     al, ah
seg000:13EB
seg000:13EB loc_F013EB:                             ; CODE XREF: IDE_dispatch+12↑j
seg000:13EB                 xor     ah, ah
seg000:13ED                 add     ax, ax
seg000:13EF                 push    ax
seg000:13F0                 call    set_IDE_Precomp
seg000:13F3                 pop     si
seg000:13F4                 jb      short error
seg000:13F6                 jmp     cs:off_F01652[si]
seg000:13FB ; ---------------------------------------------------------------------------
seg000:13FB
seg000:13FB INVALID_FUNC:                           ; CODE XREF: IDE_dispatch+10↑j IDE_dispatch+24↑j
seg000:13FB                                         ; DATA XREF: ...
seg000:13FB                 mov     byte ptr ds:BDA_74h_HDD_last_op_status, BDA_74h_status_1_INVALID_FUNC
seg000:1400
seg000:1400 error:                                  ; CODE XREF: IDE_dispatch+22↑j
seg000:1400                 stc
seg000:1401                 retn
seg000:1402 ; ---------------------------------------------------------------------------
seg000:1402
seg000:1402 loc_F01402:                             ; DATA XREF: seg000:off_F01652↓o
seg000:1402                 mov     di, bx
seg000:1404                 mov     cl, ds:BDA_43h_IDE_1F2h_Sector_Count
seg000:1408                 xor     ch, ch
seg000:140A
seg000:140A loc_F0140A:                             ; CODE XREF: IDE_dispatch:loc_F0145A↓j
seg000:140A                 call    call_int15h_disk
seg000:140D                 jnb     short loc_F01410
seg000:140F                 retn
seg000:1410 ; ---------------------------------------------------------------------------
seg000:1410
seg000:1410 loc_F01410:                             ; CODE XREF: IDE_dispatch+3B↑j
seg000:1410                 push    cx
seg000:1411                 mov     cx, 256
seg000:1414                 mov     dx, IO_Port_1F0h_IDE_0_Data
seg000:1417                 rep insw
seg000:1419                 pop     cx
seg000:141A                 test    byte ptr ds:BDA_48h_IDE_1F7h_Command, IO_Port_1F7h_IDE_0_Status_Index
seg000:141F                 jnz     short loc_F01423
seg000:1421                 jz      short loc_F0144D
seg000:1423
seg000:1423 loc_F01423:                             ; CODE XREF: IDE_dispatch+4D↑j
seg000:1423                 xor     bp, bp
seg000:1425                 mov     dx, IO_Port_1F7h_IDE_0_Status
seg000:1428
seg000:1428 loc_F01428:                             ; CODE XREF: IDE_dispatch+65↓j
seg000:1428                 in      al, dx
seg000:1429                 push    ax
seg000:142A                 pop     ax
seg000:142B                 test    al, 1
seg000:142D                 jz      short loc_F01432
seg000:142F                 jmp     IDE_error_status
seg000:1432 ; ---------------------------------------------------------------------------
seg000:1432
seg000:1432 loc_F01432:                             ; CODE XREF: IDE_dispatch+5B↑j
seg000:1432                 test    al, 8
seg000:1434                 jnz     short loc_F01441
seg000:1436                 dec     bp
seg000:1437                 jnz     short loc_F01428
seg000:1439                 mov     byte ptr ds:BDA_74h_HDD_last_op_status, BDA_74h_status_80_TIMEOUT
seg000:143E                 stc
seg000:143F                 pop     cx
seg000:1440                 retn
seg000:1441 ; ---------------------------------------------------------------------------
seg000:1441
seg000:1441 loc_F01441:                             ; CODE XREF: IDE_dispatch+62↑j
seg000:1441                 push    cx
seg000:1442                 mov     cx, 4
seg000:1445                 mov     dx, IO_Port_1F0h_IDE_0_Data
seg000:1448
seg000:1448 loc_F01448:                             ; CODE XREF: IDE_dispatch+78↓j
seg000:1448                 in      al, dx
seg000:1449                 stosb
seg000:144A                 loop    loc_F01448
seg000:144C                 pop     cx
seg000:144D
seg000:144D loc_F0144D:                             ; CODE XREF: IDE_dispatch+4F↑j
seg000:144D                 mov     dx, IO_Port_1F7h_IDE_0_Command
seg000:1450                 in      al, dx
seg000:1451                 push    ax
seg000:1452                 pop     ax
seg000:1453                 test    al, 1
seg000:1455                 jz      short loc_F0145A
seg000:1457                 jmp     IDE_error_status
seg000:145A ; ---------------------------------------------------------------------------
seg000:145A
seg000:145A loc_F0145A:                             ; CODE XREF: IDE_dispatch+83↑j
seg000:145A                 loop    loc_F0140A
seg000:145C                 mov     byte ptr ds:BDA_74h_HDD_last_op_status, BDA_74h_status_0_OK
seg000:1461                 retn
seg000:1462 ; ---------------------------------------------------------------------------
seg000:1462
seg000:1462 loc_F01462:                             ; DATA XREF: seg000:off_F01652↓o
seg000:1462                 mov     si, bx
seg000:1464                 call    get_IDE_status
seg000:1467
seg000:1467 IDE_write_sector:                       ; CODE XREF: IDE_dispatch+D1↓j
seg000:1467                 push    ds
seg000:1468                 mov     cx, 256
seg000:146B                 mov     dx, IO_Port_1F0h_IDE_0_Data
seg000:146E                 mov     ax, es
seg000:1470                 mov     ds, ax
seg000:1472                 assume ds:seg000
seg000:1472                 rep outsw
seg000:1474                 pop     ds
seg000:1475                 assume ds:nothing
seg000:1475                 test    byte ptr ds:BDA_48h_IDE_1F7h_Command, 2
seg000:147A                 jnz     short loc_F0147E
seg000:147C                 jz      short loc_F0148E
seg000:147E
seg000:147E loc_F0147E:                             ; CODE XREF: IDE_dispatch+A8↑j
seg000:147E                 call    get_IDE_status
seg000:1481                 mov     cx, 4
seg000:1484                 mov     dx, IO_Port_1F0h_IDE_0_Data
seg000:1487
seg000:1487 loc_F01487:                             ; CODE XREF: IDE_dispatch+BA↓j
seg000:1487                 mov     al, es:[si]
seg000:148A                 out     dx, al
seg000:148B                 inc     si
seg000:148C                 loop    loc_F01487
seg000:148E
seg000:148E loc_F0148E:                             ; CODE XREF: IDE_dispatch+AA↑j
seg000:148E                 call    call_int15h_disk
seg000:1491                 jnb     short loc_F01494
seg000:1493                 retn
seg000:1494 ; ---------------------------------------------------------------------------
seg000:1494
seg000:1494 loc_F01494:                             ; CODE XREF: IDE_dispatch+BF↑j
seg000:1494                 mov     dx, IO_Port_1F7h_IDE_0_Status
seg000:1497                 in      al, dx
seg000:1498                 push    ax
seg000:1499                 pop     ax
seg000:149A                 test    al, IO_Port_1F7h_IDE_0_Status_Error
seg000:149C                 jz      short loc_F014A1
seg000:149E                 jmp     short IDE_error_status
seg000:14A0 ; ---------------------------------------------------------------------------
seg000:14A0                 nop
seg000:14A1
seg000:14A1 loc_F014A1:                             ; CODE XREF: IDE_dispatch+CA↑j
seg000:14A1                 test    al, 8
seg000:14A3                 jnz     short IDE_write_sector
seg000:14A5                 mov     byte ptr ds:BDA_74h_HDD_last_op_status, BDA_74h_status_0_OK
seg000:14AA                 retn
seg000:14AB ; ---------------------------------------------------------------------------
seg000:14AB
seg000:14AB loc_F014AB:                             ; DATA XREF: seg000:off_F01652↓o
seg000:14AB                 call    call_int15h_disk
seg000:14AE                 jnb     short loc_F014B8
seg000:14B0                 retn
seg000:14B1 ; ---------------------------------------------------------------------------
seg000:14B1
seg000:14B1 loc_F014B1:                             ; CODE XREF: IDE_dispatch+E4↓j
seg000:14B1                                         ; DATA XREF: seg000:off_F01652↓o
seg000:14B1                 test    byte ptr ds:BDA_8Eh_HDD_task_complete_flag, 80h
seg000:14B6                 jz      short loc_F014B1
seg000:14B8
seg000:14B8 loc_F014B8:                             ; CODE XREF: IDE_dispatch+DC↑j
seg000:14B8                 mov     dx, IO_Port_1F7h_IDE_0_Status
seg000:14BB                 in      al, dx
seg000:14BC                 push    ax
seg000:14BD                 pop     ax
seg000:14BE                 test    al, IO_Port_1F7h_IDE_0_Status_Error
seg000:14C0                 jnz     short IDE_error_status
seg000:14C2                 mov     byte ptr ds:BDA_74h_HDD_last_op_status, BDA_74h_status_0_OK
seg000:14C7                 retn
seg000:14C8 ; ---------------------------------------------------------------------------
seg000:14C8
seg000:14C8 loc_F014C8:                             ; DATA XREF: seg000:off_F01652↓o
seg000:14C8                 call    wait_IDE_ready
seg000:14CB                 mov     dx, IO_Port_1F1h_IDE_0_Error_Precomp
seg000:14CE                 in      al, dx
seg000:14CF                 mov     ds:BDA_8Dh_HDD_ERROR_byte, al
seg000:14D2                 test    al, BDA_8Dh_HDD_ERROR_ADDR_MARK
seg000:14D4                 jz      short CONTROLLER_FAILURE
seg000:14D6                 mov     byte ptr ds:BDA_74h_HDD_last_op_status, BDA_74h_status_0_OK
seg000:14DB                 retn
seg000:14DC ; ---------------------------------------------------------------------------
seg000:14DC
seg000:14DC CONTROLLER_FAILURE:                     ; CODE XREF: IDE_dispatch+102↑j
seg000:14DC                 mov     byte ptr ds:BDA_74h_HDD_last_op_status, BDA_74h_status_20_CONTROLLER_FAILURE
seg000:14E1                 stc
seg000:14E2                 retn
seg000:14E2 IDE_dispatch    endp ; sp-analysis failed
seg000:14E2
seg000:14E3
seg000:14E3 ; =============== S U B R O U T I N E =======================================
seg000:14E3
seg000:14E3
seg000:14E3 set_IDE_Precomp proc near               ; CODE XREF: IDE_dispatch+1E↑p
seg000:14E3                 mov     byte ptr ds:BDA_8Eh_HDD_task_complete_flag, 0
seg000:14E8                 call    wait_IDE_ready
seg000:14EB                 call    enable_IRQ14_PRIMARY_IDE
seg000:14EE                 mov     cx, 7
seg000:14F1                 mov     dx, IO_Port_1F1h_IDE_0_Error_Precomp
seg000:14F4                 mov     si, BDA_42h_IDE_1F1h_PrecompCyl
seg000:14F7
seg000:14F7 write_loop:                             ; CODE XREF: set_IDE_Precomp+16↓j
seg000:14F7                 outsb
seg000:14F8                 inc     dx
seg000:14F9                 loop    write_loop
seg000:14FB                 retn
seg000:14FB set_IDE_Precomp endp
seg000:14FB
seg000:14FC
seg000:14FC ; =============== S U B R O U T I N E =======================================
seg000:14FC
seg000:14FC
seg000:14FC enable_IRQ14_PRIMARY_IDE proc near      ; CODE XREF: set_IDE_Precomp+8↑p IDE_RECALIBRATE_both+5↓p ...
seg000:14FC                 mov     dx, IO_Port_A1h_PIC2_Interrupt_Mask
seg000:14FF                 in      al, dx
seg000:1500                 and     al, not (IO_Port_A1h_PIC2_I_IRQ14_PRIMARY_IDE)
seg000:1502                 jmp     short $+2
seg000:1504 ; ---------------------------------------------------------------------------
seg000:1504
seg000:1504 delay:                                  ; CODE XREF: enable_IRQ14_PRIMARY_IDE+6↑j
seg000:1504                 out     dx, al
seg000:1505                 jmp     short $+2
seg000:1507 ; ---------------------------------------------------------------------------
seg000:1507
seg000:1507 delay1:                                 ; CODE XREF: enable_IRQ14_PRIMARY_IDE+9↑j
seg000:1507                 mov     dx, IO_Port_21h_PIC1_Interrupt_Mask
seg000:150A                 in      al, dx
seg000:150B                 and     al, not (IO_Port_21h_PIC1_I_IRQ2_CASCADE)
seg000:150D                 jmp     short $+2
seg000:150F ; ---------------------------------------------------------------------------
seg000:150F
seg000:150F delay2:                                 ; CODE XREF: enable_IRQ14_PRIMARY_IDE+11↑j
seg000:150F                 out     dx, al
seg000:1510                 retn
seg000:1510 enable_IRQ14_PRIMARY_IDE endp
seg000:1510
seg000:1511
seg000:1511 ; =============== S U B R O U T I N E =======================================
seg000:1511
seg000:1511
seg000:1511 IDE_error_status proc near              ; CODE XREF: IDE_dispatch+5D↑j IDE_dispatch+85↑j ...
seg000:1511                 push    cx
seg000:1512                 mov     cx, 20
seg000:1515
seg000:1515 delay_loop:                             ; CODE XREF: IDE_error_status:delay_loop↓j
seg000:1515                 loop    delay_loop
seg000:1517                 pop     cx
seg000:1518                 mov     dx, IO_Port_1F1h_IDE_0_Error_Precomp
seg000:151B                 in      al, dx
seg000:151C                 mov     ah, al
seg000:151E                 mov     al, int13h_2_status_address_mark_not_found
seg000:1520                 test    ah, BDA_8Dh_HDD_ERROR_ADDR_MARK
seg000:1523                 jnz     short loc_F01543
seg000:1525                 mov     al, int13h_40_status_seek_failed
seg000:1527                 test    ah, BDA_8Dh_HDD_ERROR_TRACK0_not_found
seg000:152A                 jnz     short loc_F01543
seg000:152C                 mov     al, int13h_1_status_bad_command
seg000:152E                 test    ah, BDA_8Dh_HDD_ERROR_CMD_ABORT
seg000:1531                 jnz     short loc_F01543
seg000:1533                 mov     al, int13h_4_status_sector_not_found
seg000:1535                 test    ah, BDA_8Dh_HDD_ERROR_SECTOR_NOT_FOUND
seg000:1538                 jnz     short loc_F01543
seg000:153A                 mov     al, int13h_10_status_CRC_or_ECC_error_on_read
seg000:153C                 test    ah, BDA_8Dh_HDD_ERROR_ECC_ERROR
seg000:153F                 jnz     short loc_F01543
seg000:1541                 mov     al, int13h_A_status_bad_harddisk_sector_detected
seg000:1543
seg000:1543 loc_F01543:                             ; CODE XREF: IDE_error_status+12↑j IDE_error_status+19↑j ...
seg000:1543                 mov     ds:BDA_74h_HDD_last_op_status, al
seg000:1546                 stc
seg000:1547                 retn
seg000:1547 IDE_error_status endp
seg000:1547
seg000:1548
seg000:1548 ; =============== S U B R O U T I N E =======================================
seg000:1548
seg000:1548
seg000:1548 IDE_RECALIBRATE_both proc near          ; CODE XREF: int13h_0_Reset_disk_system+1F↑p int13h_D_Reset_HDD_system+1↑p
seg000:1548                 mov     ds, cs:BDA_Segment
seg000:154D                 call    enable_IRQ14_PRIMARY_IDE
seg000:1550                 mov     dx, IO_Port_3F6h_IDE_0_Dev_Control
seg000:1553                 mov     al, IO_Port_3F6h_Ctrl_Software_Reset
seg000:1555                 out     dx, al
seg000:1556                 mov     cx, 256
seg000:1559
seg000:1559 delay_loop:                             ; CODE XREF: IDE_RECALIBRATE_both:delay_loop↓j
seg000:1559                 loop    delay_loop
seg000:155B                 mov     al, ds:BDA_76h_HDD_ctrl_byte
seg000:155E                 and     al, 0Fh
seg000:1560                 out     dx, al
seg000:1561                 call    wait_IDE_ready
seg000:1564                 mov     dx, IO_Port_1F1h_IDE_0_Error_Precomp
seg000:1567                 in      al, dx
seg000:1568                 test    al, 1
seg000:156A                 jz      short error
seg000:156C                 mov     al, 0A0h
seg000:156E                 mov     si, IVT_Disk_Parameter_Table1_off
seg000:1571                 call    IDE_RECALIBRATE
seg000:1574                 cmp     byte ptr ds:BDA_75h_HDD_count, 2
seg000:1579                 jnz     short end
seg000:157B                 mov     al, 0B0h
seg000:157D                 mov     si, IVT_Disk_Parameter_Table2_off
seg000:1580                 call    IDE_RECALIBRATE
seg000:1583
seg000:1583 end:                                    ; CODE XREF: IDE_RECALIBRATE_both+31↑j
seg000:1583                 mov     byte ptr ds:BDA_74h_HDD_last_op_status, BDA_74h_status_0_OK
seg000:1588                 clc
seg000:1589                 retn
seg000:158A ; ---------------------------------------------------------------------------
seg000:158A
seg000:158A error:                                  ; CODE XREF: IDE_RECALIBRATE_both+22↑j
seg000:158A                 mov     byte ptr ds:BDA_74h_HDD_last_op_status, BDA_74h_status_20_CONTROLLER_FAILURE
seg000:158F                 stc
seg000:1590                 retn
seg000:1590 IDE_RECALIBRATE_both endp
seg000:1590
seg000:1591
seg000:1591 ; =============== S U B R O U T I N E =======================================
seg000:1591
seg000:1591
seg000:1591 IDE_RECALIBRATE proc near               ; CODE XREF: IDE_RECALIBRATE_both+29↑p IDE_RECALIBRATE_both+38↑p
seg000:1591                 push    es
seg000:1592                 push    ds
seg000:1593                 push    ax
seg000:1594                 xor     ax, ax
seg000:1596                 mov     ds, ax
seg000:1598                 assume ds:nothing
seg000:1598                 pop     ax
seg000:1599                 les     si, [si]
seg000:159B                 assume es:nothing, ds:nothing
seg000:159B                 pop     ds
seg000:159C                 assume ds:nothing
seg000:159C                 mov     ah, es:[si+FDPT.Heads]
seg000:15A0                 dec     ah
seg000:15A2                 add     al, ah
seg000:15A4                 mov     ds:BDA_47h_IDE_1F6h_Drive_Head, al
seg000:15A7                 mov     al, es:[si+FDPT.SectorsPerTrack]
seg000:15AB                 mov     ds:BDA_43h_IDE_1F2h_Sector_Count, al
seg000:15AE                 mov     byte ptr ds:BDA_45h_IDE_1F4h_Cyl_Low, 0
seg000:15B3                 mov     byte ptr ds:BDA_48h_IDE_1F7h_Command, 91h
seg000:15B8                 pop     es
seg000:15B9                 assume es:seg000
seg000:15B9                 call    IDE_dispatch
seg000:15BC                 jnb     short loc_F015BF
seg000:15BE
seg000:15BE error:                                  ; CODE XREF: IDE_RECALIBRATE+36↓j
seg000:15BE                 retn
seg000:15BF ; ---------------------------------------------------------------------------
seg000:15BF
seg000:15BF loc_F015BF:                             ; CODE XREF: IDE_RECALIBRATE+2B↑j
seg000:15BF                 mov     byte ptr ds:BDA_48h_IDE_1F7h_Command, IDE_CMD_10_RECALIBRATE
seg000:15C4                 call    IDE_dispatch
seg000:15C7                 jb      short error
seg000:15C9                 call    call_int15h_disk
seg000:15CC                 retn
seg000:15CC IDE_RECALIBRATE endp
seg000:15CC
seg000:15CD
seg000:15CD ; =============== S U B R O U T I N E =======================================
seg000:15CD
seg000:15CD
seg000:15CD get_IDE_Status_Drive_ready proc near    ; CODE XREF: int13h_10_Test_for_drive_ready+14↑p
seg000:15CD                 mov     ds, cs:BDA_Segment
seg000:15D2                 call    wait_IDE_ready
seg000:15D5                 mov     dx, IO_Port_1F6h_IDE_0_Drive_Head
seg000:15D8                 mov     al, ds:BDA_47h_IDE_1F6h_Drive_Head
seg000:15DB                 out     dx, al
seg000:15DC                 inc     dx
seg000:15DD                 jmp     short loc_F015E0
seg000:15DF ; ---------------------------------------------------------------------------
seg000:15DF                 nop
seg000:15E0
seg000:15E0 loc_F015E0:                             ; CODE XREF: get_IDE_Status_Drive_ready+10↑j
seg000:15E0                 in      al, dx          ; IO_Port_1F7h_IDE_0_Status
seg000:15E1                 test    al, IO_Port_1F7h_IDE_0_Status_Drive_ready
seg000:15E3                 jnz     short end
seg000:15E5                 mov     ah, BDA_74h_status_AA_DRIVE_NOT_READY
seg000:15E7                 mov     ds:BDA_74h_HDD_last_op_status, ah
seg000:15EB                 stc
seg000:15EC                 retn
seg000:15ED ; ---------------------------------------------------------------------------
seg000:15ED
seg000:15ED end:                                    ; CODE XREF: get_IDE_Status_Drive_ready+16↑j
seg000:15ED                 xor     ah, ah
seg000:15EF                 mov     ds:BDA_74h_HDD_last_op_status, ah
seg000:15F3                 retn
seg000:15F3 get_IDE_Status_Drive_ready endp
seg000:15F3
seg000:15F4
seg000:15F4 ; =============== S U B R O U T I N E =======================================
seg000:15F4
seg000:15F4
seg000:15F4 call_int15h_disk proc near              ; CODE XREF: IDE_dispatch:loc_F0140A↑p IDE_dispatch:loc_F0148E↑p ...
seg000:15F4                 sti
seg000:15F5                 clc
seg000:15F6                 push    bx
seg000:15F7                 mov     ax, int15h_9000_fixed_disk_Device_Busy
seg000:15FA                 mov     bx, IVT_SYSTEM_SERVICES_off
seg000:15FD                 call    call_IVT_off_BX_with_AX
seg000:1600                 pop     bx
seg000:1601                 jb      short TIMEOUT
seg000:1603                 mov     bp, 32
seg000:1606
seg000:1606 HDD_task_complete_flag_loop_outer:      ; CODE XREF: call_int15h_disk+1F↓j
seg000:1606                 xor     dx, dx
seg000:1608
seg000:1608 HDD_task_complete_flag_loop:            ; CODE XREF: call_int15h_disk+1C↓j
seg000:1608                 test    byte ptr ds:BDA_8Eh_HDD_task_complete_flag, 80h
seg000:160D                 jnz     short end
seg000:160F                 dec     dx
seg000:1610                 jnz     short HDD_task_complete_flag_loop
seg000:1612                 dec     bp
seg000:1613                 jnz     short HDD_task_complete_flag_loop_outer
seg000:1615
seg000:1615 TIMEOUT:                                ; CODE XREF: call_int15h_disk+D↑j
seg000:1615                 mov     byte ptr ds:BDA_74h_HDD_last_op_status, BDA_74h_status_80_TIMEOUT
seg000:161A                 stc
seg000:161B                 pop     dx
seg000:161C
seg000:161C end:                                    ; CODE XREF: call_int15h_disk+19↑j
seg000:161C                 mov     byte ptr ds:BDA_8Eh_HDD_task_complete_flag, 0
seg000:1621                 retn
seg000:1621 call_int15h_disk endp ; sp-analysis failed
seg000:1621
seg000:1622
seg000:1622 ; =============== S U B R O U T I N E =======================================
seg000:1622
seg000:1622
seg000:1622 get_IDE_status  proc near               ; CODE XREF: IDE_dispatch+92↑p IDE_dispatch:loc_F0147E↑p
seg000:1622                 xor     bp, bp
seg000:1624                 mov     dx, IO_Port_1F7h_IDE_0_Status
seg000:1627
seg000:1627 IDE_Status_ready_loop:                  ; CODE XREF: get_IDE_status+B↓j
seg000:1627                 in      al, dx
seg000:1628                 test    al, IO_Port_1F7h_IDE_0_Status_Data_Request_ready
seg000:162A                 jnz     short end
seg000:162C                 dec     bp
seg000:162D                 jnz     short IDE_Status_ready_loop
seg000:162F                 mov     byte ptr ds:BDA_74h_HDD_last_op_status, BDA_74h_status_80_TIMEOUT
seg000:1634                 stc
seg000:1635                 pop     cx
seg000:1636
seg000:1636 end:                                    ; CODE XREF: get_IDE_status+8↑j
seg000:1636                 retn
seg000:1636 get_IDE_status  endp ; sp-analysis failed
seg000:1636
seg000:1637
seg000:1637 ; =============== S U B R O U T I N E =======================================
seg000:1637
seg000:1637
seg000:1637 wait_IDE_ready  proc near               ; CODE XREF: IDE_dispatch:loc_F014C8↑p set_IDE_Precomp+5↑p ...
seg000:1637                 mov     ah, 48
seg000:1639                 xor     bp, bp
seg000:163B                 mov     dx, IO_Port_1F7h_IDE_0_Status
seg000:163E
seg000:163E IDE_Status_Busy_loop:                   ; CODE XREF: wait_IDE_ready+D↓j wait_IDE_ready+11↓j
seg000:163E                 in      al, dx
seg000:163F                 test    al, IO_Port_1F7h_IDE_0_Status_Busy
seg000:1641                 jz      short end
seg000:1643                 dec     bp
seg000:1644                 jnz     short IDE_Status_Busy_loop
seg000:1646                 dec     ah
seg000:1648                 jnz     short IDE_Status_Busy_loop
seg000:164A                 mov     byte ptr ds:BDA_74h_HDD_last_op_status, BDA_74h_status_80_TIMEOUT
seg000:164F                 stc
seg000:1650                 pop     cx
seg000:1651
seg000:1651 end:                                    ; CODE XREF: wait_IDE_ready+A↑j
seg000:1651                 retn
seg000:1651 wait_IDE_ready  endp ; sp-analysis failed
seg000:1651
seg000:1651 ; ---------------------------------------------------------------------------
seg000:1652 off_F01652      dw offset INVALID_FUNC  ; 0 ; DATA XREF: IDE_dispatch+24↑r
seg000:1654                 dw offset loc_F014B1    ; 1
seg000:1656                 dw offset loc_F01402    ; 2
seg000:1658                 dw offset loc_F01462    ; 3
seg000:165A                 dw offset loc_F014AB    ; 4
seg000:165C                 dw offset loc_F01462    ; 5
seg000:165E                 dw offset INVALID_FUNC  ; 6
seg000:1660                 dw offset loc_F014AB    ; 7
seg000:1662                 dw offset INVALID_FUNC  ; 8
seg000:1664                 dw offset loc_F014C8    ; 9
seg000:1666                 dw offset loc_F014AB    ; 0Ah
seg000:1668
seg000:1668 ; =============== S U B R O U T I N E =======================================
seg000:1668
seg000:1668 ; Attributes: bp-based frame
seg000:1668
seg000:1668 int_13h_diskIO  proc near               ; CODE XREF: j_int_13h_diskIO↓J
seg000:1668
seg000:1668 var_s0          = byte ptr  0
seg000:1668
seg000:1668                 push    bp
seg000:1669                 mov     bp, sp
seg000:166B                 sub     bp, 17h
seg000:166E                 and     [bp+var_s0], 5Fh
seg000:1672                 pop     bp
seg000:1673                 cld
seg000:1674                 call    jump_trampoline_
seg000:1674 ; ---------------------------------------------------------------------------
seg000:1677                 db 19h
seg000:1678                 dw offset int_13h_0_FDD_reset; 0
seg000:167A                 dw offset int_13h_1_FDD_get_floppy_status; 1
seg000:167C                 dw offset int_13h_2345_FDD_read_write_verify_format_track; 2
seg000:167E                 dw offset int_13h_2345_FDD_read_write_verify_format_track; 3
seg000:1680                 dw offset int_13h_2345_FDD_read_write_verify_format_track; 4
seg000:1682                 dw offset int_13h_2345_FDD_read_write_verify_format_track; 5
seg000:1684                 dw offset int_13h_FDD_bad_command_error_code; 6
seg000:1686                 dw offset int_13h_FDD_bad_command_error_code; 7
seg000:1688                 dw offset int_13h_8_FDD_Get_drive_parameters; 8
seg000:168A                 dw offset int_13h_FDD_bad_command_error_code; 9
seg000:168C                 dw offset int_13h_FDD_bad_command_error_code; 0Ah
seg000:168E                 dw offset int_13h_FDD_bad_command_error_code; 0Bh
seg000:1690                 dw offset int_13h_FDD_bad_command_error_code; 0Ch
seg000:1692                 dw offset int_13h_FDD_bad_command_error_code; 0Dh
seg000:1694                 dw offset int_13h_FDD_bad_command_error_code; 0Eh
seg000:1696                 dw offset int_13h_FDD_bad_command_error_code; 0Fh
seg000:1698                 dw offset int_13h_FDD_bad_command_error_code; 10h
seg000:169A                 dw offset int_13h_FDD_bad_command_error_code; 11h
seg000:169C                 dw offset int_13h_FDD_bad_command_error_code; 12h
seg000:169E                 dw offset int_13h_FDD_bad_command_error_code; 13h
seg000:16A0                 dw offset int_13h_FDD_bad_command_error_code; 14h
seg000:16A2                 dw offset int_13h_15h_FDD_Read_disk_type; 15h
seg000:16A4                 dw offset int_13h_16h_FDD_Disk_change_line_status; 16h
seg000:16A6                 dw offset int_13h_17h_FDD_Set_dasd_type_for_format; 17h
seg000:16A8                 dw offset int_13h_18h_FDD_Set_media_type_for_format; 18h
seg000:16AA                 dw offset int_13h_FDD_bad_command_error_code; 19h
seg000:16AC ; ---------------------------------------------------------------------------
seg000:16AC
seg000:16AC int_13h_diskIO_handler_finish:
seg000:16AC                 mov     byte ptr ds:BDA_40h_floppy_motor_timeout, 36h
seg000:16B1                 call    FDC_clear_BUSY
seg000:16B4                 and     byte ptr ds:BDA_3Eh_floppy_calibration_status, not (BDA_3Eh_Working_interrupt_flag)
seg000:16B9                 retn
seg000:16B9 int_13h_diskIO  endp ; sp-analysis failed
seg000:16B9
seg000:16BA
seg000:16BA ; =============== S U B R O U T I N E =======================================
seg000:16BA
seg000:16BA
seg000:16BA FDC_clear_BUSY  proc near               ; CODE XREF: int_13h_diskIO+49↑p
seg000:16BA                 mov     cx, 65535
seg000:16BD                 mov     dx, IO_Port_3F4h_FDD_Main_Status
seg000:16C0
seg000:16C0 FDC_BUSY_loop:                          ; CODE XREF: FDC_clear_BUSY+E↓j
seg000:16C0                 in      al, dx
seg000:16C1                 test    al, IO_Port_3F4h_FDC_MSR_BUSY
seg000:16C3                 jz      short end
seg000:16C5                 call    FDC_read_if_ready
seg000:16C8                 loop    FDC_BUSY_loop
seg000:16CA
seg000:16CA end:                                    ; CODE XREF: FDC_clear_BUSY+9↑j
seg000:16CA                 retn
seg000:16CA FDC_clear_BUSY  endp
seg000:16CA
seg000:16CB
seg000:16CB ; =============== S U B R O U T I N E =======================================
seg000:16CB
seg000:16CB
seg000:16CB FDC_read_if_ready proc near             ; CODE XREF: FDC_clear_BUSY+B↑p
seg000:16CB                 and     al, IO_Port_3F4h_FDC_MSR_DIO_CNTRLR_TO_CPU or IO_Port_3F4h_FDC_MSR_RQM_READY ; bit6 0 = MSR_DIO_CPU_TO_CNTRLR
seg000:16CD                 cmp     al, IO_Port_3F4h_FDC_MSR_DIO_CNTRLR_TO_CPU or IO_Port_3F4h_FDC_MSR_RQM_READY ; bit6 0 = MSR_DIO_CPU_TO_CNTRLR
seg000:16CF                 jnz     short end
seg000:16D1                 inc     dx
seg000:16D2                 in      al, dx
seg000:16D3                 dec     dx
seg000:16D4
seg000:16D4 end:                                    ; CODE XREF: FDC_read_if_ready+4↑j
seg000:16D4                 retn
seg000:16D4 FDC_read_if_ready endp
seg000:16D4
seg000:16D5
seg000:16D5 ; =============== S U B R O U T I N E =======================================
seg000:16D5
seg000:16D5
seg000:16D5 int_13h_FDD_bad_command_error_code proc near ; DATA XREF: int_13h_diskIO+10↑o
seg000:16D5                 sub     sp, 0Ah
seg000:16D8                 mov     bp, sp
seg000:16DA                 sti
seg000:16DB
seg000:16DB int13h_bad_command_handler:             ; CODE XREF: int_13h_2345_FDD_read_write_verify_format_track+B↓j int_13h_15h_FDD_Read_disk_type+B↓j ...
seg000:16DB                 mov     ah, int13h_1_status_bad_command
seg000:16DD                 mov     ds:BDA_41h_floppy_status, ah
seg000:16E1                 jmp     short loc_F01718
seg000:16E1 int_13h_FDD_bad_command_error_code endp
seg000:16E1
seg000:16E3
seg000:16E3 ; =============== S U B R O U T I N E =======================================
seg000:16E3
seg000:16E3
seg000:16E3 int_13h_1_FDD_get_floppy_status proc near ; DATA XREF: int_13h_diskIO+10↑o
seg000:16E3                 sub     sp, 0Ah
seg000:16E6                 mov     bp, sp
seg000:16E8                 sti
seg000:16E9                 mov     ah, ds:BDA_41h_floppy_status
seg000:16ED                 jmp     short loc_F01718
seg000:16ED int_13h_1_FDD_get_floppy_status endp
seg000:16ED
seg000:16EF
seg000:16EF ; =============== S U B R O U T I N E =======================================
seg000:16EF
seg000:16EF
seg000:16EF sub_F016EF      proc near               ; CODE XREF: int_13h_2345_FDD_read_write_verify_format_track:loc_F0195E↓j
seg000:16EF                 mov     ah, 0
seg000:16F1                 mov     ds:BDA_41h_floppy_status, ah
seg000:16F5                 call    point_BX_at_BDA_drive_media_state
seg000:16F8                 mov     al, [bx]
seg000:16FA                 test    al, BDA_90h_drive_STATE_media_ESTABLISHED
seg000:16FC                 jnz     short loc_F01702
seg000:16FE                 or      al, BDA_90h_drive_STATE_media_ESTABLISHED
seg000:1700                 mov     [bx], al
seg000:1702
seg000:1702 loc_F01702:                             ; CODE XREF: sub_F016EF+D↑j
seg000:1702                 mov     byte ptr [bx+2], BDA_92h_DRIVE_RATE_500KBPS
seg000:1706                 jmp     short loc_F01718
seg000:1708 ; ---------------------------------------------------------------------------
seg000:1708
seg000:1708 FDD_exit_error_handler:                 ; CODE XREF: int_13h_2345_FDD_read_write_verify_format_track+BE↓j FDD_wait_motor_ready+2C↓j ...
seg000:1708                 test    [bp+Sanyo_int13_stack_frame.local_byte9], 80h
seg000:170C                 jz      short loc_F01711
seg000:170E                 jmp     sub_F0213E
seg000:1711 ; ---------------------------------------------------------------------------
seg000:1711
seg000:1711 loc_F01711:                             ; CODE XREF: sub_F016EF+1D↑j
seg000:1711                 mov     ds:BDA_41h_floppy_status, ah
seg000:1715                 jmp     FDD_something_drive_rates
seg000:1718 ; ---------------------------------------------------------------------------
seg000:1718
seg000:1718 loc_F01718:                             ; CODE XREF: int_13h_FDD_bad_command_error_code+C↑j int_13h_1_FDD_get_floppy_status+A↑j ...
seg000:1718                 mov     ah, ds:BDA_41h_floppy_status
seg000:171C                 and     byte ptr [bp+Sanyo_int13_stack_frame.int_cs], 11111110b ; something not right with stack frame here and below
seg000:1720                 and     ah, ah
seg000:1722                 jz      short loc_F01728
seg000:1724                 or      byte ptr [bp+Sanyo_int13_stack_frame.int_cs], 00000001b
seg000:1728
seg000:1728 loc_F01728:                             ; CODE XREF: sub_F016EF+33↑j
seg000:1728                 call    sub_F01738
seg000:172B                 mov     word ptr [bp+Sanyo_int13_stack_frame.reg_al], ax
seg000:172E
seg000:172E loc_F0172E:                             ; CODE XREF: int_13h_8_FDD_Get_drive_parameters+C9↓j int_13h_15h_FDD_Read_disk_type+42↓j ...
seg000:172E                 or      byte ptr [bp+(Sanyo_int13_stack_frame.int_cs+1)], 00000010b
seg000:1732                 add     bp, 0Ah
seg000:1735                 mov     sp, bp
seg000:1737                 retn
seg000:1737 sub_F016EF      endp
seg000:1737
seg000:1738
seg000:1738 ; =============== S U B R O U T I N E =======================================
seg000:1738
seg000:1738
seg000:1738 sub_F01738      proc near               ; CODE XREF: sub_F016EF:loc_F01728↑p
seg000:1738                 mov     al, [bp+Sanyo_int13_stack_frame.reg_ah]
seg000:173B                 or      al, al
seg000:173D                 jz      short end
seg000:173F                 cmp     al, int13h_2_Read_disk_sectors
seg000:1741                 jb      short loc_F01792
seg000:1743                 cmp     al, int13h_5_Format_disk_track
seg000:1745                 jnb     short loc_F01792
seg000:1747                 call    set_BDA_floppy_information
seg000:174A                 mov     al, [bp+Sanyo_int13_stack_frame.local_byte0]
seg000:174D                 cmp     al, 0E6h
seg000:174F                 jz      short loc_F01755
seg000:1751                 cmp     al, 0C5h
seg000:1753                 jnz     short loc_F01792
seg000:1755
seg000:1755 loc_F01755:                             ; CODE XREF: sub_F01738+17↑j
seg000:1755                 mov     al, ds:BDA_41h_floppy_status
seg000:1758                 and     al, al
seg000:175A                 jz      short status_no_errors
seg000:175C                 cmp     al, FDC_status_sector_not_found
seg000:175E                 jnz     short loc_F01792
seg000:1760                 mov     al, ds:BDA_43h_floppy_status_register_ST1
seg000:1763                 test    al, FDC_ST1_END_OF_CYLINDER
seg000:1765                 jz      short loc_F01792
seg000:1767                 mov     bl, [bp+Sanyo_int13_stack_frame.reg_dh]
seg000:176A                 mov     bh, ds:BDA_46h_floppy_head_number
seg000:176E                 mov     cl, [bp+Sanyo_int13_stack_frame.reg_cl]
seg000:1771                 mov     ch, ds:BDA_47h_floppy_sector_number
seg000:1775                 cmp     bl, bh
seg000:1777                 jz      short loc_F01788
seg000:1779                 mov     al, ds:BDA_47h_floppy_sector_number
seg000:177C                 add     al, [bp+Sanyo_int13_stack_frame.local_byte6]
seg000:177F                 sub     al, cl
seg000:1781                 jmp     short loc_F01794
seg000:1783 ; ---------------------------------------------------------------------------
seg000:1783
seg000:1783 status_no_errors:                       ; CODE XREF: sub_F01738+22↑j
seg000:1783                 mov     al, [bp+Sanyo_int13_stack_frame.reg_al]
seg000:1786                 jmp     short loc_F01794
seg000:1788 ; ---------------------------------------------------------------------------
seg000:1788
seg000:1788 loc_F01788:                             ; CODE XREF: sub_F01738+3F↑j
seg000:1788                 cmp     cl, ch
seg000:178A                 jz      short loc_F01792
seg000:178C                 mov     al, ch
seg000:178E                 sub     al, cl
seg000:1790                 jmp     short loc_F01794
seg000:1792 ; ---------------------------------------------------------------------------
seg000:1792
seg000:1792 loc_F01792:                             ; CODE XREF: sub_F01738+9↑j sub_F01738+D↑j ...
seg000:1792                 mov     al, 0
seg000:1794
seg000:1794 loc_F01794:                             ; CODE XREF: sub_F01738+49↑j sub_F01738+4E↑j ...
seg000:1794                 call    sub_F0217B
seg000:1797
seg000:1797 end:                                    ; CODE XREF: sub_F01738+5↑j
seg000:1797                 retn
seg000:1797 sub_F01738      endp
seg000:1797
seg000:1798
seg000:1798 ; =============== S U B R O U T I N E =======================================
seg000:1798
seg000:1798
seg000:1798 FDD_something_drive_rates proc near     ; CODE XREF: sub_F016EF+26↑j
seg000:1798                 cmp     [bp+Sanyo_int13_stack_frame.reg_ah], 0
seg000:179C                 jz      short loc_F017EF
seg000:179E                 mov     ah, ds:BDA_41h_floppy_status
seg000:17A2                 test    [bp+Sanyo_int13_stack_frame.local_byte9], 20h
seg000:17A6                 jnz     short loc_F017EB
seg000:17A8                 cmp     ah, FDC_status_disk_change_line_active
seg000:17AB                 jz      short FDC_disk_change_line_active
seg000:17AD                 call    point_BX_at_BDA_drive_media_state
seg000:17B0                 mov     al, [bx]
seg000:17B2                 mov     ah, al
seg000:17B4                 test    al, BDA_90h_drive_STATE_media_ESTABLISHED
seg000:17B6                 jnz     short loc_F017EB
seg000:17B8                 and     ax, 0C007h
seg000:17BB                 sub     ah, 40h ; '@'
seg000:17BE                 and     ah, 0C0h
seg000:17C1                 jnp     short loc_F017C6
seg000:17C3                 and     ah, 80h
seg000:17C6
seg000:17C6 loc_F017C6:                             ; CODE XREF: FDD_something_drive_rates+29↑j
seg000:17C6                 cmp     ah, 40h ; '@'
seg000:17C9                 jnz     short loc_F017CE
seg000:17CB                 or      ah, 20h
seg000:17CE
seg000:17CE loc_F017CE:                             ; CODE XREF: FDD_something_drive_rates+31↑j
seg000:17CE                 mov     ch, [bp+Sanyo_int13_stack_frame.reg_ch]
seg000:17D1                 or      ah, al
seg000:17D3                 push    ax
seg000:17D4                 and     ah, 0C0h
seg000:17D7                 mov     al, [bx+2]
seg000:17DA                 and     al, BDA_92h_DRIVE_RATE_MASK ; MASK 11 1MBPS
seg000:17DC                 cmp     ah, al
seg000:17DE                 pop     ax
seg000:17DF                 jz      short loc_F017E8
seg000:17E1                 mov     [bx], ah
seg000:17E3                 mov     sp, bp
seg000:17E5                 jmp     loc_F0189D
seg000:17E8 ; ---------------------------------------------------------------------------
seg000:17E8
seg000:17E8 loc_F017E8:                             ; CODE XREF: FDD_something_drive_rates+47↑j
seg000:17E8                 mov     byte ptr [bx], BDA_90h_drive_STATE_RATE_250KBPS
seg000:17EB
seg000:17EB loc_F017EB:                             ; CODE XREF: FDD_something_drive_rates+E↑j FDD_something_drive_rates+1E↑j
seg000:17EB                 mov     byte ptr [bx+2], BDA_92h_DRIVE_RATE_500KBPS
seg000:17EF
seg000:17EF loc_F017EF:                             ; CODE XREF: FDD_something_drive_rates+4↑j
seg000:17EF                 jmp     loc_F01718
seg000:17EF FDD_something_drive_rates endp
seg000:17EF
seg000:17F2
seg000:17F2 ; =============== S U B R O U T I N E =======================================
seg000:17F2
seg000:17F2
seg000:17F2 int_13h_0_FDD_reset proc near           ; DATA XREF: int_13h_diskIO+10↑o
seg000:17F2                 sub     sp, 0Ah
seg000:17F5                 mov     bp, sp
seg000:17F7                 sti
seg000:17F8                 mov     ah, 0
seg000:17FA                 mov     cl, ah
seg000:17FC                 jmp     short FDC_CMD_SPECIFY_0
seg000:17FC int_13h_0_FDD_reset endp
seg000:17FC
seg000:17FE
seg000:17FE ; =============== S U B R O U T I N E =======================================
seg000:17FE
seg000:17FE
seg000:17FE FDC_disk_change_line_active proc near   ; CODE XREF: FDD_something_drive_rates+13↑j int_13h_2345_FDD_read_write_verify_format_track+43↓j
seg000:17FE                 mov     cl, [bp+Sanyo_int13_stack_frame.reg_dl]
seg000:1801                 or      [bp+Sanyo_int13_stack_frame.local_byte9], 00100000b
seg000:1805
seg000:1805 FDC_CMD_SPECIFY_0:                      ; CODE XREF: int_13h_0_FDD_reset+A↑j
seg000:1805                 push    ax
seg000:1806                 mov     al, 0
seg000:1808                 mov     byte ptr ds:BDA_3Eh_floppy_calibration_status, BDA_3Eh_floppy_Int_Completed
seg000:180D                 mov     dx, IO_Port_3F2h_FDC_Digital_Output
seg000:1810                 mov     al, ds:BDA_3Fh_floppy_motor_status
seg000:1813                 shl     al, 1
seg000:1815                 shl     al, 1
seg000:1817                 shl     al, 1
seg000:1819                 shl     al, 1
seg000:181B                 or      al, IO_Port_3F2h_FDC_DOR_DMA_INT
seg000:181D                 or      al, cl
seg000:181F                 out     dx, al
seg000:1820                 mov     cx, 256
seg000:1823
seg000:1823 delay_loop:                             ; CODE XREF: FDC_disk_change_line_active:delay_loop↓j
seg000:1823                 loop    delay_loop
seg000:1825                 or      al, IO_Port_3F2h_FDC_DOR_Enable or IO_Port_3F2h_FDC_DOR_DMA_INT ; bit2 0=Reset Controller, 1=Enable Controller
seg000:1827                 out     dx, al
seg000:1828                 mov     ah, 0
seg000:182A                 call    FDD_check_seek_status
seg000:182D                 push    ds
seg000:182E                 mov     ds, cs:IVT_segment
seg000:1833                 assume ds:nothing
seg000:1833                 les     bx, ds:IVT_Diskette_Parameter_Table_off
seg000:1837                 pop     ds
seg000:1838                 assume ds:nothing
seg000:1838                 mov     al, IO_Port_3F5h_FDC_CMD_SPECIFY
seg000:183A                 mov     [bp+Sanyo_int13_stack_frame.local_byte0], al
seg000:183D                 mov     al, es:[bx+DPTe.DPT.step_rate_head_unload]
seg000:1840                 mov     [bp+Sanyo_int13_stack_frame.local_byte1], al
seg000:1843                 mov     al, es:[bx+DPTe.DPT.head_load_dma]
seg000:1847                 mov     [bp+Sanyo_int13_stack_frame.local_byte2], al
seg000:184A                 mov     dl, 3
seg000:184C                 call    FDD_Command_send_dl_bytes
seg000:184F                 pop     ax
seg000:1850                 cmp     ah, int13h_6_status_disk_changed
seg000:1853                 jnz     short end
seg000:1855                 call    FDD_seek_and_Recalibrate
seg000:1858                 call    point_BX_at_BDA_drive_media_state
seg000:185B                 mov     [bx+DPTe.DPT.step_rate_head_unload], 2
seg000:185E                 call    FDC_check_Disk_Changed
seg000:1861                 mov     ah, int13h_80_status_timeout_not_ready
seg000:1863                 jz      short end
seg000:1865                 mov     ah, int13h_6_status_disk_changed
seg000:1867
seg000:1867 end:                                    ; CODE XREF: FDC_disk_change_line_active+55↑j FDC_disk_change_line_active+65↑j
seg000:1867                 mov     ds:BDA_41h_floppy_status, ah
seg000:186B                 jmp     loc_F01718
seg000:186B FDC_disk_change_line_active endp
seg000:186B
seg000:186E
seg000:186E ; =============== S U B R O U T I N E =======================================
seg000:186E
seg000:186E
seg000:186E FDD_seek_and_Recalibrate proc near      ; CODE XREF: FDC_disk_change_line_active+57↑p int_13h_17h_FDD_Set_dasd_type_for_format+22↓p
seg000:186E                 mov     al, [bp+Sanyo_int13_stack_frame.reg_dl]
seg000:1871                 mov     [bp+Sanyo_int13_stack_frame.local_byte1], al
seg000:1874                 mov     [bp+Sanyo_int13_stack_frame.local_byte0], IO_Port_3F5h_FDC_CMD_SEEK
seg000:1878                 mov     al, 3
seg000:187A                 call    FDD_seek_to_al
seg000:187D                 call    FDC_RECALIBRATE_twice
seg000:1880                 mov     cl, 0
seg000:1880 FDD_seek_and_Recalibrate endp
seg000:1880
seg000:1882
seg000:1882 ; =============== S U B R O U T I N E =======================================
seg000:1882
seg000:1882
seg000:1882 set_BDA_FDD_current_cylinder proc near  ; CODE XREF: FDC_floppy_calibration_status+1D↓p FDC_CMD_SEEK_READ_ID_MFM+3E↓p
seg000:1882                 mov     dh, 0
seg000:1884                 mov     dl, [bp+Sanyo_int13_stack_frame.reg_dl]
seg000:1887                 mov     bx, BDA_94h_drive0_current_cylinder
seg000:188A                 add     bx, dx
seg000:188C                 mov     [bx], cl
seg000:188E                 retn
seg000:188E set_BDA_FDD_current_cylinder endp
seg000:188E
seg000:188F
seg000:188F ; =============== S U B R O U T I N E =======================================
seg000:188F
seg000:188F ; Attributes: bp-based frame
seg000:188F
seg000:188F int_13h_2345_FDD_read_write_verify_format_track proc near ; DATA XREF: int_13h_diskIO+10↑o
seg000:188F                 sub     sp, 0Ah
seg000:1892                 mov     bp, sp
seg000:1894                 sti
seg000:1895                 cmp     dl, int13h_Floppy2
seg000:1898                 jb      short loc_F0189D
seg000:189A                 jmp     int13h_bad_command_handler
seg000:189D ; ---------------------------------------------------------------------------
seg000:189D
seg000:189D loc_F0189D:                             ; CODE XREF: FDD_something_drive_rates+4D↑j int_13h_2345_FDD_read_write_verify_format_track+9↑j
seg000:189D                 call    point_BX_at_BDA_drive_media_state
seg000:18A0                 cmp     [bp+Sanyo_int13_stack_frame.reg_ah], int13h_5_Format_disk_track
seg000:18A4                 jnz     short loc_F018AE
seg000:18A6                 test    byte ptr [bx], BDA_90h_drive_STATE_media_ESTABLISHED
seg000:18A9                 jnz     short loc_F018AE
seg000:18AB                 call    FDD_STATE_media_ESTABLISH
seg000:18AE
seg000:18AE loc_F018AE:                             ; CODE XREF: int_13h_2345_FDD_read_write_verify_format_track+15↑j int_13h_2345_FDD_read_write_verify_format_track+1A↑j
seg000:18AE                 mov     ah, [bx]
seg000:18B0                 and     ah, BDA_90h_drive_STATE_MASK ; MASK 0 = TRY_360K_IN_360K
seg000:18B3                 cmp     ah, 0
seg000:18B6                 jz      short loc_F018D5
seg000:18B8                 cmp     ah, BDA_90h_drive_STATE_EST_360K_IN_360K
seg000:18BB                 jz      short loc_F018D5
seg000:18BD                 call    FDC_check_Disk_Changed
seg000:18C0                 jnz     short loc_F018D5
seg000:18C2                 mov     al, [bp+Sanyo_int13_stack_frame.reg_dl]
seg000:18C5                 inc     al
seg000:18C7                 not     al
seg000:18C9                 and     ds:BDA_3Fh_floppy_motor_status, al
seg000:18CD                 call    FDD_handle_motor
seg000:18D0                 mov     ah, int13h_6_status_disk_changed
seg000:18D2                 jmp     FDC_disk_change_line_active
seg000:18D5 ; ---------------------------------------------------------------------------
seg000:18D5
seg000:18D5 loc_F018D5:                             ; CODE XREF: int_13h_2345_FDD_read_write_verify_format_track+27↑j int_13h_2345_FDD_read_write_verify_format_track+2C↑j ...
seg000:18D5                 call    point_BX_at_BDA_drive_media_state
seg000:18D8                 mov     ah, [bx]
seg000:18DA                 mov     al, [bx+2]      ; BDA_92h_drive0_starting_state
seg000:18DD                 or      ah, ah
seg000:18DF                 jnz     short loc_F018E5
seg000:18E1                 mov     ah, BDA_90h_drive_STATE_RATE_250KBPS
seg000:18E3                 mov     [bx], ah
seg000:18E5
seg000:18E5 loc_F018E5:                             ; CODE XREF: int_13h_2345_FDD_read_write_verify_format_track+50↑j
seg000:18E5                 or      al, al
seg000:18E7                 jnz     short set_FDC_Config_Rate
seg000:18E9                 mov     [bx+2], ah
seg000:18EC
seg000:18EC set_FDC_Config_Rate:                    ; CODE XREF: int_13h_2345_FDD_read_write_verify_format_track+58↑j
seg000:18EC                 mov     ah, [bx]
seg000:18EE                 cmp     ds:BDA_8Bh_floppy_cfg_data, ah
seg000:18F2                 jz      short loc_F01902
seg000:18F4                 mov     ds:BDA_8Bh_floppy_cfg_data, ah
seg000:18F8                 rol     ax, 1
seg000:18FA                 rol     ax, 1
seg000:18FC                 and     al, IO_Port_3F7h_FDC_Conf_Rate_MASK ; MASK 11 = 1MBPS
seg000:18FE                 mov     dx, IO_Port_3F7h_FDC_Config_Control
seg000:1901                 out     dx, al
seg000:1902
seg000:1902 loc_F01902:                             ; CODE XREF: int_13h_2345_FDD_read_write_verify_format_track+63↑j
seg000:1902                 and     byte ptr ds:BDA_3Fh_floppy_motor_status, not (BDA_3Fh_motor_stat_WRITE) ; MASK bit7 0 READ
seg000:1907                 call    FDD_setut_DMA
seg000:190A                 call    FDD_handle_motor
seg000:190D                 call    FDC_CMD_SPECIFY
seg000:1910                 call    sub_F01A27
seg000:1913                 cli
seg000:1914                 mov     al, IO_Port_0Ah_DMA1_SMask_Select_CH2
seg000:1916                 mov     dx, IO_Port_0Ah_DMA1_Single_Mask
seg000:1919                 out     dx, al
seg000:191A                 sti
seg000:191B                 mov     ah, [bp+Sanyo_int13_stack_frame.reg_ah]
seg000:191E                 cmp     ah, int13h_2_Read_disk_sectors
seg000:1921                 jz      short read
seg000:1923                 cmp     ah, int13h_4_Verify_disk_sectors
seg000:1926                 jnz     short not_verify
seg000:1928
seg000:1928 read:                                   ; CODE XREF: int_13h_2345_FDD_read_write_verify_format_track+92↑j
seg000:1928                 call    FDC_CMD_READ
seg000:192B                 jmp     short FDC_CMD_call
seg000:192D ; ---------------------------------------------------------------------------
seg000:192D
seg000:192D not_verify:                             ; CODE XREF: int_13h_2345_FDD_read_write_verify_format_track+97↑j
seg000:192D                 cmp     ah, int13h_3_Write_disk_sectors
seg000:1930                 jnz     short format
seg000:1932                 call    FDC_CMD_WRITE
seg000:1935                 jmp     short FDC_CMD_call
seg000:1937 ; ---------------------------------------------------------------------------
seg000:1937
seg000:1937 format:                                 ; CODE XREF: int_13h_2345_FDD_read_write_verify_format_track+A1↑j
seg000:1937                 call    FDC_CMD_FORMAT_TRACK_MFM
seg000:193A
seg000:193A FDC_CMD_call:                           ; CODE XREF: int_13h_2345_FDD_read_write_verify_format_track+9C↑j int_13h_2345_FDD_read_write_verify_format_track+A6↑j
seg000:193A                 call    FDD_Command_send_dl_bytes
seg000:193D                 call    FDD_Device_Busy
seg000:1940                 mov     dl, 7
seg000:1942                 call    FDD_read_STatus_dl_bytes
seg000:1945                 call    fdd_status_error
seg000:1948                 cmp     ah, int13h_0_status_success
seg000:194B                 jz      short loc_F01950
seg000:194D                 jmp     FDD_exit_error_handler
seg000:1950 ; ---------------------------------------------------------------------------
seg000:1950
seg000:1950 loc_F01950:                             ; CODE XREF: int_13h_2345_FDD_read_write_verify_format_track+BC↑j
seg000:1950                 mov     ah, [bp+Sanyo_int13_stack_frame.reg_ah]
seg000:1953                 test    ah, 1
seg000:1956                 jz      short loc_F0195E
seg000:1958                 mov     bx, 1
seg000:195B                 call    delay_CPU_speed_calibrated
seg000:195E
seg000:195E loc_F0195E:                             ; CODE XREF: int_13h_2345_FDD_read_write_verify_format_track+C7↑j
seg000:195E                 jmp     sub_F016EF
seg000:195E int_13h_2345_FDD_read_write_verify_format_track endp
seg000:195E
seg000:1961
seg000:1961 ; =============== S U B R O U T I N E =======================================
seg000:1961
seg000:1961
seg000:1961 FDD_STATE_media_ESTABLISH proc near     ; CODE XREF: int_13h_2345_FDD_read_write_verify_format_track+1C↑p
seg000:1961                 and     byte ptr [bx], not (BDA_90h_drive_STATE_media_ESTABLISHED or BDA_90h_drive_STATE_double_stepping or BDA_90h_drive_STATE_RATE_MASK) ; MASK 0 = 500KBPS
seg000:1964                 call    get_FDD_Type_safe
seg000:1967                 jbe     short end
seg000:1969                 cmp     al, 5
seg000:196B                 jnb     short end
seg000:196D                 mov     si, offset FDD_Type_to_media_LUT
seg000:1970                 cbw
seg000:1971                 dec     al
seg000:1973                 add     si, ax
seg000:1975                 lods    byte ptr cs:[si]
seg000:1977                 or      [bx], al
seg000:1979
seg000:1979 end:                                    ; CODE XREF: FDD_STATE_media_ESTABLISH+6↑j FDD_STATE_media_ESTABLISH+A↑j
seg000:1979                 retn
seg000:1979 FDD_STATE_media_ESTABLISH endp
seg000:1979
seg000:1979 ; ---------------------------------------------------------------------------
seg000:197A FDD_Type_to_media_LUT db FLOPPY_RATE_media_ESTABLISHED or FLOPPY_RATE_250KBPS; 0 ; DATA XREF: FDD_STATE_media_ESTABLISH+C↑o
seg000:197B                 db FLOPPY_RATE_media_ESTABLISHED or FLOPPY_RATE_500KBPS; 1
seg000:197C                 db FLOPPY_RATE_media_ESTABLISHED or FLOPPY_RATE_250KBPS; 2
seg000:197D                 db FLOPPY_RATE_media_ESTABLISHED or FLOPPY_RATE_500KBPS; 3
seg000:197E
seg000:197E ; =============== S U B R O U T I N E =======================================
seg000:197E
seg000:197E
seg000:197E FDC_CMD_SPECIFY proc near               ; CODE XREF: int_13h_2345_FDD_read_write_verify_format_track+7E↑p
seg000:197E                 call    point_BX_at_active_DPTe
seg000:1981                 mov     al, IO_Port_3F5h_FDC_CMD_SPECIFY
seg000:1983                 mov     [bp+Sanyo_int13_stack_frame.local_byte0], al
seg000:1986                 mov     al, cs:[bx+DPTe.DPT.step_rate_head_unload]
seg000:198B                 mov     [bp+Sanyo_int13_stack_frame.local_byte1], al
seg000:198E                 mov     al, cs:[bx+DPTe.DPT.head_load_dma]
seg000:1993                 mov     [bp+Sanyo_int13_stack_frame.local_byte2], al
seg000:1996                 mov     dl, 3
seg000:1998                 call    FDD_Command_send_dl_bytes
seg000:199B                 call    point_BX_at_BDA_drive_media_state
seg000:199E                 test    byte ptr [bx], BDA_90h_drive_STATE_media_ESTABLISHED
seg000:19A1                 jnz     short established
seg000:19A3                 call    FDD_establish
seg000:19A6
seg000:19A6 established:                            ; CODE XREF: FDC_CMD_SPECIFY+23↑j
seg000:19A6                 retn
seg000:19A6 FDC_CMD_SPECIFY endp
seg000:19A6
seg000:19A7
seg000:19A7 ; =============== S U B R O U T I N E =======================================
seg000:19A7
seg000:19A7
seg000:19A7 FDD_handle_motor proc near              ; CODE XREF: int_13h_2345_FDD_read_write_verify_format_track+3E↑p int_13h_2345_FDD_read_write_verify_format_track+7B↑p ...
seg000:19A7                 call    FDD_select_drive_and_enable_motor
seg000:19AA                 jmp     short FDD_wait_motor_ready
seg000:19AA FDD_handle_motor endp
seg000:19AA
seg000:19AC
seg000:19AC ; =============== S U B R O U T I N E =======================================
seg000:19AC
seg000:19AC
seg000:19AC FDD_select_drive_and_enable_motor proc near ; CODE XREF: FDD_handle_motor↑p
seg000:19AC                 cli
seg000:19AD                 mov     cl, [bp+Sanyo_int13_stack_frame.reg_dl]
seg000:19B0                 and     cl, 0Fh
seg000:19B3                 mov     ch, ds:BDA_3Fh_floppy_motor_status
seg000:19B7                 mov     al, 1
seg000:19B9                 shl     al, cl
seg000:19BB                 or      al, ch
seg000:19BD                 mov     ds:BDA_3Fh_floppy_motor_status, al
seg000:19C0                 mov     bl, cl
seg000:19C2                 mov     cl, 4
seg000:19C4                 shl     al, cl
seg000:19C6                 or      al, bl
seg000:19C8                 or      al, IO_Port_3F2h_FDC_DOR_Enable or IO_Port_3F2h_FDC_DOR_DMA_INT ; bit2 0=Reset Controller, 1=Enable Controller
seg000:19CA                 mov     dx, IO_Port_3F2h_FDC_Digital_Output
seg000:19CD                 out     dx, al
seg000:19CE                 mov     byte ptr ds:BDA_40h_floppy_motor_timeout, 255
seg000:19D3                 sti
seg000:19D4                 retn
seg000:19D4 FDD_select_drive_and_enable_motor endp
seg000:19D4
seg000:19D5
seg000:19D5 ; =============== S U B R O U T I N E =======================================
seg000:19D5
seg000:19D5
seg000:19D5 FDD_wait_motor_ready proc near          ; CODE XREF: FDD_handle_motor+3↑j
seg000:19D5                 mov     cl, bl
seg000:19D7                 push    cx
seg000:19D8                 clc
seg000:19D9                 push    bx
seg000:19DA                 mov     ax, int15h_90FD_diskette_motor_start_wait
seg000:19DD                 mov     bx, IVT_SYSTEM_SERVICES_off
seg000:19E0                 call    call_IVT_off_BX_with_AX
seg000:19E3                 pop     bx
seg000:19E4                 pop     cx
seg000:19E5                 jb      short end
seg000:19E7                 inc     cl
seg000:19E9                 shr     ch, cl
seg000:19EB                 jb      short end
seg000:19ED                 mov     bx, 2000
seg000:19F0
seg000:19F0 floppy_motor_timeout_loop_outer:        ; CODE XREF: FDD_wait_motor_ready+28↓j
seg000:19F0                 mov     cx, 666
seg000:19F3
seg000:19F3 floppy_motor_timeout_loop:              ; CODE XREF: FDD_wait_motor_ready+25↓j
seg000:19F3                 mov     al, ds:BDA_40h_floppy_motor_timeout
seg000:19F6                 cmp     al, 245
seg000:19F8                 jb      short end
seg000:19FA                 loop    floppy_motor_timeout_loop
seg000:19FC                 dec     bx
seg000:19FD                 jnz     short floppy_motor_timeout_loop_outer
seg000:19FF                 mov     ah, int13h_80_status_timeout_not_ready
seg000:1A01                 jmp     FDD_exit_error_handler
seg000:1A04 ; ---------------------------------------------------------------------------
seg000:1A04
seg000:1A04 end:                                    ; CODE XREF: FDD_wait_motor_ready+10↑j FDD_wait_motor_ready+16↑j ...
seg000:1A04                 sti
seg000:1A05                 retn
seg000:1A05 FDD_wait_motor_ready endp
seg000:1A05
seg000:1A06
seg000:1A06 ; =============== S U B R O U T I N E =======================================
seg000:1A06
seg000:1A06
seg000:1A06 FDC_floppy_calibration_status proc near ; CODE XREF: sub_F01A27↓p FDD_establish+C↓p
seg000:1A06                 mov     al, ds:BDA_3Eh_floppy_calibration_status
seg000:1A09                 mov     cl, [bp+Sanyo_int13_stack_frame.reg_dl]
seg000:1A0C                 inc     cl
seg000:1A0E                 ror     al, cl
seg000:1A10                 jb      short end
seg000:1A12                 mov     al, 1
seg000:1A14                 dec     cl
seg000:1A16                 shl     al, cl
seg000:1A18                 push    ax
seg000:1A19                 call    FDC_RECALIBRATE_twice
seg000:1A1C                 pop     ax
seg000:1A1D                 or      ds:BDA_3Eh_floppy_calibration_status, al
seg000:1A21                 xor     cl, cl
seg000:1A23                 call    set_BDA_FDD_current_cylinder
seg000:1A26
seg000:1A26 end:                                    ; CODE XREF: FDC_floppy_calibration_status+A↑j
seg000:1A26                 retn
seg000:1A26 FDC_floppy_calibration_status endp
seg000:1A26
seg000:1A27
seg000:1A27 ; =============== S U B R O U T I N E =======================================
seg000:1A27
seg000:1A27
seg000:1A27 sub_F01A27      proc near               ; CODE XREF: int_13h_2345_FDD_read_write_verify_format_track+81↑p
seg000:1A27                 call    FDC_floppy_calibration_status
seg000:1A2A                 mov     ch, [bp+Sanyo_int13_stack_frame.reg_ch]
seg000:1A2D                 call    point_BX_at_BDA_drive_media_state
seg000:1A30                 test    byte ptr [bx], BDA_90h_drive_STATE_double_stepping
seg000:1A33                 jz      short loc_F01A37
seg000:1A35                 add     ch, ch
seg000:1A37
seg000:1A37 loc_F01A37:                             ; CODE XREF: sub_F01A27+C↑j
seg000:1A37                 call    point_BX_at_BDA_FDD_current_cylinder
seg000:1A3A                 cmp     ch, [bx]
seg000:1A3C                 jz      short end
seg000:1A3E                 call    FDC_CMD_SEEK
seg000:1A41                 mov     ch, [bp+Sanyo_int13_stack_frame.local_byte2]
seg000:1A44                 call    point_BX_at_BDA_FDD_current_cylinder
seg000:1A47                 mov     [bx], ch
seg000:1A49
seg000:1A49 end:                                    ; CODE XREF: sub_F01A27+15↑j
seg000:1A49                 mov     ch, [bp+Sanyo_int13_stack_frame.reg_ch]
seg000:1A4C                 retn
seg000:1A4C sub_F01A27      endp
seg000:1A4C
seg000:1A4D
seg000:1A4D ; =============== S U B R O U T I N E =======================================
seg000:1A4D
seg000:1A4D
seg000:1A4D point_BX_at_BDA_FDD_current_cylinder proc near ; CODE XREF: sub_F01A27:loc_F01A37↑p sub_F01A27+1D↑p ...
seg000:1A4D                 mov     dh, 0
seg000:1A4F                 mov     dl, [bp+Sanyo_int13_stack_frame.reg_dl]
seg000:1A52                 mov     bx, BDA_94h_drive0_current_cylinder
seg000:1A55                 add     bx, dx
seg000:1A57                 retn
seg000:1A57 point_BX_at_BDA_FDD_current_cylinder endp
seg000:1A57
seg000:1A58
seg000:1A58 ; =============== S U B R O U T I N E =======================================
seg000:1A58
seg000:1A58
seg000:1A58 FDC_RECALIBRATE_twice proc near         ; CODE XREF: FDD_seek_and_Recalibrate+F↑p FDC_floppy_calibration_status+13↑p
seg000:1A58                 call    FDC_RECALIBRATE
seg000:1A5B                 call    FDC_RECALIBRATE
seg000:1A5E                 jnb     short end
seg000:1A60                 mov     ah, int13h_40_status_seek_failed
seg000:1A62                 jmp     FDD_exit_error_handler
seg000:1A65 ; ---------------------------------------------------------------------------
seg000:1A65
seg000:1A65 end:                                    ; CODE XREF: FDC_RECALIBRATE_twice+6↑j
seg000:1A65                 retn
seg000:1A65 FDC_RECALIBRATE_twice endp
seg000:1A65
seg000:1A66
seg000:1A66 ; =============== S U B R O U T I N E =======================================
seg000:1A66
seg000:1A66
seg000:1A66 FDC_RECALIBRATE proc near               ; CODE XREF: FDC_RECALIBRATE_twice↑p FDC_RECALIBRATE_twice+3↑p
seg000:1A66                 mov     [bp+Sanyo_int13_stack_frame.local_byte0], IO_Port_3F5h_FDC_CMD_RECALIBRATE
seg000:1A6A                 mov     al, [bp+Sanyo_int13_stack_frame.reg_dl]
seg000:1A6D                 mov     [bp+Sanyo_int13_stack_frame.local_byte1], al
seg000:1A70                 mov     dl, 2
seg000:1A72                 call    FDD_Command_send_dl_bytes
seg000:1A75                 mov     ah, 2
seg000:1A77                 call    FDD_check_seek_status
seg000:1A7A                 pushf
seg000:1A7B                 mov     bx, 12h
seg000:1A7E                 call    delay_CPU_speed_calibrated
seg000:1A81                 popf
seg000:1A82                 retn
seg000:1A82 FDC_RECALIBRATE endp
seg000:1A82
seg000:1A83
seg000:1A83 ; =============== S U B R O U T I N E =======================================
seg000:1A83
seg000:1A83
seg000:1A83 FDC_CMD_SEEK    proc near               ; CODE XREF: sub_F01A27+17↑p
seg000:1A83                 mov     [bp+Sanyo_int13_stack_frame.local_byte0], IO_Port_3F5h_FDC_CMD_SEEK
seg000:1A87                 mov     al, [bp+Sanyo_int13_stack_frame.reg_dl]
seg000:1A8A                 mov     [bp+Sanyo_int13_stack_frame.local_byte1], al
seg000:1A8D                 mov     al, [bp+Sanyo_int13_stack_frame.reg_ch]
seg000:1A90                 call    point_BX_at_BDA_drive_media_state
seg000:1A93                 test    byte ptr [bx], BDA_90h_drive_STATE_double_stepping
seg000:1A96                 jz      short FDD_seek_to_al
seg000:1A98                 shl     al, 1
seg000:1A9A
seg000:1A9A FDD_seek_to_al:                         ; CODE XREF: FDD_seek_and_Recalibrate+C↑p FDC_CMD_SEEK+13↑j
seg000:1A9A                 mov     [bp+Sanyo_int13_stack_frame.local_byte2], al
seg000:1A9D                 mov     dl, 3
seg000:1A9F
seg000:1A9F FDD_Command_send_dl_bytes_and_wait:     ; CODE XREF: FDC_CMD_SEEK_READ_ID_MFM+26↓p
seg000:1A9F                 call    FDD_Command_send_dl_bytes
seg000:1AA2                 mov     ah, 1
seg000:1AA4                 call    FDD_check_seek_status
seg000:1AA7                 mov     bx, 15h
seg000:1AAA                 call    delay_CPU_speed_calibrated
seg000:1AAD                 retn
seg000:1AAD FDC_CMD_SEEK    endp
seg000:1AAD
seg000:1AAE
seg000:1AAE ; =============== S U B R O U T I N E =======================================
seg000:1AAE
seg000:1AAE ; in
seg000:1AAE ;  ah
seg000:1AAE ;   0 seek_fail means controller_failure
seg000:1AAE ;   1 normal
seg000:1AAE ;   2 avoids standard error_handler
seg000:1AAE
seg000:1AAE FDD_check_seek_status proc near         ; CODE XREF: FDC_disk_change_line_active+2C↑p FDC_RECALIBRATE+11↑p ...
seg000:1AAE                 push    ax
seg000:1AAF                 call    FDD_Device_Busy
seg000:1AB2                 mov     [bp+Sanyo_int13_stack_frame.local_byte0], IO_Port_3F5h_FDC_CMD_SENSE_INTERRUPT
seg000:1AB6                 mov     dl, 1
seg000:1AB8                 call    FDD_Command_send_dl_bytes
seg000:1ABB                 mov     dl, 2
seg000:1ABD                 call    FDD_read_STatus_dl_bytes
seg000:1AC0                 pop     ax
seg000:1AC1                 mov     al, ds:BDA_42h_floppy_status_register_ST0
seg000:1AC4                 or      ah, ah
seg000:1AC6                 jz      short controller_check
seg000:1AC8                 and     al, FDC_ST0_SEEK_COMPLETE or FDC_ST0_INT_SEEK_FAIL
seg000:1ACA                 cmp     al, FDC_ST0_SEEK_COMPLETE
seg000:1ACC                 jz      short end
seg000:1ACE                 cmp     ah, 2
seg000:1AD1                 jnz     short seek_failed
seg000:1AD3                 stc
seg000:1AD4                 retn
seg000:1AD5 ; ---------------------------------------------------------------------------
seg000:1AD5
seg000:1AD5 seek_failed:                            ; CODE XREF: FDD_check_seek_status+23↑j
seg000:1AD5                 mov     ah, int13h_40_status_seek_failed
seg000:1AD7                 jmp     FDD_exit_error_handler
seg000:1ADA ; ---------------------------------------------------------------------------
seg000:1ADA
seg000:1ADA controller_check:                       ; CODE XREF: FDD_check_seek_status+18↑j
seg000:1ADA                 and     al, FDC_ST0_INT_SEEK_FAIL
seg000:1ADC                 cmp     al, FDC_ST0_INT_SEEK_FAIL
seg000:1ADE                 jz      short end
seg000:1AE0                 mov     ah, int13h_20_status_controller_failure
seg000:1AE2                 jmp     FDD_exit_error_handler
seg000:1AE5 ; ---------------------------------------------------------------------------
seg000:1AE5
seg000:1AE5 end:                                    ; CODE XREF: FDD_check_seek_status+1E↑j FDD_check_seek_status+30↑j
seg000:1AE5                 clc
seg000:1AE6                 retn
seg000:1AE6 FDD_check_seek_status endp
seg000:1AE6
seg000:1AE7
seg000:1AE7 ; =============== S U B R O U T I N E =======================================
seg000:1AE7
seg000:1AE7
seg000:1AE7 FDD_setut_DMA   proc near               ; CODE XREF: int_13h_2345_FDD_read_write_verify_format_track+78↑p
seg000:1AE7                 mov     al, IO_Port_0Ah_DMA1_SMask_Select_CH2 or IO_Port_0Ah_DMA1_SMask_SET_BIT ; Mask channel (1=disable, 0=enable)
seg000:1AE9                 mov     dx, IO_Port_0Ah_DMA1_Single_Mask
seg000:1AEC                 out     dx, al
seg000:1AED                 cli
seg000:1AEE                 call    FDD_set_DMA1_Ch2_Address
seg000:1AF1                 call    FDD_set_DMA_Count
seg000:1AF4                 call    FDD_RTC_PERIODIC_INT_EN
seg000:1AF7                 sti
seg000:1AF8                 retn
seg000:1AF8 FDD_setut_DMA   endp
seg000:1AF8
seg000:1AF9
seg000:1AF9 ; =============== S U B R O U T I N E =======================================
seg000:1AF9
seg000:1AF9
seg000:1AF9 FDD_set_DMA1_Ch2_Address proc near      ; CODE XREF: FDD_setut_DMA+7↑p
seg000:1AF9                 mov     ax, [bp+Sanyo_int13_stack_frame.reg_es]
seg000:1AFC                 mov     dl, ah
seg000:1AFE                 mov     cl, 4
seg000:1B00                 shr     dl, cl
seg000:1B02                 shl     ax, cl
seg000:1B04                 mov     bx, word ptr [bp+Sanyo_int13_stack_frame.reg_bl]
seg000:1B07                 add     bx, ax
seg000:1B09                 mov     al, 0
seg000:1B0B                 adc     al, dl
seg000:1B0D                 mov     dx, IO_Port_81h_DMA_Page_Ch2
seg000:1B10                 out     dx, al
seg000:1B11                 mov     dx, IO_Port_0Ch_DMA1_Clear_FlipFlop
seg000:1B14                 out     dx, al
seg000:1B15                 call    delay_small
seg000:1B18                 mov     dx, IO_Port_04h_DMA1_Ch2_Address
seg000:1B1B                 mov     al, bl
seg000:1B1D                 out     dx, al
seg000:1B1E                 call    delay_small
seg000:1B21                 mov     al, bh
seg000:1B23                 out     dx, al
seg000:1B24                 retn
seg000:1B24 FDD_set_DMA1_Ch2_Address endp
seg000:1B24
seg000:1B25
seg000:1B25 ; =============== S U B R O U T I N E =======================================
seg000:1B25
seg000:1B25
seg000:1B25 FDD_set_DMA_Count proc near             ; CODE XREF: FDD_setut_DMA+A↑p
seg000:1B25                 push    bx
seg000:1B26                 mov     ax, 255
seg000:1B29                 mov     bl, [bp+Sanyo_int13_stack_frame.reg_ah]
seg000:1B2C                 cmp     bl, int13h_5_Format_disk_track
seg000:1B2F                 jz      short loc_F01B55
seg000:1B31                 push    ds
seg000:1B32                 mov     ds, cs:IVT_segment
seg000:1B37                 assume ds:nothing
seg000:1B37                 les     bx, ds:IVT_Diskette_Parameter_Table_off
seg000:1B3B                 pop     ds
seg000:1B3C                 assume ds:seg000
seg000:1B3C                 mov     cl, es:[bx+DPTe.DPT.bytes_per_sector]
seg000:1B40                 mov     al, 128
seg000:1B42                 sub     ah, ah
seg000:1B44                 shl     ax, cl
seg000:1B46                 mov     bx, ax
seg000:1B48                 sub     ax, ax
seg000:1B4A                 mov     ch, al
seg000:1B4C                 mov     cl, [bp+Sanyo_int13_stack_frame.reg_al]
seg000:1B4F
seg000:1B4F loc_F01B4F:                             ; CODE XREF: FDD_set_DMA_Count+2E↓j
seg000:1B4F                 add     ax, bx
seg000:1B51                 jb      short loc_F01B68
seg000:1B53                 loop    loc_F01B4F
seg000:1B55
seg000:1B55 loc_F01B55:                             ; CODE XREF: FDD_set_DMA_Count+A↑j
seg000:1B55                 pop     dx
seg000:1B56                 add     dx, ax
seg000:1B58                 jz      short set_DMA_Count
seg000:1B5A                 jb      short error
seg000:1B5C
seg000:1B5C set_DMA_Count:                          ; CODE XREF: FDD_set_DMA_Count+33↑j
seg000:1B5C                 dec     ax
seg000:1B5D                 mov     dx, IO_Port_05h_DMA1_Ch2_Count
seg000:1B60                 out     dx, al
seg000:1B61                 call    delay_small
seg000:1B64                 mov     al, ah
seg000:1B66                 out     dx, al
seg000:1B67                 retn
seg000:1B68 ; ---------------------------------------------------------------------------
seg000:1B68
seg000:1B68 loc_F01B68:                             ; CODE XREF: FDD_set_DMA_Count+2C↑j
seg000:1B68                 pop     dx
seg000:1B69
seg000:1B69 error:                                  ; CODE XREF: FDD_set_DMA_Count+35↑j
seg000:1B69                 sti
seg000:1B6A                 mov     ah, int13h_9_status_data_boundary_error
seg000:1B6C                 jmp     FDD_exit_error_handler
seg000:1B6C FDD_set_DMA_Count endp
seg000:1B6C
seg000:1B6F
seg000:1B6F ; =============== S U B R O U T I N E =======================================
seg000:1B6F
seg000:1B6F
seg000:1B6F FDD_RTC_PERIODIC_INT_EN proc near       ; CODE XREF: FDD_setut_DMA+D↑p
seg000:1B6F                 mov     ah, [bp+Sanyo_int13_stack_frame.reg_ah]
seg000:1B72                 mov     al, 4Ah
seg000:1B74                 test    ah, 1
seg000:1B77                 jnz     short loc_F01B82
seg000:1B79                 mov     al, 46h ; 'F'
seg000:1B7B                 cmp     ah, 2
seg000:1B7E                 jz      short loc_F01B82
seg000:1B80                 mov     al, CMOS_0Bh_REGB_24_HOUR_MODE or CMOS_0Bh_REGB_PERIODIC_INT_EN
seg000:1B82
seg000:1B82 loc_F01B82:                             ; CODE XREF: FDD_RTC_PERIODIC_INT_EN+8↑j FDD_RTC_PERIODIC_INT_EN+F↑j
seg000:1B82                 mov     dx, CMOS_0Bh_Status_Register_B
seg000:1B85                 out     dx, al
seg000:1B86                 retn
seg000:1B86 FDD_RTC_PERIODIC_INT_EN endp
seg000:1B86
seg000:1B87
seg000:1B87 ; =============== S U B R O U T I N E =======================================
seg000:1B87
seg000:1B87
seg000:1B87 FDC_CMD_READ    proc near               ; CODE XREF: int_13h_2345_FDD_read_write_verify_format_track:read↑p
seg000:1B87                 mov     al, IO_Port_3F5h_FDC_CMD_READ_DATA_MT_MFM_SkipDeleted
seg000:1B89                 jmp     short loc_F01B92
seg000:1B89 FDC_CMD_READ    endp
seg000:1B89
seg000:1B8B                 assume ds:nothing
seg000:1B8B
seg000:1B8B ; =============== S U B R O U T I N E =======================================
seg000:1B8B
seg000:1B8B
seg000:1B8B FDC_CMD_WRITE   proc near               ; CODE XREF: int_13h_2345_FDD_read_write_verify_format_track+A3↑p
seg000:1B8B                 mov     al, IO_Port_3F5h_FDC_CMD_WRITE_DATA_MT_MFM
seg000:1B8D                 or      byte ptr ds:BDA_3Fh_floppy_motor_status, BDA_3Fh_motor_stat_WRITE ; MASK bit7 0 READ
seg000:1B92
seg000:1B92 loc_F01B92:                             ; CODE XREF: FDC_CMD_READ+2↑j
seg000:1B92                 mov     [bp+Sanyo_int13_stack_frame.local_byte0], al
seg000:1B95                 mov     al, [bp+Sanyo_int13_stack_frame.reg_dh]
seg000:1B98                 mov     cl, al
seg000:1B9A                 shl     al, 1
seg000:1B9C                 shl     al, 1
seg000:1B9E                 mov     ah, [bp+Sanyo_int13_stack_frame.reg_dl]
seg000:1BA1                 or      al, ah
seg000:1BA3                 mov     [bp+Sanyo_int13_stack_frame.local_byte1], al
seg000:1BA6                 mov     al, [bp+Sanyo_int13_stack_frame.reg_ch]
seg000:1BA9                 mov     [bp+Sanyo_int13_stack_frame.local_byte2], al
seg000:1BAC                 mov     [bp+Sanyo_int13_stack_frame.local_byte3], cl
seg000:1BAF                 mov     al, [bp+Sanyo_int13_stack_frame.reg_cl]
seg000:1BB2                 mov     [bp+Sanyo_int13_stack_frame.local_byte4], al
seg000:1BB5                 push    ds
seg000:1BB6                 mov     ds, cs:IVT_segment
seg000:1BBB                 assume ds:nothing
seg000:1BBB                 les     bx, ds:IVT_Diskette_Parameter_Table_off
seg000:1BBF                 pop     ds
seg000:1BC0                 assume ds:seg000
seg000:1BC0                 mov     al, es:[bx+DPT.bytes_per_sector]
seg000:1BC4                 mov     [bp+Sanyo_int13_stack_frame.local_byte5], al
seg000:1BC7                 mov     al, es:[bx+DPT.sectors_per_track]
seg000:1BCB                 mov     [bp+Sanyo_int13_stack_frame.local_byte6], al
seg000:1BCE                 push    bx
seg000:1BCF                 call    point_BX_at_active_DPTe
seg000:1BD2                 mov     al, cs:[bx+DPTe.DPT.gap_length]
seg000:1BD7                 pop     bx
seg000:1BD8                 mov     [bp+Sanyo_int13_stack_frame.local_byte7], al
seg000:1BDB                 mov     al, es:[bx+DPTe.DPT.data_length]
seg000:1BDF                 mov     [bp+Sanyo_int13_stack_frame.local_byte8], al
seg000:1BE2                 mov     dl, 9
seg000:1BE4                 retn
seg000:1BE4 FDC_CMD_WRITE   endp
seg000:1BE4
seg000:1BE5                 assume ds:nothing
seg000:1BE5
seg000:1BE5 ; =============== S U B R O U T I N E =======================================
seg000:1BE5
seg000:1BE5
seg000:1BE5 FDC_CMD_FORMAT_TRACK_MFM proc near      ; CODE XREF: int_13h_2345_FDD_read_write_verify_format_track:format↑p
seg000:1BE5                 mov     [bp+Sanyo_int13_stack_frame.local_byte0], IO_Port_3F5h_FDC_CMD_FORMAT_TRACK_MFM
seg000:1BE9                 or      byte ptr ds:BDA_3Fh_floppy_motor_status, BDA_3Fh_motor_stat_WRITE ; MASK bit7 0 READ
seg000:1BEE                 mov     al, [bp+Sanyo_int13_stack_frame.reg_dh]
seg000:1BF1                 mov     cl, al
seg000:1BF3                 shl     al, 1
seg000:1BF5                 shl     al, 1
seg000:1BF7                 mov     ah, [bp+Sanyo_int13_stack_frame.reg_dl]
seg000:1BFA                 or      al, ah
seg000:1BFC                 mov     [bp+Sanyo_int13_stack_frame.local_byte1], al
seg000:1BFF                 push    ds
seg000:1C00                 mov     ds, cs:IVT_segment
seg000:1C05                 les     bx, ds:IVT_Diskette_Parameter_Table_off
seg000:1C09                 pop     ds
seg000:1C0A                 assume ds:seg000
seg000:1C0A                 mov     al, es:[bx+DPTe.DPT.bytes_per_sector]
seg000:1C0E                 mov     [bp+Sanyo_int13_stack_frame.local_byte2], al
seg000:1C11                 mov     al, es:[bx+DPTe.DPT.sectors_per_track]
seg000:1C15                 mov     [bp+Sanyo_int13_stack_frame.local_byte3], al
seg000:1C18                 mov     al, es:[bx+DPTe.DPT.gap_length_format]
seg000:1C1C                 mov     [bp+Sanyo_int13_stack_frame.local_byte4], al
seg000:1C1F                 mov     al, es:[bx+DPTe.DPT.fill_byte]
seg000:1C23                 mov     [bp+Sanyo_int13_stack_frame.local_byte5], al
seg000:1C26                 mov     dl, 6
seg000:1C28                 retn
seg000:1C28 FDC_CMD_FORMAT_TRACK_MFM endp
seg000:1C28
seg000:1C29
seg000:1C29 ; =============== S U B R O U T I N E =======================================
seg000:1C29
seg000:1C29
seg000:1C29 point_BX_at_active_DPTe proc near       ; CODE XREF: FDC_CMD_SPECIFY↑p FDC_CMD_WRITE+44↑p
seg000:1C29                 call    point_BX_at_type_DPTe
seg000:1C2C                 jb      short fallback
seg000:1C2E                 test    al, 2
seg000:1C30                 jz      short end
seg000:1C32                 push    bx
seg000:1C33                 call    point_BX_at_BDA_drive_media_state
seg000:1C36                 mov     al, [bx]
seg000:1C38                 pop     bx
seg000:1C39                 test    al, FLOPPY_RATE_MASK ; MASK
seg000:1C3B                 jp      short end
seg000:1C3D                 add     bx, size DPTe
seg000:1C40
seg000:1C40 end:                                    ; CODE XREF: point_BX_at_active_DPTe+7↑j point_BX_at_active_DPTe+12↑j ...
seg000:1C40                 retn
seg000:1C41 ; ---------------------------------------------------------------------------
seg000:1C41
seg000:1C41 fallback:                               ; CODE XREF: point_BX_at_active_DPTe+3↑j
seg000:1C41                 mov     bx, offset dpt_525DD_360kb
seg000:1C44                 call    FDD_supports_80_tracks
seg000:1C47                 test    al, 1
seg000:1C49                 jz      short end
seg000:1C4B                 mov     bx, offset dpt_525HD_12mb
seg000:1C4E                 retn
seg000:1C4E point_BX_at_active_DPTe endp
seg000:1C4E
seg000:1C4F                 assume ds:nothing
seg000:1C4F
seg000:1C4F ; =============== S U B R O U T I N E =======================================
seg000:1C4F
seg000:1C4F
seg000:1C4F FDD_Command_send_dl_bytes proc near     ; CODE XREF: FDC_disk_change_line_active+4E↑p int_13h_2345_FDD_read_write_verify_format_track:FDC_CMD_call↑p ...
seg000:1C4F                 mov     ah, not (BDA_3Eh_Working_interrupt_flag)
seg000:1C51                 mov     bl, ds:BDA_3Eh_floppy_calibration_status
seg000:1C55                 and     ah, bl
seg000:1C57                 mov     ds:BDA_3Eh_floppy_calibration_status, ah
seg000:1C5B                 mov     ah, dl
seg000:1C5D                 mov     dx, IO_Port_3F4h_FDD_Main_Status
seg000:1C60                 mov     bx, 300
seg000:1C63
seg000:1C63 FDC_MSR_BUSY_loop_outer:                ; CODE XREF: FDD_Command_send_dl_bytes+1F↓j
seg000:1C63                 mov     cx, 1000
seg000:1C66
seg000:1C66 FDC_MSR_BUSY_loop:                      ; CODE XREF: FDD_Command_send_dl_bytes+1C↓j
seg000:1C66                 in      al, dx
seg000:1C67                 test    al, IO_Port_3F4h_FDC_MSR_BUSY
seg000:1C69                 jz      short ready0
seg000:1C6B                 loop    FDC_MSR_BUSY_loop
seg000:1C6D                 dec     bx
seg000:1C6E                 jnz     short FDC_MSR_BUSY_loop_outer
seg000:1C70                 mov     ah, int13h_80_status_timeout_not_ready
seg000:1C72                 jmp     FDD_exit_error_handler
seg000:1C75 ; ---------------------------------------------------------------------------
seg000:1C75
seg000:1C75 ready0:                                 ; CODE XREF: FDD_Command_send_dl_bytes+1A↑j
seg000:1C75                 mov     bx, 0
seg000:1C78                 add     bx, bp
seg000:1C7A
seg000:1C7A out_byte_loop:                          ; CODE XREF: FDD_Command_send_dl_bytes+50↓j
seg000:1C7A                 mov     dx, IO_Port_3F4h_FDD_Main_Status
seg000:1C7D                 mov     cx, 65535
seg000:1C80
seg000:1C80 wait_RQM_READY_loop:                    ; CODE XREF: FDD_Command_send_dl_bytes:loop_again↓j
seg000:1C80                 in      al, dx
seg000:1C81                 and     al, IO_Port_3F4h_FDC_MSR_DIO_CNTRLR_TO_CPU or IO_Port_3F4h_FDC_MSR_RQM_READY ; bit6 0 = MSR_DIO_CPU_TO_CNTRLR
seg000:1C83                 cmp     al, IO_Port_3F4h_FDC_MSR_RQM_READY
seg000:1C85                 jz      short ready1
seg000:1C87                 cmp     al, IO_Port_3F4h_FDC_MSR_DIO_CNTRLR_TO_CPU or IO_Port_3F4h_FDC_MSR_RQM_READY ; bit6 0 = MSR_DIO_CPU_TO_CNTRLR
seg000:1C89                 jnz     short loop_again
seg000:1C8B                 inc     dx
seg000:1C8C                 in      al, dx
seg000:1C8D                 dec     dx
seg000:1C8E
seg000:1C8E loop_again:                             ; CODE XREF: FDD_Command_send_dl_bytes+3A↑j
seg000:1C8E                 loop    wait_RQM_READY_loop
seg000:1C90                 mov     ah, int13h_80_status_timeout_not_ready
seg000:1C92                 jmp     FDD_exit_error_handler
seg000:1C95 ; ---------------------------------------------------------------------------
seg000:1C95
seg000:1C95 ready1:                                 ; CODE XREF: FDD_Command_send_dl_bytes+36↑j
seg000:1C95                 mov     dx, IO_Port_3F5h_FDD_Command
seg000:1C98                 mov     al, ss:[bx]
seg000:1C9B                 out     dx, al
seg000:1C9C                 inc     bx
seg000:1C9D                 dec     ah
seg000:1C9F                 jnz     short out_byte_loop
seg000:1CA1                 retn
seg000:1CA1 FDD_Command_send_dl_bytes endp
seg000:1CA1
seg000:1CA2
seg000:1CA2 ; =============== S U B R O U T I N E =======================================
seg000:1CA2
seg000:1CA2
seg000:1CA2 FDD_Device_Busy proc near               ; CODE XREF: int_13h_2345_FDD_read_write_verify_format_track+AE↑p FDD_check_seek_status+1↑p
seg000:1CA2                 sti
seg000:1CA3                 clc
seg000:1CA4                 push    bx
seg000:1CA5                 mov     ax, int15h_9001_diskette_Device_Busy
seg000:1CA8                 mov     bx, IVT_SYSTEM_SERVICES_off
seg000:1CAB                 call    call_IVT_off_BX_with_AX
seg000:1CAE                 pop     bx
seg000:1CAF                 jb      short error
seg000:1CB1                 mov     bx, 1000
seg000:1CB4
seg000:1CB4 interrupt_flag_loop_outer:              ; CODE XREF: FDD_Device_Busy+1F↓j
seg000:1CB4                 mov     cx, 666
seg000:1CB7
seg000:1CB7 interrupt_flag_loop:                    ; CODE XREF: FDD_Device_Busy+1C↓j
seg000:1CB7                 mov     al, ds:BDA_3Eh_floppy_calibration_status
seg000:1CBA                 test    al, BDA_3Eh_Working_interrupt_flag
seg000:1CBC                 jnz     short end
seg000:1CBE                 loop    interrupt_flag_loop
seg000:1CC0                 dec     bx
seg000:1CC1                 jnz     short interrupt_flag_loop_outer
seg000:1CC3
seg000:1CC3 error:                                  ; CODE XREF: FDD_Device_Busy+D↑j
seg000:1CC3                 mov     ah, int13h_80_status_timeout_not_ready
seg000:1CC5                 jmp     FDD_exit_error_handler
seg000:1CC8 ; ---------------------------------------------------------------------------
seg000:1CC8
seg000:1CC8 end:                                    ; CODE XREF: FDD_Device_Busy+1A↑j
seg000:1CC8                 retn
seg000:1CC8 FDD_Device_Busy endp
seg000:1CC8
seg000:1CC9
seg000:1CC9 ; =============== S U B R O U T I N E =======================================
seg000:1CC9
seg000:1CC9
seg000:1CC9 FDD_read_STatus_dl_bytes proc near      ; CODE XREF: int_13h_2345_FDD_read_write_verify_format_track+B3↑p FDD_check_seek_status+F↑p ...
seg000:1CC9                 mov     ah, dl
seg000:1CCB                 mov     di, BDA_42h_floppy_status_register_ST0
seg000:1CCE
seg000:1CCE fdd_read_loop:                          ; CODE XREF: FDD_read_STatus_dl_bytes+11↓j
seg000:1CCE                 call    FDC_RQM_READY
seg000:1CD1                 mov     dx, IO_Port_3F5h_FDD_Data
seg000:1CD4                 in      al, dx
seg000:1CD5                 mov     [di], al
seg000:1CD7                 inc     di
seg000:1CD8                 dec     ah
seg000:1CDA                 jnz     short fdd_read_loop
seg000:1CDC                 retn
seg000:1CDC FDD_read_STatus_dl_bytes endp
seg000:1CDC
seg000:1CDD
seg000:1CDD ; =============== S U B R O U T I N E =======================================
seg000:1CDD
seg000:1CDD
seg000:1CDD FDC_RQM_READY   proc near               ; CODE XREF: FDD_read_STatus_dl_bytes:fdd_read_loop↑p
seg000:1CDD                 mov     dx, IO_Port_3F4h_FDD_Main_Status
seg000:1CE0                 mov     bx, 300
seg000:1CE3
seg000:1CE3 FDC_RQM_READY_loop_outer:               ; CODE XREF: FDC_RQM_READY+13↓j
seg000:1CE3                 mov     cx, 1000
seg000:1CE6
seg000:1CE6 FDC_RQM_READY_loop:                     ; CODE XREF: FDC_RQM_READY+10↓j
seg000:1CE6                 in      al, dx
seg000:1CE7                 and     al, IO_Port_3F4h_FDC_MSR_DIO_CNTRLR_TO_CPU or IO_Port_3F4h_FDC_MSR_RQM_READY ; bit6 0 = MSR_DIO_CPU_TO_CNTRLR
seg000:1CE9                 cmp     al, IO_Port_3F4h_FDC_MSR_DIO_CNTRLR_TO_CPU or IO_Port_3F4h_FDC_MSR_RQM_READY ; bit6 0 = MSR_DIO_CPU_TO_CNTRLR
seg000:1CEB                 jz      short end
seg000:1CED                 loop    FDC_RQM_READY_loop
seg000:1CEF                 dec     bx
seg000:1CF0                 jnz     short FDC_RQM_READY_loop_outer
seg000:1CF2                 mov     ah, int13h_80_status_timeout_not_ready
seg000:1CF4                 jmp     FDD_exit_error_handler
seg000:1CF7 ; ---------------------------------------------------------------------------
seg000:1CF7
seg000:1CF7 end:                                    ; CODE XREF: FDC_RQM_READY+E↑j
seg000:1CF7                 retn
seg000:1CF7 FDC_RQM_READY   endp
seg000:1CF7
seg000:1CF8
seg000:1CF8 ; =============== S U B R O U T I N E =======================================
seg000:1CF8
seg000:1CF8
seg000:1CF8 fdd_status_error proc near              ; CODE XREF: int_13h_2345_FDD_read_write_verify_format_track+B6↑p FDC_CMD_SEEK_READ_ID_MFM+37↓p
seg000:1CF8                 mov     al, ds:BDA_42h_floppy_status_register_ST0
seg000:1CFB                 and     al, FDC_ST0_INT_SEEK_FAIL
seg000:1CFD                 jz      short end
seg000:1CFF                 cmp     al, FDC_ST0_INT_ABNORMAL
seg000:1D01                 jz      short loc_F01D05
seg000:1D03                 jmp     short controller_failure
seg000:1D05 ; ---------------------------------------------------------------------------
seg000:1D05
seg000:1D05 loc_F01D05:                             ; CODE XREF: fdd_status_error+9↑j
seg000:1D05                 mov     al, ds:BDA_43h_floppy_status_register_ST1
seg000:1D08                 and     al, not (FDC_ST1_UNUSED_BIT3 or FDC_ST1_UNUSED_BIT6)
seg000:1D0A                 mov     cl, 8
seg000:1D0C
seg000:1D0C error_ST1_loop:                         ; CODE XREF: fdd_status_error+1A↓j
seg000:1D0C                 shl     al, 1
seg000:1D0E                 jb      short error_ST1
seg000:1D10                 dec     cl
seg000:1D12                 jnz     short error_ST1_loop
seg000:1D14                 mov     al, ds:BDA_44h_floppy_status_register_ST2
seg000:1D17                 and     al, FDC_ST2_WRONG_CYLINDER or FDC_ST2_CRC_ERROR_DATA_FIELD
seg000:1D19                 mov     cl, 8
seg000:1D1B
seg000:1D1B error_ST2_loop:                         ; CODE XREF: fdd_status_error+29↓j
seg000:1D1B                 shl     al, 1
seg000:1D1D                 jb      short error_ST2
seg000:1D1F                 dec     cl
seg000:1D21                 jnz     short error_ST2_loop
seg000:1D23
seg000:1D23 controller_failure:                     ; CODE XREF: fdd_status_error+B↑j
seg000:1D23                 mov     ah, int13h_20_status_controller_failure
seg000:1D25                 stc
seg000:1D26                 retn
seg000:1D27 ; ---------------------------------------------------------------------------
seg000:1D27
seg000:1D27 end:                                    ; CODE XREF: fdd_status_error+5↑j
seg000:1D27                 clc
seg000:1D28                 retn
seg000:1D29 ; ---------------------------------------------------------------------------
seg000:1D29
seg000:1D29 error_ST1:                              ; CODE XREF: fdd_status_error+16↑j
seg000:1D29                 mov     bx, (offset st1_LUT-1)
seg000:1D2C                 jmp     short error_code
seg000:1D2E ; ---------------------------------------------------------------------------
seg000:1D2E
seg000:1D2E error_ST2:                              ; CODE XREF: fdd_status_error+25↑j
seg000:1D2E                 mov     bx, (offset st2_LUT-1)
seg000:1D31
seg000:1D31 error_code:                             ; CODE XREF: fdd_status_error+34↑j
seg000:1D31                 mov     ch, 0
seg000:1D33                 add     bx, cx
seg000:1D35                 mov     ah, cs:[bx]
seg000:1D38                 stc
seg000:1D39                 retn
seg000:1D39 fdd_status_error endp
seg000:1D39
seg000:1D3A
seg000:1D3A ; =============== S U B R O U T I N E =======================================
seg000:1D3A
seg000:1D3A
seg000:1D3A delay_small     proc near               ; CODE XREF: FDD_set_DMA1_Ch2_Address+1C↑p FDD_set_DMA1_Ch2_Address+25↑p ...
seg000:1D3A                 xchg    al, ah
seg000:1D3C                 xchg    ah, al
seg000:1D3E                 retn
seg000:1D3E delay_small     endp
seg000:1D3E
seg000:1D3F
seg000:1D3F ; =============== S U B R O U T I N E =======================================
seg000:1D3F
seg000:1D3F
seg000:1D3F delay_CPU_speed_calibrated proc near    ; CODE XREF: int_13h_2345_FDD_read_write_verify_format_track+CC↑p FDC_RECALIBRATE+18↑p ...
seg000:1D3F                 mov     ah, ds:BDA_D5h_Sanyo_CPU_speed_index_waitstate
seg000:1D43                 xor     cx, cx
seg000:1D45                 and     ah, 0Eh
seg000:1D48
seg000:1D48 loc_F01D48:                             ; CODE XREF: delay_CPU_speed_calibrated+E↓j
seg000:1D48                 add     cx, 55
seg000:1D4B                 dec     ah
seg000:1D4D                 jnz     short loc_F01D48
seg000:1D4F                 cli
seg000:1D50
seg000:1D50 loc_F01D50:                             ; CODE XREF: delay_CPU_speed_calibrated+16↓j
seg000:1D50                 push    cx
seg000:1D51
seg000:1D51 loc_F01D51:                             ; CODE XREF: delay_CPU_speed_calibrated:loc_F01D51↓j
seg000:1D51                 loop    loc_F01D51
seg000:1D53                 pop     cx
seg000:1D54                 dec     bx
seg000:1D55                 jnz     short loc_F01D50
seg000:1D57                 sti
seg000:1D58                 retn
seg000:1D58 delay_CPU_speed_calibrated endp
seg000:1D58
seg000:1D59
seg000:1D59 ; =============== S U B R O U T I N E =======================================
seg000:1D59
seg000:1D59
seg000:1D59 int_13h_8_FDD_Get_drive_parameters proc near ; DATA XREF: int_13h_diskIO+10↑o
seg000:1D59                 sub     sp, 0Ah
seg000:1D5C                 mov     bp, sp
seg000:1D5E                 sti
seg000:1D5F                 xor     si, si
seg000:1D61                 test    byte ptr ds:BDA_10h_equipment_list, EQ_BOOT_FLOPPY
seg000:1D66                 jnz     short loc_F01D6C
seg000:1D68                 xor     al, al
seg000:1D6A                 jmp     short loc_F01DA9
seg000:1D6C ; ---------------------------------------------------------------------------
seg000:1D6C
seg000:1D6C loc_F01D6C:                             ; CODE XREF: int_13h_8_FDD_Get_drive_parameters+D↑j
seg000:1D6C                 mov     dl, [bp+Sanyo_int13_stack_frame.reg_dl]
seg000:1D6F                 cmp     dl, int13h_Floppy2
seg000:1D72                 jb      short floppy
seg000:1D74                 cmp     dl, int13h_HDD0_80h
seg000:1D77                 mov     al, 1
seg000:1D79                 mov     si, offset word_F01E37
seg000:1D7C                 jnb     short loc_F01DA9
seg000:1D7E                 xor     al, al
seg000:1D80                 jmp     short loc_F01DA9
seg000:1D82 ; ---------------------------------------------------------------------------
seg000:1D82
seg000:1D82 floppy:                                 ; CODE XREF: int_13h_8_FDD_Get_drive_parameters+19↑j
seg000:1D82                 call    get_FDD_Type_safe
seg000:1D85                 jbe     short loc_F01D8B
seg000:1D87                 cmp     al, 5
seg000:1D89                 jb      short loc_F01DA9
seg000:1D8B
seg000:1D8B loc_F01D8B:                             ; CODE XREF: int_13h_8_FDD_Get_drive_parameters+2C↑j
seg000:1D8B                 call    point_BX_at_BDA_drive_media_state
seg000:1D8E                 xor     al, al
seg000:1D90                 mov     ah, [bx]
seg000:1D92                 test    ah, BDA_90h_drive_STATE_media_ESTABLISHED
seg000:1D95                 jz      short loc_F01DA9
seg000:1D97                 call    FDD_supports_80_tracks
seg000:1D9A                 test    al, 1
seg000:1D9C                 mov     al, 1
seg000:1D9E                 jz      short loc_F01DA9
seg000:1DA0                 shl     al, 1
seg000:1DA2                 and     ah, BDA_90h_drive_STATE_RATE_300KBPS
seg000:1DA5                 jnz     short loc_F01DA9
seg000:1DA7                 shl     al, 1
seg000:1DA9
seg000:1DA9 loc_F01DA9:                             ; CODE XREF: int_13h_8_FDD_Get_drive_parameters+11↑j int_13h_8_FDD_Get_drive_parameters+23↑j ...
seg000:1DA9                 or      al, al
seg000:1DAB                 jnz     short loc_F01DBF
seg000:1DAD                 mov     si, offset word_F01E25
seg000:1DB0                 lods    word ptr cs:[si]
seg000:1DB2                 mov     cx, ax
seg000:1DB4                 mov     dx, ax
seg000:1DB6                 mov     di, ax
seg000:1DB8                 mov     es, ax
seg000:1DBA                 mov     si, offset word_F01E3B
seg000:1DBD                 jmp     short loc_F01DFA
seg000:1DBF ; ---------------------------------------------------------------------------
seg000:1DBF
seg000:1DBF loc_F01DBF:                             ; CODE XREF: int_13h_8_FDD_Get_drive_parameters+52↑j
seg000:1DBF                 or      si, si
seg000:1DC1                 jnz     short loc_F01DE4
seg000:1DC3                 mov     si, offset word_F01E27
seg000:1DC6                 mov     di, offset dpt_table_ptr
seg000:1DC9                 dec     al
seg000:1DCB                 shl     al, 1
seg000:1DCD                 xor     ah, ah
seg000:1DCF                 add     di, ax
seg000:1DD1                 shl     al, 1
seg000:1DD3                 add     si, ax
seg000:1DD5                 mov     di, word ptr cs:[di+DPTe.DPT.step_rate_head_unload]
seg000:1DD8                 mov     ch, cs:[di+DPTe.Maximum_Track]
seg000:1DDD                 mov     cl, cs:[di+DPTe.DPT.sectors_per_track]
seg000:1DE2                 push    cs
seg000:1DE3                 pop     es
seg000:1DE4                 assume es:nothing
seg000:1DE4
seg000:1DE4 loc_F01DE4:                             ; CODE XREF: int_13h_8_FDD_Get_drive_parameters+68↑j
seg000:1DE4                 mov     dx, 1
seg000:1DE7                 test    byte ptr ds:BDA_10h_equipment_list, EQ_FLOPPY_2
seg000:1DEC                 jz      short loc_F01DF1
seg000:1DEE                 mov     dx, 2
seg000:1DF1
seg000:1DF1 loc_F01DF1:                             ; CODE XREF: int_13h_8_FDD_Get_drive_parameters+93↑j
seg000:1DF1                 test    byte ptr cs:[si+1], 0Fh
seg000:1DF6                 jz      short loc_F01E06
seg000:1DF8                 mov     dh, 1
seg000:1DFA
seg000:1DFA loc_F01DFA:                             ; CODE XREF: int_13h_8_FDD_Get_drive_parameters+64↑j
seg000:1DFA                 mov     word ptr [bp+Sanyo_int13_stack_frame.reg_cl], cx
seg000:1DFD                 mov     word ptr [bp+Sanyo_int13_stack_frame.reg_dl], dx
seg000:1E00                 mov     [bp+Sanyo_int13_stack_frame.reg_di], di
seg000:1E03                 mov     [bp+Sanyo_int13_stack_frame.reg_es], es
seg000:1E06
seg000:1E06 loc_F01E06:                             ; CODE XREF: int_13h_8_FDD_Get_drive_parameters+9D↑j
seg000:1E06                 lods    byte ptr cs:[si]
seg000:1E08                 mov     ah, al
seg000:1E0A                 mov     ds:BDA_41h_floppy_status, ah
seg000:1E0E                 xor     al, al
seg000:1E10                 mov     word ptr [bp+Sanyo_int13_stack_frame.reg_al], ax
seg000:1E13                 lods    byte ptr cs:[si]
seg000:1E15                 xor     ah, ah
seg000:1E17                 mov     word ptr [bp+Sanyo_int13_stack_frame.reg_bl], ax
seg000:1E1A                 lods    word ptr cs:[si]
seg000:1E1C                 and     byte ptr [bp+Sanyo_int13_stack_frame.int_cs], ah
seg000:1E1F                 or      byte ptr [bp+Sanyo_int13_stack_frame.int_cs], al
seg000:1E22                 jmp     loc_F0172E
seg000:1E22 int_13h_8_FDD_Get_drive_parameters endp
seg000:1E22
seg000:1E22 ; ---------------------------------------------------------------------------
seg000:1E25 word_F01E25     dw 0                    ; DATA XREF: int_13h_8_FDD_Get_drive_parameters+54↑o
seg000:1E27 word_F01E27     dw 100h                 ; DATA XREF: int_13h_8_FDD_Get_drive_parameters+6A↑o
seg000:1E29                 db    0
seg000:1E2A                 db 0BEh
seg000:1E2B                 db    0
seg000:1E2C                 db    2
seg000:1E2D                 db    0
seg000:1E2E                 db 0BEh
seg000:1E2F                 db    0
seg000:1E30                 db    3
seg000:1E31                 db    0
seg000:1E32                 db 0BEh
seg000:1E33                 db    0
seg000:1E34                 db    4
seg000:1E35                 db    0
seg000:1E36                 db 0BEh
seg000:1E37 word_F01E37     dw 1                    ; DATA XREF: int_13h_8_FDD_Get_drive_parameters+20↑o
seg000:1E39                 db 1
seg000:1E3A                 db 0BFh
seg000:1E3B word_F01E3B     dw 0                    ; DATA XREF: int_13h_8_FDD_Get_drive_parameters+61↑o
seg000:1E3D                 db 40h
seg000:1E3E                 db 0FEh
seg000:1E3F
seg000:1E3F ; =============== S U B R O U T I N E =======================================
seg000:1E3F
seg000:1E3F
seg000:1E3F FDD_supports_80_tracks proc near        ; CODE XREF: point_BX_at_active_DPTe+1B↑p int_13h_8_FDD_Get_drive_parameters+3E↑p ...
seg000:1E3F                 mov     al, ds:BDA_8Fh_floppy_information
seg000:1E42                 mov     cl, 4
seg000:1E44                 rol     al, cl
seg000:1E46                 jmp     short pick_type_nibble_to_MASK
seg000:1E46 FDD_supports_80_tracks endp
seg000:1E46
seg000:1E48
seg000:1E48 ; =============== S U B R O U T I N E =======================================
seg000:1E48
seg000:1E48
seg000:1E48 get_FDD_Type_safe proc near             ; CODE XREF: FDD_STATE_media_ESTABLISH+3↑p int_13h_8_FDD_Get_drive_parameters:floppy↑p ...
seg000:1E48                 mov     al, CMOS_0Eh_Diagnostic_Status
seg000:1E4A                 call    cmos_read
seg000:1E4D                 and     al, CMOS_0Eh_CMOS_Diag_CHECKSUM_BAD or CMOS_0Eh_CMOS_Diag_RTC_POWER_LOST
seg000:1E4F                 mov     ah, al
seg000:1E51                 jz      short get_FDD_Type
seg000:1E53                 stc
seg000:1E54                 retn
seg000:1E55 ; ---------------------------------------------------------------------------
seg000:1E55
seg000:1E55 get_FDD_Type:                           ; CODE XREF: get_FDD_Type_safe+9↑j sub_F0217B+C↓p
seg000:1E55                 or      al, CMOS_10h_Floppy_Drive_Type
seg000:1E57                 call    cmos_read
seg000:1E5A
seg000:1E5A pick_type_nibble_to_MASK:               ; CODE XREF: FDD_supports_80_tracks+7↑j
seg000:1E5A                 cmp     [bp+Sanyo_int13_stack_frame.reg_dl], 1
seg000:1E5E                 jz      short type_MASK
seg000:1E60                 mov     cl, 4
seg000:1E62                 shr     al, cl
seg000:1E64
seg000:1E64 type_MASK:                              ; CODE XREF: get_FDD_Type_safe+16↑j
seg000:1E64                 and     al, CMOS_10h_FDD1_type_MASK ; MASK 0 = FDD1_type_no_drive
seg000:1E66                 retn
seg000:1E66 get_FDD_Type_safe endp
seg000:1E66
seg000:1E67
seg000:1E67 ; =============== S U B R O U T I N E =======================================
seg000:1E67
seg000:1E67
seg000:1E67 int_13h_15h_FDD_Read_disk_type proc near ; DATA XREF: int_13h_diskIO+10↑o
seg000:1E67                 sub     sp, 0Ah
seg000:1E6A                 mov     bp, sp
seg000:1E6C                 sti
seg000:1E6D                 cmp     dl, int13h_Floppy2
seg000:1E70                 jb      short loc_F01E75
seg000:1E72                 jmp     int13h_bad_command_handler
seg000:1E75 ; ---------------------------------------------------------------------------
seg000:1E75
seg000:1E75 loc_F01E75:                             ; CODE XREF: int_13h_15h_FDD_Read_disk_type+9↑j
seg000:1E75                 call    point_BX_at_BDA_drive_media_state
seg000:1E78                 xor     ax, ax
seg000:1E7A                 mov     al, [bx]
seg000:1E7C                 cmp     al, 0
seg000:1E7E                 jz      short loc_F01E90
seg000:1E80                 and     al, BDA_90h_drive_STATE_MASK ; MASK 0 = TRY_360K_IN_360K
seg000:1E82                 jnz     short loc_F01E88
seg000:1E84                 mov     ch, 3
seg000:1E86                 jmp     short loc_F01E92
seg000:1E88 ; ---------------------------------------------------------------------------
seg000:1E88
seg000:1E88 loc_F01E88:                             ; CODE XREF: int_13h_15h_FDD_Read_disk_type+1B↑j
seg000:1E88                 mov     ah, 1
seg000:1E8A                 cmp     al, BDA_90h_drive_STATE_EST_360K_IN_360K
seg000:1E8C                 jz      short loc_F01E90
seg000:1E8E                 mov     ah, 2
seg000:1E90
seg000:1E90 loc_F01E90:                             ; CODE XREF: int_13h_15h_FDD_Read_disk_type+17↑j int_13h_15h_FDD_Read_disk_type+25↑j
seg000:1E90                 jmp     short loc_F01EA0
seg000:1E92 ; ---------------------------------------------------------------------------
seg000:1E92
seg000:1E92 loc_F01E92:                             ; CODE XREF: int_13h_15h_FDD_Read_disk_type+1F↑j
seg000:1E92                 call    get_FDD_Type_safe
seg000:1E95                 jb      short loc_F01E9E
seg000:1E97                 mov     ah, al
seg000:1E99                 cmp     ch, 3
seg000:1E9C                 jnb     short loc_F01EA0
seg000:1E9E
seg000:1E9E loc_F01E9E:                             ; CODE XREF: int_13h_15h_FDD_Read_disk_type+2E↑j
seg000:1E9E                 mov     ah, 0
seg000:1EA0
seg000:1EA0 loc_F01EA0:                             ; CODE XREF: int_13h_15h_FDD_Read_disk_type:loc_F01E90↑j int_13h_15h_FDD_Read_disk_type+35↑j
seg000:1EA0                 mov     al, 0
seg000:1EA2                 mov     word ptr [bp+Sanyo_int13_stack_frame.reg_al], ax
seg000:1EA5                 and     byte ptr [bp+Sanyo_int13_stack_frame.int_cs], 11111110b
seg000:1EA9                 jmp     loc_F0172E
seg000:1EA9 int_13h_15h_FDD_Read_disk_type endp
seg000:1EA9
seg000:1EAC
seg000:1EAC ; =============== S U B R O U T I N E =======================================
seg000:1EAC
seg000:1EAC
seg000:1EAC int_13h_16h_FDD_Disk_change_line_status proc near ; DATA XREF: int_13h_diskIO+10↑o
seg000:1EAC                 sub     sp, 0Ah
seg000:1EAF                 mov     bp, sp
seg000:1EB1                 sti
seg000:1EB2                 cmp     dl, int13h_Floppy2
seg000:1EB5                 jb      short loc_F01EBA
seg000:1EB7                 jmp     int13h_bad_command_handler
seg000:1EBA ; ---------------------------------------------------------------------------
seg000:1EBA
seg000:1EBA loc_F01EBA:                             ; CODE XREF: int_13h_16h_FDD_Disk_change_line_status+9↑j
seg000:1EBA                 call    point_BX_at_BDA_drive_media_state
seg000:1EBD                 mov     ah, [bx]
seg000:1EBF                 cmp     ah, 0
seg000:1EC2                 jz      short loc_F01EDE
seg000:1EC4                 and     ah, BDA_90h_drive_STATE_MASK ; MASK 0 = TRY_360K_IN_360K
seg000:1EC7                 cmp     ah, BDA_90h_drive_STATE_EST_360K_IN_360K
seg000:1ECA                 jbe     short loc_F01EDA
seg000:1ECC                 call    FDC_check_Disk_Changed
seg000:1ECF                 jz      short loc_F01EDA
seg000:1ED1                 sub     ah, ah
seg000:1ED3                 jmp     short loc_F01EE0
seg000:1ED5 ; ---------------------------------------------------------------------------
seg000:1ED5                 call    get_FDD_Type_safe
seg000:1ED8                 jbe     short loc_F01EDE
seg000:1EDA
seg000:1EDA loc_F01EDA:                             ; CODE XREF: int_13h_16h_FDD_Disk_change_line_status+1E↑j int_13h_16h_FDD_Disk_change_line_status+23↑j
seg000:1EDA                 mov     ah, int13h_6_status_disk_changed
seg000:1EDC                 jmp     short loc_F01EE0
seg000:1EDE ; ---------------------------------------------------------------------------
seg000:1EDE
seg000:1EDE loc_F01EDE:                             ; CODE XREF: int_13h_16h_FDD_Disk_change_line_status+16↑j int_13h_16h_FDD_Disk_change_line_status+2C↑j
seg000:1EDE                 mov     ah, int13h_80_status_timeout_not_ready
seg000:1EE0
seg000:1EE0 loc_F01EE0:                             ; CODE XREF: int_13h_16h_FDD_Disk_change_line_status+27↑j int_13h_16h_FDD_Disk_change_line_status+30↑j
seg000:1EE0                 mov     ds:BDA_41h_floppy_status, ah
seg000:1EE4                 jmp     loc_F01718
seg000:1EE4 int_13h_16h_FDD_Disk_change_line_status endp
seg000:1EE4
seg000:1EE7
seg000:1EE7 ; =============== S U B R O U T I N E =======================================
seg000:1EE7
seg000:1EE7
seg000:1EE7 cmos_read       proc near               ; CODE XREF: get_FDD_Type_safe+2↑p get_FDD_Type_safe+F↑p ...
seg000:1EE7                 push    dx
seg000:1EE8                 mov     dx, IO_Port_70h_CMOS_Index
seg000:1EEB                 out     dx, al
seg000:1EEC                 inc     dx
seg000:1EED                 call    delay_small
seg000:1EF0                 in      al, dx
seg000:1EF1                 pop     dx
seg000:1EF2                 retn
seg000:1EF2 cmos_read       endp
seg000:1EF2
seg000:1EF3
seg000:1EF3 ; =============== S U B R O U T I N E =======================================
seg000:1EF3
seg000:1EF3
seg000:1EF3 FDC_check_Disk_Changed proc near        ; CODE XREF: FDC_disk_change_line_active+60↑p int_13h_2345_FDD_read_write_verify_format_track+2E↑p ...
seg000:1EF3                 push    ax
seg000:1EF4                 push    dx
seg000:1EF5                 call    FDD_handle_motor
seg000:1EF8                 mov     dx, IO_Port_3F7h_FDC_Digital_Input_AT
seg000:1EFB                 in      al, dx
seg000:1EFC                 and     al, IO_Port_3F7h_FDC_DI_Disk_Changed
seg000:1EFE                 cmp     al, IO_Port_3F7h_FDC_DI_Disk_Changed
seg000:1F00                 pop     dx
seg000:1F01                 pop     ax
seg000:1F02                 retn
seg000:1F02 FDC_check_Disk_Changed endp
seg000:1F02
seg000:1F03
seg000:1F03 ; =============== S U B R O U T I N E =======================================
seg000:1F03
seg000:1F03 ; Attributes: bp-based frame
seg000:1F03
seg000:1F03 point_BX_at_BDA_drive_media_state proc near ; CODE XREF: sub_F016EF+6↑p FDD_something_drive_rates+15↑p ...
seg000:1F03                 mov     dx, 0
seg000:1F06                 mov     dl, [bp+Sanyo_int13_stack_frame.reg_dl]
seg000:1F09                 mov     bx, BDA_90h_drive0_media_state
seg000:1F0C                 add     bx, dx
seg000:1F0E                 retn
seg000:1F0E point_BX_at_BDA_drive_media_state endp
seg000:1F0E
seg000:1F0F
seg000:1F0F ; =============== S U B R O U T I N E =======================================
seg000:1F0F
seg000:1F0F
seg000:1F0F int_13h_17h_FDD_Set_dasd_type_for_format proc near ; DATA XREF: int_13h_diskIO+10↑o
seg000:1F0F                 sub     sp, 0Ah
seg000:1F12                 mov     bp, sp
seg000:1F14                 sti
seg000:1F15                 cmp     dl, int13h_Floppy2
seg000:1F18                 jb      short loc_F01F1D
seg000:1F1A                 jmp     int13h_bad_command_handler
seg000:1F1D ; ---------------------------------------------------------------------------
seg000:1F1D
seg000:1F1D loc_F01F1D:                             ; CODE XREF: int_13h_17h_FDD_Set_dasd_type_for_format+9↑j
seg000:1F1D                 mov     al, [bp+Sanyo_int13_stack_frame.reg_al]
seg000:1F20                 cmp     al, 1
seg000:1F22                 jnz     short loc_F01F2A
seg000:1F24                 mov     ah, int13h_0_status_success
seg000:1F26                 mov     cl, BDA_90h_drive_STATE_EST_360K_IN_360K or BDA_90h_drive_STATE_media_ESTABLISHED or BDA_90h_drive_STATE_RATE_250KBPS
seg000:1F28                 jmp     short loc_F01F74
seg000:1F2A ; ---------------------------------------------------------------------------
seg000:1F2A
seg000:1F2A loc_F01F2A:                             ; CODE XREF: int_13h_17h_FDD_Set_dasd_type_for_format+13↑j
seg000:1F2A                 call    FDC_check_Disk_Changed
seg000:1F2D                 mov     ah, int13h_0_status_success
seg000:1F2F                 jnz     short loc_F01F45
seg000:1F31                 call    FDD_seek_and_Recalibrate
seg000:1F34                 call    FDC_check_Disk_Changed
seg000:1F37                 jnz     short loc_F01F3F
seg000:1F39                 mov     ah, int13h_80_status_timeout_not_ready
seg000:1F3B                 mov     cl, BDA_90h_drive_STATE_TRY_1_2MB_IN_1_2MB
seg000:1F3D                 jmp     short loc_F01F74
seg000:1F3F ; ---------------------------------------------------------------------------
seg000:1F3F
seg000:1F3F loc_F01F3F:                             ; CODE XREF: int_13h_17h_FDD_Set_dasd_type_for_format+28↑j
seg000:1F3F                 mov     ah, int13h_6_status_disk_changed
seg000:1F41                 mov     ds:BDA_41h_floppy_status, ah
seg000:1F45
seg000:1F45 loc_F01F45:                             ; CODE XREF: int_13h_17h_FDD_Set_dasd_type_for_format+20↑j
seg000:1F45                 mov     al, [bp+Sanyo_int13_stack_frame.reg_al]
seg000:1F48                 cmp     al, 1
seg000:1F4A                 jb      short loc_F01F70
seg000:1F4C                 cmp     al, 5
seg000:1F4E                 jnb     short loc_F01F70
seg000:1F50                 cmp     al, 2
seg000:1F52                 jnz     short loc_F01F58
seg000:1F54                 mov     cl, BDA_90h_drive_STATE_EST_360K_IN_1_2MB or BDA_90h_drive_STATE_media_ESTABLISHED or BDA_90h_drive_STATE_double_stepping or BDA_90h_drive_STATE_RATE_300KBPS
seg000:1F56                 jmp     short loc_F01F74
seg000:1F58 ; ---------------------------------------------------------------------------
seg000:1F58
seg000:1F58 loc_F01F58:                             ; CODE XREF: int_13h_17h_FDD_Set_dasd_type_for_format+43↑j
seg000:1F58                 cmp     al, 3
seg000:1F5A                 jnz     short loc_F01F61
seg000:1F5C                 mov     cl, BDA_90h_drive_STATE_EST_1_2MB_IN_1_2MB or BDA_90h_drive_STATE_media_ESTABLISHED
seg000:1F5E                 jmp     short loc_F01F74
seg000:1F60 ; ---------------------------------------------------------------------------
seg000:1F60                 nop
seg000:1F61
seg000:1F61 loc_F01F61:                             ; CODE XREF: int_13h_17h_FDD_Set_dasd_type_for_format+4B↑j
seg000:1F61                 call    FDD_supports_80_tracks
seg000:1F64                 mov     cl, BDA_90h_drive_STATE_MASK or BDA_90h_drive_STATE_media_ESTABLISHED or BDA_90h_drive_STATE_RATE_250KBPS ; MASK 0 = TRY_360K_IN_360K
seg000:1F66                 test    al, 6
seg000:1F68                 jz      short loc_F01F6E
seg000:1F6A                 jnp     short loc_F01F6E
seg000:1F6C                 mov     cl, BDA_90h_drive_STATE_MASK or BDA_90h_drive_STATE_media_ESTABLISHED or BDA_90h_drive_STATE_RATE_300KBPS ; MASK 0 = TRY_360K_IN_360K
seg000:1F6E
seg000:1F6E loc_F01F6E:                             ; CODE XREF: int_13h_17h_FDD_Set_dasd_type_for_format+59↑j int_13h_17h_FDD_Set_dasd_type_for_format+5B↑j
seg000:1F6E                 jmp     short loc_F01F74
seg000:1F70 ; ---------------------------------------------------------------------------
seg000:1F70
seg000:1F70 loc_F01F70:                             ; CODE XREF: int_13h_17h_FDD_Set_dasd_type_for_format+3B↑j int_13h_17h_FDD_Set_dasd_type_for_format+3F↑j
seg000:1F70                 mov     cl, BDA_90h_drive_STATE_TRY_1_2MB_IN_1_2MB
seg000:1F72                 mov     ah, int13h_1_status_bad_command
seg000:1F74
seg000:1F74 loc_F01F74:                             ; CODE XREF: int_13h_17h_FDD_Set_dasd_type_for_format+19↑j int_13h_17h_FDD_Set_dasd_type_for_format+2E↑j ...
seg000:1F74                 call    point_BX_at_BDA_drive_media_state
seg000:1F77                 mov     [bx], cl
seg000:1F79                 mov     ds:BDA_41h_floppy_status, ah
seg000:1F7D                 and     byte ptr [bp+Sanyo_int13_stack_frame.int_cs], 11111110b
seg000:1F81                 and     ah, ah
seg000:1F83                 jz      short loc_F01F89
seg000:1F85                 or      byte ptr [bp+Sanyo_int13_stack_frame.int_cs], 00000001b
seg000:1F89
seg000:1F89 loc_F01F89:                             ; CODE XREF: int_13h_17h_FDD_Set_dasd_type_for_format+74↑j
seg000:1F89                 mov     al, [bp+Sanyo_int13_stack_frame.reg_al]
seg000:1F8C                 mov     word ptr [bp+Sanyo_int13_stack_frame.reg_al], ax
seg000:1F8F                 jmp     loc_F0172E
seg000:1F8F int_13h_17h_FDD_Set_dasd_type_for_format endp
seg000:1F8F
seg000:1F92
seg000:1F92 ; =============== S U B R O U T I N E =======================================
seg000:1F92
seg000:1F92
seg000:1F92 int_13h_18h_FDD_Set_media_type_for_format proc near ; DATA XREF: int_13h_diskIO+10↑o
seg000:1F92                 sub     sp, 0Ah
seg000:1F95                 mov     bp, sp
seg000:1F97                 sti
seg000:1F98                 call    point_BX_at_type_DPTe
seg000:1F9B                 or      bx, bx
seg000:1F9D                 jz      short loc_F01FC2
seg000:1F9F                 call    check_Track_SpT_bounds
seg000:1FA2                 jnb     short loc_F01FA9
seg000:1FA4                 mov     ah, int13h_C_status_unsupported_track_or_invalid_media
seg000:1FA6                 jmp     short loc_F01FC4
seg000:1FA8 ; ---------------------------------------------------------------------------
seg000:1FA8                 nop
seg000:1FA9
seg000:1FA9 loc_F01FA9:                             ; CODE XREF: int_13h_18h_FDD_Set_media_type_for_format+10↑j
seg000:1FA9                 mov     [bp+Sanyo_int13_stack_frame.reg_di], bx
seg000:1FAC                 mov     [bp+Sanyo_int13_stack_frame.reg_es], cs
seg000:1FAF                 call    point_BX_at_BDA_drive_media_state
seg000:1FB2                 mov     ah, al
seg000:1FB4                 and     al, BDA_90h_drive_STATE_RATE_MASK ; MASK 0 = 500KBPS
seg000:1FB6                 or      ah, BDA_90h_drive_STATE_media_ESTABLISHED or BDA_90h_drive_STATE_double_stepping
seg000:1FB9                 cmp     al, BDA_90h_drive_STATE_RATE_300KBPS
seg000:1FBB                 jz      short loc_F01FC0
seg000:1FBD                 and     ah, not (BDA_90h_drive_STATE_double_stepping)
seg000:1FC0
seg000:1FC0 loc_F01FC0:                             ; CODE XREF: int_13h_18h_FDD_Set_media_type_for_format+29↑j
seg000:1FC0                 mov     [bx], ah
seg000:1FC2
seg000:1FC2 loc_F01FC2:                             ; CODE XREF: int_13h_18h_FDD_Set_media_type_for_format+B↑j
seg000:1FC2                 xor     ax, ax
seg000:1FC4
seg000:1FC4 loc_F01FC4:                             ; CODE XREF: int_13h_18h_FDD_Set_media_type_for_format+14↑j
seg000:1FC4                 mov     ds:BDA_41h_floppy_status, ah
seg000:1FC8                 jmp     loc_F01718
seg000:1FC8 int_13h_18h_FDD_Set_media_type_for_format endp
seg000:1FC8
seg000:1FCB
seg000:1FCB ; =============== S U B R O U T I N E =======================================
seg000:1FCB
seg000:1FCB
seg000:1FCB point_BX_at_type_DPTe proc near         ; CODE XREF: point_BX_at_active_DPTe↑p int_13h_18h_FDD_Set_media_type_for_format+6↑p
seg000:1FCB                 xor     bx, bx
seg000:1FCD                 call    get_FDD_Type_safe
seg000:1FD0                 jb      short fallback
seg000:1FD2                 jz      short error
seg000:1FD4                 cmp     al, 5
seg000:1FD6                 jnb     short fallback
seg000:1FD8                 mov     bx, offset dpt_table_ptr
seg000:1FDB                 xor     ah, ah
seg000:1FDD                 dec     al
seg000:1FDF                 shl     al, 1
seg000:1FE1                 add     bx, ax
seg000:1FE3                 mov     bx, cs:[bx]
seg000:1FE6                 clc
seg000:1FE7                 retn
seg000:1FE8 ; ---------------------------------------------------------------------------
seg000:1FE8
seg000:1FE8 fallback:                               ; CODE XREF: point_BX_at_type_DPTe+5↑j point_BX_at_type_DPTe+B↑j
seg000:1FE8                 xor     al, al
seg000:1FEA                 mov     bx, offset dpt_525DD_360kb
seg000:1FED
seg000:1FED error:                                  ; CODE XREF: point_BX_at_type_DPTe+7↑j
seg000:1FED                 stc
seg000:1FEE                 retn
seg000:1FEE point_BX_at_type_DPTe endp
seg000:1FEE
seg000:1FEF
seg000:1FEF ; =============== S U B R O U T I N E =======================================
seg000:1FEF
seg000:1FEF
seg000:1FEF check_Track_SpT_bounds proc near        ; CODE XREF: int_13h_18h_FDD_Set_media_type_for_format+D↑p
seg000:1FEF                 call    test
seg000:1FF2                 jnb     short end
seg000:1FF4                 test    al, 2
seg000:1FF6                 jz      short error
seg000:1FF8
seg000:1FF8 test:                                   ; CODE XREF: check_Track_SpT_bounds↑p
seg000:1FF8                 mov     cl, cs:[bx+DPTe.Maximum_Track]
seg000:1FFD                 cmp     cl, [bp+Sanyo_int13_stack_frame.reg_ch]
seg000:2000                 jnz     short error
seg000:2002                 mov     cl, cs:[bx+DPTe.DPT.sectors_per_track]
seg000:2007                 cmp     cl, [bp+Sanyo_int13_stack_frame.reg_cl]
seg000:200A                 jnz     short error
seg000:200C                 mov     al, cs:[bx+DPTe.rate]
seg000:2011
seg000:2011 end:                                    ; CODE XREF: check_Track_SpT_bounds+3↑j
seg000:2011                 retn
seg000:2012 ; ---------------------------------------------------------------------------
seg000:2012
seg000:2012 error:                                  ; CODE XREF: check_Track_SpT_bounds+7↑j check_Track_SpT_bounds+11↑j ...
seg000:2012                 add     bx, size DPTe
seg000:2015                 stc
seg000:2016                 retn
seg000:2016 check_Track_SpT_bounds endp
seg000:2016
seg000:2017
seg000:2017 ; =============== S U B R O U T I N E =======================================
seg000:2017
seg000:2017 ; Attributes: bp-based frame
seg000:2017
seg000:2017 floppy_reset    proc near               ; CODE XREF: sub_F0043B+24E↑p
seg000:2017
seg000:2017 arg_7           = byte ptr  9
seg000:2017
seg000:2017                 mov     al, IO_Port_3F7h_FDC_Conf_Rate_250KBPS
seg000:2019                 mov     dx, IO_Port_3F7h_FDC_Config_Control
seg000:201C                 out     dx, al
seg000:201D                 xor     ax, ax
seg000:201F                 xor     dx, dx
seg000:2021                 int     13h             ; DISK - RESET DISK SYSTEM
seg000:2021                                         ; DL = drive (if bit 7 is set both hard disks and floppy disks reset)
seg000:2023                 sub     sp, 0Ah
seg000:2026                 mov     bp, sp
seg000:2028                 and     [bp+arg_7], 3Fh
seg000:202C                 or      [bp+arg_7], 80h
seg000:2030                 mov     bx, BDA_90h_drive0_media_state
seg000:2033                 xor     ax, ax
seg000:2035                 mov     [bx], ax
seg000:2037                 mov     [bx+2], ax
seg000:203A                 mov     ds:BDA_8Bh_floppy_cfg_data, al
seg000:203D                 mov     ds:BDA_3Fh_floppy_motor_status, al
seg000:2040
seg000:2040 loc_F02040:                             ; CODE XREF: floppy_reset+5D↓j
seg000:2040                 call    FDC_Enable
seg000:2043                 call    FDD_check_seek_status_twice
seg000:2046                 call    sub_F020A9
seg000:2049                 call    sub_F020B2
seg000:204C                 call    FDC_CMD_SENSE_DRIVE_STATUS
seg000:204F                 call    FDD_set_BDA_media_state
seg000:2052                 test    [bp+arg_7], 40h
seg000:2056                 mov     cl, BDA_8Fh_floppy_info_drive_1_supports_80_tracks_always_valid
seg000:2058                 jnz     short loc_F02061
seg000:205A                 mov     cl, BDA_8Fh_floppy_info_drive_0_supports_80_tracks_always_valid
seg000:205C                 or      byte ptr ds:BDA_10h_equipment_list, EQ_BOOT_FLOPPY
seg000:2061
seg000:2061 loc_F02061:                             ; CODE XREF: floppy_reset+41↑j
seg000:2061                 cmp     byte ptr [bx], BDA_90h_drive_STATE_EST_360K_IN_360K or BDA_90h_drive_STATE_media_ESTABLISHED or BDA_90h_drive_STATE_RATE_250KBPS
seg000:2064                 jz      short loc_F0206A
seg000:2066                 or      ds:BDA_8Fh_floppy_information, cl
seg000:206A
seg000:206A loc_F0206A:                             ; CODE XREF: floppy_reset+4D↑j sub_F0213E+2↓j
seg000:206A                 test    [bp+arg_7], 40h
seg000:206E                 jnz     short loc_F02076
seg000:2070                 or      [bp+arg_7], 40h
seg000:2074                 jmp     short loc_F02040
seg000:2076 ; ---------------------------------------------------------------------------
seg000:2076
seg000:2076 loc_F02076:                             ; CODE XREF: floppy_reset+57↑j
seg000:2076                 add     sp, 0Ah
seg000:2079                 retn
seg000:2079 floppy_reset    endp
seg000:2079
seg000:207A
seg000:207A ; =============== S U B R O U T I N E =======================================
seg000:207A
seg000:207A
seg000:207A FDD_check_seek_status_twice proc near   ; CODE XREF: floppy_reset+2C↑p
seg000:207A                 call    FDC_CMD_RECALIBRATE
seg000:207D                 mov     ah, 2
seg000:207F                 call    FDD_check_seek_status
seg000:2082                 call    FDC_CMD_RECALIBRATE
seg000:2085                 mov     ah, 1
seg000:2087                 call    FDD_check_seek_status
seg000:208A                 mov     bx, 15h
seg000:208D                 call    delay_CPU_speed_calibrated
seg000:2090                 retn
seg000:2090 FDD_check_seek_status_twice endp
seg000:2090
seg000:2091
seg000:2091 ; =============== S U B R O U T I N E =======================================
seg000:2091
seg000:2091
seg000:2091 FDC_CMD_RECALIBRATE proc near           ; CODE XREF: FDD_check_seek_status_twice↑p FDD_check_seek_status_twice+8↑p
seg000:2091                 mov     [bp+Sanyo_int13_stack_frame.local_byte0], IO_Port_3F5h_FDC_CMD_RECALIBRATE
seg000:2095                 mov     [bp+Sanyo_int13_stack_frame.local_byte1], 0
seg000:2099                 test    [bp+Sanyo_int13_stack_frame.local_byte9], 01000000b
seg000:209D                 jz      short loc_F020A3
seg000:209F                 mov     [bp+Sanyo_int13_stack_frame.local_byte1], 1
seg000:20A3
seg000:20A3 loc_F020A3:                             ; CODE XREF: FDC_CMD_RECALIBRATE+C↑j
seg000:20A3                 mov     dl, 2
seg000:20A5                 call    FDD_Command_send_dl_bytes
seg000:20A8                 retn
seg000:20A8 FDC_CMD_RECALIBRATE endp
seg000:20A8
seg000:20A9
seg000:20A9 ; =============== S U B R O U T I N E =======================================
seg000:20A9
seg000:20A9
seg000:20A9 sub_F020A9      proc near               ; CODE XREF: floppy_reset+2F↑p
seg000:20A9                 mov     bl, 27h ; '''
seg000:20AB                 call    loc_F020B4
seg000:20AE                 mov     bl, 32h ; '2'
seg000:20B0                 jmp     short loc_F020B4
seg000:20B0 sub_F020A9      endp
seg000:20B0
seg000:20B2
seg000:20B2 ; =============== S U B R O U T I N E =======================================
seg000:20B2
seg000:20B2
seg000:20B2 sub_F020B2      proc near               ; CODE XREF: floppy_reset+32↑p
seg000:20B2                 mov     bl, 1
seg000:20B4
seg000:20B4 loc_F020B4:                             ; CODE XREF: sub_F020A9+2↑p sub_F020A9+7↑j
seg000:20B4                 call    prepare_FDC_CMD_SEEK
seg000:20B7                 call    FDD_Command_send_dl_bytes
seg000:20BA                 mov     ah, 1
seg000:20BC                 call    FDD_check_seek_status
seg000:20BF                 mov     bx, 15h
seg000:20C2                 call    delay_CPU_speed_calibrated
seg000:20C5                 retn
seg000:20C5 sub_F020B2      endp
seg000:20C5
seg000:20C6
seg000:20C6 ; =============== S U B R O U T I N E =======================================
seg000:20C6
seg000:20C6
seg000:20C6 FDC_CMD_SENSE_DRIVE_STATUS proc near    ; CODE XREF: floppy_reset+35↑p
seg000:20C6                 call    prepare_FDC_CMD_SENSE_DRIVE_STATUS
seg000:20C9                 call    FDD_Command_send_dl_bytes
seg000:20CC                 mov     dl, 1
seg000:20CE                 call    FDD_read_STatus_dl_bytes
seg000:20D1                 retn
seg000:20D1 FDC_CMD_SENSE_DRIVE_STATUS endp
seg000:20D1
seg000:20D2
seg000:20D2 ; =============== S U B R O U T I N E =======================================
seg000:20D2
seg000:20D2
seg000:20D2 FDD_set_BDA_media_state proc near       ; CODE XREF: floppy_reset+38↑p
seg000:20D2                 mov     bx, BDA_90h_drive0_media_state
seg000:20D5                 test    [bp+Sanyo_int13_stack_frame.local_byte9], 01000000b
seg000:20D9                 jz      short loc_F020DC
seg000:20DB                 inc     bx
seg000:20DC
seg000:20DC loc_F020DC:                             ; CODE XREF: FDD_set_BDA_media_state+7↑j
seg000:20DC                 test    byte ptr ds:BDA_42h_floppy_status_register_ST0, FDC_ST0_FAULT_DETECTED
seg000:20E1                 mov     cl, BDA_90h_drive_STATE_EST_360K_IN_360K or BDA_90h_drive_STATE_media_ESTABLISHED or BDA_90h_drive_STATE_RATE_250KBPS
seg000:20E3                 jnz     short loc_F020FA
seg000:20E5                 mov     cl, BDA_90h_drive_STATE_TRY_1_2MB_IN_1_2MB
seg000:20E7                 cmp     bx, BDA_90h_drive0_media_state
seg000:20EB                 jz      short loc_F020FA
seg000:20ED                 mov     al, CMOS_10h_Floppy_Drive_Type
seg000:20EF                 call    cmos_read
seg000:20F2                 and     al, CMOS_10h_FDD1_type_MASK ; MASK 0 = FDD1_type_no_drive
seg000:20F4                 cmp     al, CMOS_10h_FDD1_type_1_2MB_5_25
seg000:20F6                 jz      short loc_F020FA
seg000:20F8                 mov     cl, BDA_90h_drive_STATE_MASK ; MASK 0 = TRY_360K_IN_360K
seg000:20FA
seg000:20FA loc_F020FA:                             ; CODE XREF: FDD_set_BDA_media_state+11↑j FDD_set_BDA_media_state+19↑j ...
seg000:20FA                 mov     [bx], cl
seg000:20FC                 retn
seg000:20FC FDD_set_BDA_media_state endp
seg000:20FC
seg000:20FD
seg000:20FD ; =============== S U B R O U T I N E =======================================
seg000:20FD
seg000:20FD
seg000:20FD FDC_Enable      proc near               ; CODE XREF: floppy_reset:loc_F02040↑p
seg000:20FD                 mov     byte ptr ds:BDA_40h_floppy_motor_timeout, 0FFh
seg000:2102                 mov     al, IO_Port_3F2h_FDC_DOR_Enable or IO_Port_3F2h_FDC_DOR_DMA_INT or 00110000b ; bit2 0=Reset Controller, 1=Enable Controller
seg000:2104                 test    [bp+Sanyo_int13_stack_frame.local_byte9], 01000000b
seg000:2108                 jz      short loc_F0210C
seg000:210A                 inc     al
seg000:210C
seg000:210C loc_F0210C:                             ; CODE XREF: FDC_Enable+B↑j
seg000:210C                 mov     dx, IO_Port_3F2h_FDC_Digital_Output
seg000:210F                 out     dx, al
seg000:2110                 retn
seg000:2110 FDC_Enable      endp
seg000:2110
seg000:2111
seg000:2111 ; =============== S U B R O U T I N E =======================================
seg000:2111
seg000:2111
seg000:2111 prepare_FDC_CMD_SEEK proc near          ; CODE XREF: sub_F020B2:loc_F020B4↑p
seg000:2111                 mov     [bp+Sanyo_int13_stack_frame.local_byte0], IO_Port_3F5h_FDC_CMD_SEEK
seg000:2115                 mov     [bp+Sanyo_int13_stack_frame.local_byte1], 0
seg000:2119                 test    [bp+Sanyo_int13_stack_frame.local_byte9], 01000000b
seg000:211D                 jz      short loc_F02123
seg000:211F                 mov     [bp+Sanyo_int13_stack_frame.local_byte1], 1
seg000:2123
seg000:2123 loc_F02123:                             ; CODE XREF: prepare_FDC_CMD_SEEK+C↑j
seg000:2123                 mov     [bp+Sanyo_int13_stack_frame.local_byte2], bl
seg000:2126                 mov     dl, 3
seg000:2128                 retn
seg000:2128 prepare_FDC_CMD_SEEK endp
seg000:2128
seg000:2129
seg000:2129 ; =============== S U B R O U T I N E =======================================
seg000:2129
seg000:2129
seg000:2129 prepare_FDC_CMD_SENSE_DRIVE_STATUS proc near ; CODE XREF: FDC_CMD_SENSE_DRIVE_STATUS↑p
seg000:2129                 mov     [bp+Sanyo_int13_stack_frame.local_byte0], IO_Port_3F5h_FDC_CMD_SENSE_DRIVE_STATUS
seg000:212D                 mov     [bp+Sanyo_int13_stack_frame.local_byte1], 0
seg000:2131                 test    [bp+Sanyo_int13_stack_frame.local_byte9], 01000000b
seg000:2135                 jz      short loc_F0213B
seg000:2137                 mov     [bp+Sanyo_int13_stack_frame.local_byte1], 1
seg000:213B
seg000:213B loc_F0213B:                             ; CODE XREF: prepare_FDC_CMD_SENSE_DRIVE_STATUS+C↑j
seg000:213B                 mov     dl, 2
seg000:213D                 retn
seg000:213D prepare_FDC_CMD_SENSE_DRIVE_STATUS endp
seg000:213D
seg000:213E
seg000:213E ; =============== S U B R O U T I N E =======================================
seg000:213E
seg000:213E
seg000:213E sub_F0213E      proc near               ; CODE XREF: sub_F016EF+1F↑j
seg000:213E                 mov     sp, bp
seg000:2140                 jmp     loc_F0206A
seg000:2140 sub_F0213E      endp
seg000:2140
seg000:2143
seg000:2143 ; =============== S U B R O U T I N E =======================================
seg000:2143
seg000:2143
seg000:2143 set_BDA_floppy_information proc near    ; CODE XREF: sub_F01738+F↑p
seg000:2143                 mov     si, ax
seg000:2145                 mov     bl, BDA_8Fh_floppy_info_drive_0_supports_80_tracks_always_valid or BDA_8Fh_floppy_info_drive_1_supports_80_tracks_always_valid or BDA_8Fh_floppy_info_drive_1_multi_rate_valid_if_determined or BDA_8Fh_floppy_info_drive_1_determined or BDA_8Fh_floppy_info_reserved2
seg000:2147                 mov     dl, [bp+Sanyo_int13_stack_frame.reg_dl]
seg000:214A                 cmp     dl, int13h_Floppy1
seg000:214D                 jnz     short pick_drive
seg000:214F                 mov     bl, BDA_8Fh_floppy_info_drive_0_supports_80_tracks_always_valid or BDA_8Fh_floppy_info_drive_0_multi_rate_valid_if_determined or BDA_8Fh_floppy_info_drive_0_determined or BDA_8Fh_floppy_info_reserved1 or BDA_8Fh_floppy_info_drive_1_supports_80_tracks_always_valid
seg000:2151
seg000:2151 pick_drive:                             ; CODE XREF: set_BDA_floppy_information+A↑j
seg000:2151                 and     ds:BDA_8Fh_floppy_information, bl
seg000:2155                 mov     bl, ds:BDA_8Bh_floppy_cfg_data
seg000:2159                 and     bl, BDA_8Bh_floppy_cfg_START_RATE_500KBPS or BDA_8Bh_floppy_cfg_LAST_STEP_RATE_8ms or BDA_8Bh_floppy_cfg_LAST_RATE_1MBPS
seg000:215C                 mov     bl, BDA_8Fh_floppy_info_drive_0_multi_rate_valid_if_determined or BDA_8Fh_floppy_info_drive_0_determined
seg000:215E                 jns     short loc_F0216B
seg000:2160                 call    get_FDD_Type_safe
seg000:2163                 jb      short loc_F0216B
seg000:2165                 cmp     al, 4
seg000:2167                 jz      short loc_F0216B
seg000:2169                 mov     bl, BDA_8Fh_floppy_info_drive_0_determined
seg000:216B
seg000:216B loc_F0216B:                             ; CODE XREF: set_BDA_floppy_information+1B↑j set_BDA_floppy_information+20↑j ...
seg000:216B                 cmp     dl, int13h_Floppy1
seg000:216E                 jnz     short set
seg000:2170                 mov     cl, 4
seg000:2172                 shl     bl, cl
seg000:2174
seg000:2174 set:                                    ; CODE XREF: set_BDA_floppy_information+2B↑j
seg000:2174                 or      ds:BDA_8Fh_floppy_information, bl
seg000:2178                 mov     ax, si
seg000:217A                 retn
seg000:217A set_BDA_floppy_information endp
seg000:217A
seg000:217B
seg000:217B ; =============== S U B R O U T I N E =======================================
seg000:217B
seg000:217B
seg000:217B sub_F0217B      proc near               ; CODE XREF: sub_F01738:loc_F01794↑p
seg000:217B                 mov     di, ax
seg000:217D                 call    point_BX_at_BDA_drive_media_state
seg000:2180                 mov     ah, [bx]
seg000:2182                 and     ah, BDA_90h_drive_STATE_double_stepping or BDA_90h_drive_STATE_RATE_MASK ; MASK 0 = 500KBPS
seg000:2185                 xor     al, al
seg000:2187                 call    get_FDD_Type
seg000:218A                 or      ah, al
seg000:218C                 mov     si, offset fdd_errors?
seg000:218F
seg000:218F loc_F0218F:                             ; CODE XREF: sub_F0217B+1F↓j
seg000:218F                 lods    byte ptr cs:[si]
seg000:2191                 cmp     al, 0FFh
seg000:2193                 jz      short loc_F0219C
seg000:2195                 cmp     al, ah
seg000:2197                 jz      short loc_F021A0
seg000:2199                 inc     si
seg000:219A                 jmp     short loc_F0218F
seg000:219C ; ---------------------------------------------------------------------------
seg000:219C
seg000:219C loc_F0219C:                             ; CODE XREF: sub_F0217B+18↑j
seg000:219C                 mov     al, 7
seg000:219E                 jmp     short loc_F021A9
seg000:21A0 ; ---------------------------------------------------------------------------
seg000:21A0
seg000:21A0 loc_F021A0:                             ; CODE XREF: sub_F0217B+1C↑j
seg000:21A0                 lods    byte ptr cs:[si]
seg000:21A2                 test    byte ptr [bx], BDA_90h_drive_STATE_media_ESTABLISHED
seg000:21A5                 jz      short loc_F021A9
seg000:21A7                 add     al, 3
seg000:21A9
seg000:21A9 loc_F021A9:                             ; CODE XREF: sub_F0217B+23↑j sub_F0217B+2A↑j
seg000:21A9                 and     byte ptr [bx], BDA_90h_drive_STATE_media_ESTABLISHED or BDA_90h_drive_STATE_double_stepping or BDA_90h_drive_STATE_RATE_MASK ; MASK 0 = 500KBPS
seg000:21AC                 or      [bx], al
seg000:21AE                 mov     byte ptr [bx+2], BDA_92h_DRIVE_RATE_500KBPS
seg000:21B2                 mov     ax, di
seg000:21B4                 retn
seg000:21B4 sub_F0217B      endp
seg000:21B4
seg000:21B4 ; ---------------------------------------------------------------------------
seg000:21B5 fdd_errors?     db 81h                  ; DATA XREF: sub_F0217B+11↑o
seg000:21B6                 db 0
seg000:21B7                 db 62h
seg000:21B8                 db 1
seg000:21B9                 db 2
seg000:21BA                 db 2
seg000:21BB                 db 0FFh
seg000:21BC
seg000:21BC ; =============== S U B R O U T I N E =======================================
seg000:21BC
seg000:21BC
seg000:21BC FDD_establish   proc near               ; CODE XREF: FDC_CMD_SPECIFY+25↑p
seg000:21BC                 cmp     [bp+Sanyo_int13_stack_frame.reg_ah], int13h_5_Format_disk_track
seg000:21C0                 jz      short end
seg000:21C2                 call    point_BX_at_BDA_drive_media_state
seg000:21C5                 and     byte ptr [bx], not (BDA_90h_drive_STATE_double_stepping)
seg000:21C8                 call    FDC_floppy_calibration_status
seg000:21CB                 call    point_BX_at_BDA_FDD_current_cylinder
seg000:21CE                 call    FDC_CMD_SEEK_READ_ID_MFM
seg000:21D1                 jb      short end
seg000:21D3                 cmp     cl, ds:BDA_45h_floppy_cylinder_number
seg000:21D7                 jz      short end
seg000:21D9                 call    point_BX_at_BDA_drive_media_state
seg000:21DC                 or      byte ptr [bx], BDA_90h_drive_STATE_double_stepping
seg000:21DF
seg000:21DF end:                                    ; CODE XREF: FDD_establish+4↑j FDD_establish+15↑j ...
seg000:21DF                 retn
seg000:21DF FDD_establish   endp
seg000:21DF
seg000:21E0
seg000:21E0 ; =============== S U B R O U T I N E =======================================
seg000:21E0
seg000:21E0
seg000:21E0 FDC_CMD_SEEK_READ_ID_MFM proc near      ; CODE XREF: FDD_establish+12↑p
seg000:21E0                 mov     bl, [bx]
seg000:21E2                 mov     bh, bl
seg000:21E4                 shr     bh, 1
seg000:21E6                 jnb     short loc_F021EA
seg000:21E8                 dec     bl
seg000:21EA
seg000:21EA loc_F021EA:                             ; CODE XREF: FDC_CMD_SEEK_READ_ID_MFM+6↑j
seg000:21EA                 mov     bh, 0FCh
seg000:21EC                 cmp     bl, 5
seg000:21EF                 jnb     short loc_F021F5
seg000:21F1                 mov     bh, 2
seg000:21F3                 xor     bl, bl
seg000:21F5
seg000:21F5 loc_F021F5:                             ; CODE XREF: FDC_CMD_SEEK_READ_ID_MFM+F↑j
seg000:21F5                 add     bl, bh
seg000:21F7                 mov     [bp+Sanyo_int13_stack_frame.local_byte0], IO_Port_3F5h_FDC_CMD_SEEK
seg000:21FB                 mov     dl, [bp+Sanyo_int13_stack_frame.reg_dl]
seg000:21FE                 mov     [bp+Sanyo_int13_stack_frame.local_byte1], dl
seg000:2201                 mov     [bp+Sanyo_int13_stack_frame.local_byte2], bl
seg000:2204                 mov     dl, 3
seg000:2206                 call    FDD_Command_send_dl_bytes_and_wait
seg000:2209                 mov     [bp+Sanyo_int13_stack_frame.local_byte0], IO_Port_3F5h_FDC_CMD_READ_ID_MFM
seg000:220D                 mov     dl, 2
seg000:220F                 call    FDD_Command_send_dl_bytes
seg000:2212                 mov     dl, 7
seg000:2214                 call    FDD_read_STatus_dl_bytes
seg000:2217                 call    fdd_status_error
seg000:221A                 mov     cl, [bp+Sanyo_int13_stack_frame.local_byte2]
seg000:221D                 pushf
seg000:221E                 call    set_BDA_FDD_current_cylinder
seg000:2221                 popf
seg000:2222                 retn
seg000:2222 FDC_CMD_SEEK_READ_ID_MFM endp
seg000:2222
seg000:2222 ; ---------------------------------------------------------------------------
seg000:2223 st1_LUT         db int13h_2_status_address_mark_not_found; 0 ; DATA XREF: fdd_status_error:error_ST1↑o
seg000:2224                 db int13h_3_status_write_protected; 1
seg000:2225                 db int13h_4_status_sector_not_found; 2
seg000:2226                 db int13h_E0_status_harddisk_status_register_error; 3
seg000:2227                 db int13h_8_status_DMA_overrun; 4
seg000:2228                 db int13h_10_status_CRC_or_ECC_error_on_read; 5
seg000:2229                 db int13h_E0_status_harddisk_status_register_error; 6
seg000:222A                 db int13h_4_status_sector_not_found; 7
seg000:222B st2_LUT         db int13h_E0_status_harddisk_status_register_error; 0 ; DATA XREF: fdd_status_error:error_ST2↑o
seg000:222C                 db int13h_4_status_sector_not_found; 1
seg000:222D                 db int13h_E0_status_harddisk_status_register_error; 2
seg000:222E                 db int13h_E0_status_harddisk_status_register_error; 3
seg000:222F                 db int13h_4_status_sector_not_found; 4
seg000:2230                 db int13h_10_status_CRC_or_ECC_error_on_read; 5
seg000:2231                 db int13h_E0_status_harddisk_status_register_error; 6
seg000:2232                 db int13h_E0_status_harddisk_status_register_error; 7
seg000:2233 dpt_table_ptr   dw offset dpt_525DD_360kb; 0 ; DATA XREF: int_13h_8_FDD_Get_drive_parameters+6D↑o point_BX_at_type_DPTe+D↑o
seg000:2235                 dw offset dpt_525HD_12mb; 1
seg000:2237                 dw offset dpt_35DD_720kb; 2
seg000:2239                 dw offset dpt_35HD_144mb; 3
seg000:223B dpt_525DD_360kb DPTe <<DPT_step_rate_1ms or DPT_head_unload_208ms, DPT_DMA_Mode or DPT_head_load_2ms, 37, DPT_bytes_per_sector_512, DPT_sectors_per_track_9, 42, 255, 80, 0F6h, \
seg000:223B                                         ; DATA XREF: point_BX_at_active_DPTe:fallback↑o point_BX_at_type_DPTe+1F↑o ...
seg000:223B                       15, 8>, 39, FLOPPY_RATE_250KBPS>
seg000:2248 dpt_525HD_12mb  DPTe <<DPT_step_rate_1ms or DPT_head_unload_208ms, DPT_DMA_Mode or DPT_head_load_2ms, 37, DPT_bytes_per_sector_512, DPT_sectors_per_track_15, 27, 255, 84, 0F6h,\
seg000:2248                                         ; DATA XREF: point_BX_at_active_DPTe+22↑o seg000:dpt_table_ptr↑o
seg000:2248                       15, 8>, 79, FLOPPY_RATE_500KBPS>
seg000:2255 dpt_525HD_360kb DPTe <<DPT_step_rate_1ms or DPT_head_unload_208ms, DPT_DMA_Mode or DPT_head_load_2ms, 37, DPT_bytes_per_sector_512, DPT_sectors_per_track_9, 42, 255, 80, 0F6h, \
seg000:2255                       15, 8>, 39, FLOPPY_RATE_300KBPS>
seg000:2262 dpt_35DD_720kb  DPTe <<DPT_step_rate_1ms or DPT_head_unload_208ms, DPT_DMA_Mode or DPT_head_load_2ms, 37, DPT_bytes_per_sector_512, DPT_sectors_per_track_9, 42, 255, 80, 0F6h, \
seg000:2262                                         ; DATA XREF: seg000:dpt_table_ptr↑o
seg000:2262                       15, 8>, 79, FLOPPY_RATE_250KBPS>
seg000:226F dpt_35HD_144mb  DPTe <<DPT_step_rate_1ms or DPT_head_unload_160ms, DPT_DMA_Mode or DPT_head_load_2ms, 37, DPT_bytes_per_sector_512, DPT_sectors_per_track_18, 27, 255, 84, 0F6h,\
seg000:226F                                         ; DATA XREF: seg000:dpt_table_ptr↑o
seg000:226F                       15, 8>, 79, FLOPPY_RATE_500KBPS>
seg000:227C dpt_35DD_720kb_2 DPTe <<DPT_step_rate_1ms or DPT_head_unload_208ms, DPT_DMA_Mode or DPT_head_load_2ms, 37, DPT_bytes_per_sector_512, DPT_sectors_per_track_9, 42, 255, 80, 0F6h, \
seg000:227C                       15, 8>, 79, FLOPPY_RATE_250KBPS>
seg000:2289                 db    0
seg000:228A
seg000:228A ; =============== S U B R O U T I N E =======================================
seg000:228A
seg000:228A
seg000:228A HDD_count_Type  proc near               ; CODE XREF: sub_F0043B+251↑p
seg000:228A                 mov     ds, cs:BDA_Segment
seg000:228F                 mov     dx, IO_Port_70h_CMOS_Index
seg000:2292                 mov     al, CMOS_12h_HDD_Type
seg000:2294                 call    IO_read_DX
seg000:2297                 mov     ah, al
seg000:2299                 mov     dx, IO_Port_1F7h_IDE_0_Status
seg000:229C                 in      al, dx
seg000:229D                 nop
seg000:229E                 jmp     short $+2
seg000:22A0 ; ---------------------------------------------------------------------------
seg000:22A0
seg000:22A0 delay:                                  ; CODE XREF: HDD_count_Type+14↑j
seg000:22A0                 cmp     al, 0FFh
seg000:22A2                 jnz     short loc_F022A6
seg000:22A4                 xor     ah, ah
seg000:22A6
seg000:22A6 loc_F022A6:                             ; CODE XREF: HDD_count_Type+18↑j
seg000:22A6                 mov     al, ah
seg000:22A8                 mov     byte ptr ds:BDA_75h_HDD_count, 0
seg000:22AD                 test    al, CMOS_12h_HDD0_Type_16_47_defined_in_19h
seg000:22AF                 jz      short end
seg000:22B1                 push    ax
seg000:22B2                 call    Diag_test_CHECKSUM_BAD_RTC_POWER_LOST
seg000:22B5                 pop     ax
seg000:22B6                 jnz     short end
seg000:22B8                 test    al, CMOS_12h_HDD1_Type_16_47_defined_in_19h
seg000:22BA                 mov     al, 2
seg000:22BC                 jnz     short ide_Ctrl_Software_Reset
seg000:22BE                 dec     ax
seg000:22BF
seg000:22BF ide_Ctrl_Software_Reset:                ; CODE XREF: HDD_count_Type+32↑j
seg000:22BF                 mov     ds:BDA_75h_HDD_count, al
seg000:22C2                 mov     dx, IO_Port_3F6h_IDE_0_Dev_Control
seg000:22C5                 mov     al, IO_Port_3F6h_Ctrl_Software_Reset
seg000:22C7                 out     dx, al
seg000:22C8                 mov     cx, 256
seg000:22CB
seg000:22CB delay_loop:                             ; CODE XREF: HDD_count_Type:delay_loop↓j
seg000:22CB                 loop    delay_loop
seg000:22CD                 xor     al, al
seg000:22CF                 out     dx, al
seg000:22D0                 call    init_hdd_IVTs
seg000:22D3                 call    enable_IRQ14_PRIMARY_IDE_
seg000:22D6                 call    reset_HDD_last_op_ctrl_byte
seg000:22D9                 call    HDD0_Type
seg000:22DC                 jb      short loc_F02308
seg000:22DE                 call    init_IVT_FDPT1
seg000:22E1                 call    HDD1_Type
seg000:22E4                 jb      short loc_F022E9
seg000:22E6                 call    init_IVT_FDPT2
seg000:22E9
seg000:22E9 loc_F022E9:                             ; CODE XREF: HDD_count_Type+5A↑j
seg000:22E9                 mov     dl, int13h_HDD0_80h
seg000:22EB                 mov     bp, offset aDriveCErrorHdc ; " DRIVE C ERROR HDC ERROR"
seg000:22EE                 mov     si, 14
seg000:22F1                 nop
seg000:22F2                 call    sub_F023E7
seg000:22F5                 cmp     byte ptr ds:BDA_75h_HDD_count, 2
seg000:22FA                 jnz     short loc_F02308
seg000:22FC                 mov     dl, int13h_HDD1_81h
seg000:22FE                 mov     bp, offset aDriveDErrorHdc ; " DRIVE D ERROR HDC ERROR"
seg000:2301                 mov     si, 14
seg000:2304                 nop
seg000:2305                 call    sub_F023E7
seg000:2308
seg000:2308 loc_F02308:                             ; CODE XREF: HDD_count_Type+52↑j HDD_count_Type+70↑j
seg000:2308                 call    PIC1_I_IRQ0_TIMER_enable
seg000:230B
seg000:230B end:                                    ; CODE XREF: HDD_count_Type+25↑j HDD_count_Type+2C↑j
seg000:230B                 retn
seg000:230B HDD_count_Type  endp
seg000:230B
seg000:230C
seg000:230C ; =============== S U B R O U T I N E =======================================
seg000:230C
seg000:230C
seg000:230C init_hdd_IVTs   proc near               ; CODE XREF: HDD_count_Type+46↑p
seg000:230C                 push    ds
seg000:230D                 mov     ds, cs:IVT_segment
seg000:2312                 assume ds:nothing
seg000:2312                 mov     si, offset IVT_hdd_table
seg000:2315                 mov     cx, 2
seg000:2318
seg000:2318 loc_F02318:                             ; CODE XREF: init_hdd_IVTs+1E↓j
seg000:2318                 lods    word ptr cs:[si]
seg000:231A                 mov     bx, cs:[si]
seg000:231D                 add     si, 2
seg000:2320                 xchg    ax, [bx]
seg000:2322                 mov     bx, cs:[si]
seg000:2325                 add     si, 2
seg000:2328                 mov     [bx], ax
seg000:232A                 loop    loc_F02318
seg000:232C                 mov     cx, 6
seg000:232F
seg000:232F loc_F0232F:                             ; CODE XREF: init_hdd_IVTs+2B↓j
seg000:232F                 lods    word ptr cs:[si]
seg000:2331                 mov     bx, ax
seg000:2333                 lods    word ptr cs:[si]
seg000:2335                 mov     [bx], ax
seg000:2337                 loop    loc_F0232F
seg000:2339                 pop     ds
seg000:233A                 assume ds:seg000
seg000:233A                 retn
seg000:233A init_hdd_IVTs   endp
seg000:233A
seg000:233A ; ---------------------------------------------------------------------------
seg000:233B IVT_hdd_table   dw offset int_13h_withHDD_dispatch ; DATA XREF: init_hdd_IVTs+6↑o
seg000:233D                 dw IVT_DISK_IO_off
seg000:233F                 dw IVT_HDD_off
seg000:2341                 dw 0F800h
seg000:2343                 dw IVT_DISK_IO_seg
seg000:2345                 dw IVT_HDD_seg
seg000:2347                 dw IVT_IRQ14_off
seg000:2349                 dw offset disk_Int_Complete
seg000:234B                 dw IVT_IRQ14_seg
seg000:234D                 dw 0F800h
seg000:234F                 dw IVT_Disk_Parameter_Table1_off
seg000:2351                 dw 0E401h               ; FDPTs
seg000:2353                 dw IVT_Disk_Parameter_Table1_seg
seg000:2355                 dw 0F000h
seg000:2357                 dw IVT_Disk_Parameter_Table2_off
seg000:2359                 dw 0E401h               ; FDPTs
seg000:235B                 dw IVT_Disk_Parameter_Table2_seg
seg000:235D                 dw 0F000h
seg000:235F
seg000:235F ; =============== S U B R O U T I N E =======================================
seg000:235F
seg000:235F
seg000:235F enable_IRQ14_PRIMARY_IDE_ proc near     ; CODE XREF: HDD_count_Type+49↑p
seg000:235F                 cli
seg000:2360                 call    enable_IRQ14_PRIMARY_IDE
seg000:2363                 sti
seg000:2364                 retn
seg000:2364 enable_IRQ14_PRIMARY_IDE_ endp
seg000:2364
seg000:2365                 assume ds:nothing
seg000:2365
seg000:2365 ; =============== S U B R O U T I N E =======================================
seg000:2365
seg000:2365
seg000:2365 reset_HDD_last_op_ctrl_byte proc near   ; CODE XREF: HDD_count_Type+4C↑p
seg000:2365                 xor     al, al
seg000:2367                 mov     ds:BDA_74h_HDD_last_op_status, al
seg000:236A                 mov     ds:BDA_76h_HDD_ctrl_byte, al
seg000:236D                 retn
seg000:236D reset_HDD_last_op_ctrl_byte endp
seg000:236D
seg000:236E
seg000:236E ; =============== S U B R O U T I N E =======================================
seg000:236E
seg000:236E
seg000:236E Diag_test_CHECKSUM_BAD_RTC_POWER_LOST proc near ; CODE XREF: HDD_count_Type+28↑p SETUP_main_check+3↓p
seg000:236E                 mov     al, CMOS_0Eh_Diagnostic_Status
seg000:2370                 out     IO_Port_70h_CMOS_Index, al
seg000:2372                 nop
seg000:2373                 in      al, IO_Port_71h_CMOS_Data
seg000:2375                 test    al, CMOS_0Eh_CMOS_Diag_CHECKSUM_BAD or CMOS_0Eh_CMOS_Diag_RTC_POWER_LOST
seg000:2377                 retn
seg000:2377 Diag_test_CHECKSUM_BAD_RTC_POWER_LOST endp
seg000:2377
seg000:2378
seg000:2378 ; =============== S U B R O U T I N E =======================================
seg000:2378
seg000:2378
seg000:2378 HDD0_Type       proc near               ; CODE XREF: HDD_count_Type+4F↑p
seg000:2378                 mov     al, CMOS_12h_HDD_Type
seg000:237A                 out     IO_Port_70h_CMOS_Index, al
seg000:237C                 nop
seg000:237D                 in      al, IO_Port_71h_CMOS_Data
seg000:237F                 and     al, CMOS_12h_HDD0_Type_16_47_defined_in_19h
seg000:2381                 jz      short error
seg000:2383                 cmp     al, CMOS_12h_HDD0_Type_16_47_defined_in_19h
seg000:2385                 jnz     short loc_F02394
seg000:2387                 mov     al, CMOS_19h_HDD_0_Extended
seg000:2389                 out     IO_Port_70h_CMOS_Index, al
seg000:238B                 nop
seg000:238C                 in      al, IO_Port_71h_CMOS_Data
seg000:238E
seg000:238E loc_F0238E:                             ; CODE XREF: HDD1_Type+16↓j
seg000:238E                 test    al, 0F0h
seg000:2390                 jz      short error
seg000:2392                 jmp     short end
seg000:2394 ; ---------------------------------------------------------------------------
seg000:2394
seg000:2394 loc_F02394:                             ; CODE XREF: HDD0_Type+D↑j
seg000:2394                 mov     cl, 4
seg000:2396                 shr     al, cl
seg000:2398
seg000:2398 loc_F02398:                             ; CODE XREF: HDD1_Type+D↓j
seg000:2398                 and     al, CMOS_12h_HDD1_Type_16_47_defined_in_19h
seg000:239A
seg000:239A end:                                    ; CODE XREF: HDD0_Type+1A↑j
seg000:239A                 clc
seg000:239B                 retn
seg000:239C ; ---------------------------------------------------------------------------
seg000:239C
seg000:239C error:                                  ; CODE XREF: HDD0_Type+9↑j HDD0_Type+18↑j ...
seg000:239C                 stc
seg000:239D                 retn
seg000:239D HDD0_Type       endp
seg000:239D
seg000:239E
seg000:239E ; =============== S U B R O U T I N E =======================================
seg000:239E
seg000:239E
seg000:239E HDD1_Type       proc near               ; CODE XREF: HDD_count_Type+57↑p
seg000:239E                 mov     al, CMOS_12h_HDD_Type
seg000:23A0                 out     IO_Port_70h_CMOS_Index, al
seg000:23A2                 nop
seg000:23A3                 in      al, IO_Port_71h_CMOS_Data
seg000:23A5                 and     al, CMOS_12h_HDD1_Type_16_47_defined_in_19h
seg000:23A7                 jz      short error
seg000:23A9                 cmp     al, CMOS_12h_HDD1_Type_16_47_defined_in_19h
seg000:23AB                 jnz     short loc_F02398
seg000:23AD                 mov     al, CMOS_1Ah_HDD_1_Extended
seg000:23AF                 out     IO_Port_70h_CMOS_Index, al
seg000:23B1                 nop
seg000:23B2                 in      al, IO_Port_71h_CMOS_Data
seg000:23B4                 jmp     short loc_F0238E
seg000:23B4 HDD1_Type       endp
seg000:23B4
seg000:23B6
seg000:23B6 ; =============== S U B R O U T I N E =======================================
seg000:23B6
seg000:23B6
seg000:23B6 init_IVT_FDPT1  proc near               ; CODE XREF: HDD_count_Type+54↑p
seg000:23B6                 mov     di, IVT_Disk_Parameter_Table1_off
seg000:23B9
seg000:23B9 init_IVT_FDPT_di:                       ; CODE XREF: init_IVT_FDPT2+3↓j
seg000:23B9                 xor     ah, ah
seg000:23BB                 mov     cx, 4
seg000:23BE                 shl     ax, cl
seg000:23C0                 sub     ax, 10h
seg000:23C3                 mov     bx, 0E401h      ; FDPTs
seg000:23C6                 add     bx, ax
seg000:23C8                 push    ds
seg000:23C9                 mov     ds, cs:IVT_segment
seg000:23CE                 assume ds:nothing
seg000:23CE                 mov     [di], bx
seg000:23D0                 pop     ds
seg000:23D1                 assume ds:seg000
seg000:23D1                 retn
seg000:23D1 init_IVT_FDPT1  endp
seg000:23D1
seg000:23D2
seg000:23D2 ; =============== S U B R O U T I N E =======================================
seg000:23D2
seg000:23D2
seg000:23D2 init_IVT_FDPT2  proc near               ; CODE XREF: HDD_count_Type+5C↑p
seg000:23D2                 mov     di, IVT_Disk_Parameter_Table2_off
seg000:23D5                 jmp     short init_IVT_FDPT_di
seg000:23D5 init_IVT_FDPT2  endp
seg000:23D5
seg000:23D7
seg000:23D7 ; =============== S U B R O U T I N E =======================================
seg000:23D7
seg000:23D7
seg000:23D7 print_string_ESBP proc near             ; CODE XREF: sub_F023E7+36↓p sub_F023E7+69↓p
seg000:23D7                 mov     ax, cs
seg000:23D9                 mov     es, ax
seg000:23DB                 xor     dx, dx
seg000:23DD                 mov     bx, No_Blink or Bg_Black or Fg_White
seg000:23E0                 mov     ah, 13h
seg000:23E2                 mov     al, 0
seg000:23E4                 int     10h             ; - VIDEO - WRITE STRING (AT,XT286,PS,EGA,VGA)
seg000:23E4                                         ; AL = mode, BL = attribute if AL bit 1 clear, BH = display page number
seg000:23E4                                         ; DH,DL = row,column of starting cursor position, CX = length of string
seg000:23E4                                         ; ES:BP -> start of string
seg000:23E6                 retn
seg000:23E6 print_string_ESBP endp
seg000:23E6
seg000:23E7
seg000:23E7 ; =============== S U B R O U T I N E =======================================
seg000:23E7
seg000:23E7
seg000:23E7 sub_F023E7      proc near               ; CODE XREF: HDD_count_Type+68↑p HDD_count_Type+7B↑p
seg000:23E7                 mov     cx, 3000
seg000:23EA
seg000:23EA loc_F023EA:                             ; CODE XREF: sub_F023E7+15↓j
seg000:23EA                 mov     ah, 10h
seg000:23EC                 int     13h             ; DISK - FIXED DISK - TEST FOR DRIVE READY (XT,AT,XT286,PS)
seg000:23EC                                         ; DL = drive ID
seg000:23EC                                         ; Return: CF set on error, AH = status code
seg000:23EE                 and     al, 0D0h
seg000:23F0                 cmp     al, 50h ; 'P'
seg000:23F2                 jz      short loc_F02400
seg000:23F4                 pushf
seg000:23F5                 mov     ax, 10
seg000:23F8                 call    delay_ax_CPU_tuned
seg000:23FB                 popf
seg000:23FC                 loop    loc_F023EA
seg000:23FE                 jb      short loc_F0241B
seg000:2400
seg000:2400 loc_F02400:                             ; CODE XREF: sub_F023E7+B↑j
seg000:2400                 mov     ah, 14h
seg000:2402                 int     13h             ; DISK - FIXED DISK - CONTROLLER DIAGNOSTICS (XT,AT,XT286,PS)
seg000:2402                                         ; Return: CF set on error, AH = status code
seg000:2404                 jb      short loc_F0241B
seg000:2406                 add     bp, si
seg000:2408                 mov     si, 0Ah
seg000:240B                 nop
seg000:240C                 mov     cx, 15
seg000:240F
seg000:240F loc_F0240F:                             ; CODE XREF: sub_F023E7+32↓j
seg000:240F                 mov     ah, int13h_0_Reset_disk_system
seg000:2411                 mov     bx, IVT_DISK_IO_off
seg000:2414                 call    call_IVT_off_BX_with_AX
seg000:2417                 jnb     short loc_F02434
seg000:2419                 loop    loc_F0240F
seg000:241B
seg000:241B loc_F0241B:                             ; CODE XREF: sub_F023E7+17↑j sub_F023E7+1D↑j
seg000:241B                 mov     cx, si
seg000:241D                 call    print_string_ESBP
seg000:2420                 mov     al, CMOS_0Eh_Diagnostic_Status
seg000:2422                 out     IO_Port_70h_CMOS_Index, al
seg000:2424                 nop
seg000:2425                 in      al, IO_Port_71h_CMOS_Data
seg000:2427                 or      al, CMOS_0Eh_CMOS_Diag_HDD_INIT_FAILED
seg000:2429                 xchg    ah, al
seg000:242B                 mov     al, CMOS_0Eh_Diagnostic_Status
seg000:242D                 out     IO_Port_70h_CMOS_Index, al
seg000:242F                 xchg    ah, al
seg000:2431                 out     IO_Port_71h_CMOS_Data, al
seg000:2433                 retn
seg000:2434 ; ---------------------------------------------------------------------------
seg000:2434
seg000:2434 loc_F02434:                             ; CODE XREF: sub_F023E7+30↑j
seg000:2434                 mov     ah, int13h_8_Get_current_drive_parameters
seg000:2436                 push    dx
seg000:2437                 mov     bx, IVT_DISK_IO_off
seg000:243A                 call    call_IVT_off_BX_with_AX
seg000:243D                 pop     dx
seg000:243E
seg000:243E loc_F0243E:                             ; CODE XREF: sub_F023E7+65↓j
seg000:243E                 mov     ah, int13h_4_Verify_disk_sectors
seg000:2440                 mov     al, 1
seg000:2442                 mov     bx, IVT_DISK_IO_off
seg000:2445                 call    call_IVT_off_BX_with_AX
seg000:2448                 jnb     short end
seg000:244A                 dec     cl
seg000:244C                 jnz     short loc_F0243E
seg000:244E                 mov     cx, si
seg000:2450                 call    print_string_ESBP
seg000:2453
seg000:2453 end:                                    ; CODE XREF: sub_F023E7+61↑j
seg000:2453                 retn
seg000:2453 sub_F023E7      endp
seg000:2453
seg000:2453 ; ---------------------------------------------------------------------------
seg000:2454 aDriveCErrorHdc db ' DRIVE C ERROR HDC ERROR' ; DATA XREF: HDD_count_Type+61↑o
seg000:246C aDriveDErrorHdc db ' DRIVE D ERROR HDC ERROR' ; DATA XREF: HDD_count_Type+74↑o
seg000:2484
seg000:2484 ; =============== S U B R O U T I N E =======================================
seg000:2484
seg000:2484
seg000:2484 PIC1_I_IRQ0_TIMER_enable proc near      ; CODE XREF: HDD_count_Type:loc_F02308↑p
seg000:2484                 cli
seg000:2485                 in      al, IO_Port_21h_PIC1_Interrupt_Mask
seg000:2487                 and     al, not (IO_Port_21h_PIC1_I_IRQ0_TIMER)
seg000:2489                 out     IO_Port_21h_PIC1_Interrupt_Mask, al
seg000:248B                 sti
seg000:248C                 retn
seg000:248C PIC1_I_IRQ0_TIMER_enable endp
seg000:248C
seg000:248C ; ---------------------------------------------------------------------------
seg000:248D                 db    0
seg000:248E
seg000:248E ; =============== S U B R O U T I N E =======================================
seg000:248E
seg000:248E ; Attributes: noreturn
seg000:248E
seg000:248E int_1Ah_RTC     proc near               ; CODE XREF: j_int_1Ah_RTC↓J
seg000:248E                 call    near ptr jump_trampoline
seg000:248E ; ---------------------------------------------------------------------------
seg000:2491                 db    8
seg000:2492                 dw offset int_1Ah_0_Ticks_since_midnight_get; 0
seg000:2494                 dw offset int_1Ah_1_Ticks_since_midnight_set; 1
seg000:2496                 dw offset int_1Ah_2_RTC_time_get; 2
seg000:2498                 dw offset int_1Ah_3_RTC_time_set; 3
seg000:249A                 dw offset int_1Ah_4_RTC_date_get; 4
seg000:249C                 dw offset int_1Ah_5_RTC_date_set; 5
seg000:249E                 dw offset int_1Ah_6_RTC_alarm_set; 6
seg000:24A0                 dw offset int_1Ah_7_RTC_alarm_OFF; 7
seg000:24A2                 dw offset int_1Ah_8_unknown; 8
seg000:24A4 ; ---------------------------------------------------------------------------
seg000:24A4                 retn
seg000:24A4 int_1Ah_RTC     endp ; sp-analysis failed
seg000:24A4
seg000:24A5
seg000:24A5 ; =============== S U B R O U T I N E =======================================
seg000:24A5
seg000:24A5
seg000:24A5 int_1Ah_8_unknown proc near             ; DATA XREF: int_1Ah_RTC+4↑o
seg000:24A5                 dec     [bp+Sanyo_int_stack_frame.reg_ah]
seg000:24A8                 retn
seg000:24A8 int_1Ah_8_unknown endp
seg000:24A8
seg000:24A9
seg000:24A9 ; =============== S U B R O U T I N E =======================================
seg000:24A9
seg000:24A9
seg000:24A9 int_1Ah_0_Ticks_since_midnight_get proc near ; DATA XREF: int_1Ah_RTC+4↑o
seg000:24A9                 cli
seg000:24AA                 call    get_Timer_ticks_since_midnight
seg000:24AD                 mov     word ptr [bp+Sanyo_int_stack_frame.reg_al], ax
seg000:24B0                 lodsw
seg000:24B1                 mov     word ptr [bp+Sanyo_int_stack_frame.reg_dl], ax
seg000:24B4                 lodsw
seg000:24B5                 mov     word ptr [bp+Sanyo_int_stack_frame.reg_cl], ax
seg000:24B8                 sti
seg000:24B9                 retn
seg000:24B9 int_1Ah_0_Ticks_since_midnight_get endp
seg000:24B9
seg000:24BA
seg000:24BA ; =============== S U B R O U T I N E =======================================
seg000:24BA
seg000:24BA
seg000:24BA get_Timer_ticks_since_midnight proc near ; CODE XREF: int_1Ah_0_Ticks_since_midnight_get+1↑p int_1Ah_1_Ticks_since_midnight_set+1↓p
seg000:24BA                 mov     si, BDA_6Ch_Timer_ticks_since_midnight
seg000:24BD                 xor     ax, ax
seg000:24BF                 mov     ds, cs:BDA_Segment
seg000:24C4                 assume ds:nothing
seg000:24C4                 xchg    al, [si+4]
seg000:24C7                 retn
seg000:24C7 get_Timer_ticks_since_midnight endp
seg000:24C7
seg000:24C8
seg000:24C8 ; =============== S U B R O U T I N E =======================================
seg000:24C8
seg000:24C8
seg000:24C8 int_1Ah_1_Ticks_since_midnight_set proc near ; DATA XREF: int_1Ah_RTC+4↑o
seg000:24C8                 cli
seg000:24C9                 call    get_Timer_ticks_since_midnight
seg000:24CC                 mov     [si], dx
seg000:24CE                 mov     [si+2], cx
seg000:24D1                 mov     [bp+Sanyo_int_stack_frame.reg_ah], ah
seg000:24D4                 sti
seg000:24D5                 retn
seg000:24D5 int_1Ah_1_Ticks_since_midnight_set endp
seg000:24D5
seg000:24D6
seg000:24D6 ; =============== S U B R O U T I N E =======================================
seg000:24D6
seg000:24D6
seg000:24D6 get_RTC_time_update_in_progress proc near ; CODE XREF: int_1Ah_4_RTC_date_get+F↓p int_1Ah_6_RTC_alarm_set+8↓p ...
seg000:24D6                 mov     [bp+Sanyo_int_stack_frame.reg_ah], 0
seg000:24DA
seg000:24DA get_RTC_time_update_in_progress2:       ; CODE XREF: int_1Ah_5_RTC_date_set+A↓p
seg000:24DA                 cli
seg000:24DB                 mov     bx, dx
seg000:24DD                 mov     dx, IO_Port_70h_CMOS_Index
seg000:24E0
seg000:24E0 get_CMOS_0Ah_Status_Register_A:         ; CODE XREF: int_1Ah_5_RTC_date_set:RTC_update_in_progress_loop↓p
seg000:24E0                 mov     al, CMOS_0Ah_Status_Register_A
seg000:24E0 ; ---------------------------------------------------------------------------
seg000:24E2                 db 3Dh                  ; stupid trick! 3Dh prefix turns subsequent "mov al, 0xb" into "cmp ax, 0x0BB0" = "3D B0 0B"
seg000:24E2                                         ; but WHY do this instead of just not having short jump that is "whole" 1 byte bigger?
seg000:24E2                                         ; plenty of bytes to go around, there is useless "mov bx, dx" just few lines above that could be removed
seg000:24E3 ; ---------------------------------------------------------------------------
seg000:24E3
seg000:24E3 get_CMOS_0Bh_Status_Register_B:         ; CODE XREF: int_1Ah_7_RTC_alarm_OFF+B↓p
seg000:24E3                 mov     al, CMOS_0Bh_Status_Register_B
seg000:24E5
seg000:24E5 IO_read_DX:                             ; CODE XREF: HDD_count_Type+A↑p int_1Ah_4_RTC_date_get+1F↓p ...
seg000:24E5                 out     dx, al
seg000:24E6                 inc     dx
seg000:24E7                 jmp     short $+2
seg000:24E9 ; ---------------------------------------------------------------------------
seg000:24E9
seg000:24E9 delay:                                  ; CODE XREF: get_RTC_time_update_in_progress+11↑j
seg000:24E9                 in      al, dx
seg000:24EA                 dec     dx
seg000:24EB                 retn
seg000:24EB get_RTC_time_update_in_progress endp
seg000:24EB
seg000:24EC
seg000:24EC ; =============== S U B R O U T I N E =======================================
seg000:24EC
seg000:24EC
seg000:24EC int_1Ah_4_RTC_date_get proc near        ; DATA XREF: int_1Ah_RTC+4↑o
seg000:24EC                 mov     si, offset RTC_date_get_IO
seg000:24EF                 jmp     short RTC_get
seg000:24F1 ; ---------------------------------------------------------------------------
seg000:24F1
seg000:24F1 int_1Ah_2_RTC_time_get:                 ; DATA XREF: int_1Ah_RTC+4↑o
seg000:24F1                 mov     si, offset RTC_time_get_IO
seg000:24F4
seg000:24F4 RTC_get:                                ; CODE XREF: int_1Ah_4_RTC_date_get+3↑j
seg000:24F4                 mov     di, 2500
seg000:24F7
seg000:24F7 RTC_update_in_progress_loop:            ; CODE XREF: int_1Ah_4_RTC_date_get+17↓j
seg000:24F7                 and     byte ptr [bp+Sanyo_int_stack_frame.int_cs], 11111110b
seg000:24FB                 call    get_RTC_time_update_in_progress
seg000:24FE                 or      al, al
seg000:2500                 jns     short RTC_ready
seg000:2502                 dec     di
seg000:2503                 jnz     short RTC_update_in_progress_loop
seg000:2505                 jmp     short int_1Ah_end
seg000:2507 ; ---------------------------------------------------------------------------
seg000:2507
seg000:2507 RTC_ready:                              ; CODE XREF: int_1Ah_4_RTC_date_get+14↑j
seg000:2507                 mov     al, cs:[si]
seg000:250A                 inc     si
seg000:250B                 call    IO_read_DX
seg000:250E                 mov     ah, al
seg000:2510                 mov     al, cs:[si]
seg000:2513                 inc     si
seg000:2514                 or      al, al
seg000:2516                 jz      short loc_F0251B
seg000:2518                 call    IO_read_DX
seg000:251B
seg000:251B loc_F0251B:                             ; CODE XREF: int_1Ah_4_RTC_date_get+2A↑j
seg000:251B                 mov     word ptr [bp+Sanyo_int_stack_frame.reg_dl], ax
seg000:251E                 mov     al, cs:[si]
seg000:2521                 inc     si
seg000:2522                 call    IO_read_DX
seg000:2525                 mov     ah, al
seg000:2527                 mov     al, cs:[si]
seg000:252A                 inc     si
seg000:252B                 call    IO_read_DX
seg000:252E                 mov     word ptr [bp+Sanyo_int_stack_frame.reg_cl], ax
seg000:2531                 mov     al, 0
seg000:2533                 xchg    al, ah
seg000:2535
seg000:2535 end:                                    ; CODE XREF: int_1Ah_4_RTC_date_get+5C↓j
seg000:2535                 mov     word ptr [bp+Sanyo_int_stack_frame.reg_al], ax
seg000:2538                 sti
seg000:2539                 retn
seg000:2539 ; ---------------------------------------------------------------------------
seg000:253A RTC_time_get_IO:                        ; DATA XREF: int_1Ah_4_RTC_date_get:int_1Ah_2_RTC_time_get↑o
seg000:253A                 db CMOS_00h_RTC_seconds ; 0
seg000:253B                 db CMOS_00h_RTC_seconds ; 1
seg000:253C                 db CMOS_04h_RTC_hours   ; 2
seg000:253D                 db CMOS_02h_RTC_minutes ; 3
seg000:253E RTC_date_get_IO:                        ; DATA XREF: int_1Ah_4_RTC_date_get↑o
seg000:253E                 db CMOS_08h_RTC_month   ; 0
seg000:253F                 db CMOS_07h_RTC_day_of_month; 1
seg000:2540                 db CMOS_32h_Century_Byte; 2
seg000:2541                 db CMOS_09h_RTC_year    ; 3
seg000:2542 ; ---------------------------------------------------------------------------
seg000:2542
seg000:2542 int_1Ah_end:                            ; CODE XREF: int_1Ah_4_RTC_date_get+19↑j int_1Ah_6_RTC_alarm_set+10↓j
seg000:2542                 or      byte ptr [bp+Sanyo_int_stack_frame.int_cs], 00000001b
seg000:2546                 xor     ax, ax
seg000:2548                 jmp     short end
seg000:2548 int_1Ah_4_RTC_date_get endp
seg000:2548
seg000:254A
seg000:254A ; =============== S U B R O U T I N E =======================================
seg000:254A
seg000:254A
seg000:254A int_1Ah_6_RTC_alarm_set proc near       ; DATA XREF: int_1Ah_RTC+4↑o
seg000:254A                 in      al, IO_Port_A1h_PIC2_Interrupt_Mask
seg000:254C                 and     al, not (IO_Port_A1h_PIC2_I_IRQ8_REAL_TIME_CLOCK)
seg000:254E                 push    ax
seg000:254F                 pop     ax
seg000:2550                 out     IO_Port_A1h_PIC2_Interrupt_Mask, al
seg000:2552                 call    get_RTC_time_update_in_progress
seg000:2555                 call    get_CMOS_0Bh_Status_Register_B
seg000:2558                 test    al, CMOS_0Bh_REGB_ALARM_INT_EN
seg000:255A                 jnz     short int_1Ah_end
seg000:255C                 mov     si, offset RTC_alarm_set_IO
seg000:255F                 jmp     short loc_F0257A
seg000:255F int_1Ah_6_RTC_alarm_set endp
seg000:255F
seg000:2561
seg000:2561 ; =============== S U B R O U T I N E =======================================
seg000:2561
seg000:2561
seg000:2561 int_1Ah_7_RTC_alarm_OFF proc near       ; DATA XREF: int_1Ah_RTC+4↑o
seg000:2561                 in      al, IO_Port_A1h_PIC2_Interrupt_Mask
seg000:2563                 or      al, IO_Port_A1h_PIC2_I_IRQ8_REAL_TIME_CLOCK
seg000:2565                 push    ax
seg000:2566                 pop     ax
seg000:2567                 out     IO_Port_A1h_PIC2_Interrupt_Mask, al
seg000:2569                 call    get_RTC_time_update_in_progress
seg000:256C                 call    get_CMOS_0Bh_Status_Register_B
seg000:256F                 and     al, 5Fh
seg000:2571                 mov     ah, al
seg000:2573                 mov     al, 0Bh
seg000:2575                 out     dx, ax
seg000:2576                 retn
seg000:2576 int_1Ah_7_RTC_alarm_OFF endp
seg000:2576
seg000:2577
seg000:2577 ; =============== S U B R O U T I N E =======================================
seg000:2577
seg000:2577
seg000:2577 int_1Ah_3_RTC_time_set proc near        ; DATA XREF: int_1Ah_RTC+4↑o
seg000:2577                 mov     si, offset RTC_time_set_IO
seg000:257A
seg000:257A loc_F0257A:                             ; CODE XREF: int_1Ah_6_RTC_alarm_set+15↑j
seg000:257A                 push    bp
seg000:257B                 inc     bp
seg000:257C                 jmp     short loc_F02585
seg000:257C int_1Ah_3_RTC_time_set endp
seg000:257C
seg000:257E
seg000:257E ; =============== S U B R O U T I N E =======================================
seg000:257E
seg000:257E
seg000:257E int_1Ah_5_RTC_date_set proc near        ; DATA XREF: int_1Ah_RTC+4↑o
seg000:257E                 mov     si, offset RTC_date_set_IO
seg000:2581                 mov     [bp+Sanyo_int_stack_frame.reg_al], ch
seg000:2584                 push    bp
seg000:2585
seg000:2585 loc_F02585:                             ; CODE XREF: int_1Ah_3_RTC_time_set+5↑j
seg000:2585                 add     bp, 0Ah
seg000:2588                 call    get_RTC_time_update_in_progress2
seg000:258B                 mov     al, CMOS_0Dh_Status_Register_D
seg000:258D                 call    IO_read_DX
seg000:2590                 or      al, al
seg000:2592                 js      short battery_good
seg000:2594
seg000:2594 battery_bad:                            ; CODE XREF: int_1Ah_5_RTC_date_set+3A↓j
seg000:2594                 mov     ax, CMOS_0Bh_Status_Register_B or 8200h
seg000:2597                 out     dx, ax
seg000:2598                 mov     ax, CMOS_0Ah_Status_Register_A or 2600h
seg000:259B                 out     dx, ax
seg000:259C                 mov     al, CMOS_0Ch_Status_Register_C
seg000:259E                 call    IO_read_DX
seg000:25A1                 mov     al, CMOS_0Dh_Status_Register_D
seg000:25A3                 call    IO_read_DX
seg000:25A6                 mov     ax, 0B02h
seg000:25A9                 push    ax
seg000:25AA                 jmp     short loc_F025C1
seg000:25AC ; ---------------------------------------------------------------------------
seg000:25AC
seg000:25AC battery_good:                           ; CODE XREF: int_1Ah_5_RTC_date_set+14↑j
seg000:25AC                 push    cx
seg000:25AD                 mov     cx, 2000
seg000:25B0
seg000:25B0 RTC_update_in_progress_loop:            ; CODE XREF: int_1Ah_5_RTC_date_set+37↓j
seg000:25B0                 call    get_CMOS_0Ah_Status_Register_A
seg000:25B3                 and     al, CMOS_0Ah_REGA_time_update_in_progress
seg000:25B5                 loopne  RTC_update_in_progress_loop
seg000:25B7                 pop     cx
seg000:25B8                 jnz     short battery_bad
seg000:25BA                 mov     ax, CMOS_0Bh_Status_Register_B or 0B00h
seg000:25BD                 call    IO_read_DX
seg000:25C0                 push    ax
seg000:25C1
seg000:25C1 loc_F025C1:                             ; CODE XREF: int_1Ah_5_RTC_date_set+2C↑j int_1Ah_5_RTC_date_set+50↓j
seg000:25C1                 mov     al, cs:[si]
seg000:25C4                 inc     si
seg000:25C5                 or      al, al
seg000:25C7                 js      short loc_F025D0
seg000:25C9                 mov     ah, [bp+0]
seg000:25CC                 inc     bp
seg000:25CD                 out     dx, ax
seg000:25CE                 jmp     short loc_F025C1
seg000:25D0 ; ---------------------------------------------------------------------------
seg000:25D0
seg000:25D0 loc_F025D0:                             ; CODE XREF: int_1Ah_5_RTC_date_set+49↑j
seg000:25D0                 inc     al
seg000:25D2                 inc     al
seg000:25D4                 pop     ax
seg000:25D5                 pop     bp
seg000:25D6                 jnz     short loc_F025E6
seg000:25D8                 and     al, 22h
seg000:25DA                 or      al, bl
seg000:25DC                 push    ax
seg000:25DD                 cbw
seg000:25DE                 mov     [bp+10h], ax
seg000:25E1                 pop     ax
seg000:25E2
seg000:25E2 loc_F025E2:                             ; CODE XREF: int_1Ah_5_RTC_date_set:loc_F025E6↓j int_1Ah_5_RTC_date_set+6C↓j
seg000:25E2                 xchg    al, ah
seg000:25E4                 out     dx, ax
seg000:25E5                 retn
seg000:25E6 ; ---------------------------------------------------------------------------
seg000:25E6
seg000:25E6 loc_F025E6:                             ; CODE XREF: int_1Ah_5_RTC_date_set+58↑j
seg000:25E6                 jns     short loc_F025E2
seg000:25E8                 or      al, 20h
seg000:25EA                 jmp     short loc_F025E2
seg000:25EA int_1Ah_5_RTC_date_set endp ; sp-analysis failed
seg000:25EA
seg000:25EC
seg000:25EC ; =============== S U B R O U T I N E =======================================
seg000:25EC
seg000:25EC
seg000:25EC something_ticks_since_midnight proc near ; CODE XREF: CPU_detect_speed_and_timing↓p
seg000:25EC                 mov     cx, 10000
seg000:25EF                 mov     dx, IO_Port_70h_CMOS_Index
seg000:25F2                 mov     al, CMOS_0Dh_Status_Register_D
seg000:25F4                 call    IO_read_DX
seg000:25F7                 and     al, CMOS_0Dh_REGD_Battery_Good
seg000:25F9                 jnz     short time_update_in_progress_loop
seg000:25FB                 mov     al, CMOS_0Eh_Diagnostic_Status
seg000:25FD                 call    IO_read_DX
seg000:2600                 or      al, CMOS_0Eh_CMOS_Diag_RTC_POWER_LOST
seg000:2602                 mov     ah, CMOS_0Eh_Diagnostic_Status
seg000:2604                 xchg    ah, al
seg000:2606                 out     dx, ax
seg000:2607
seg000:2607 time_update_in_progress_loop:           ; CODE XREF: something_ticks_since_midnight+D↑j something_ticks_since_midnight+26↓j
seg000:2607                 sti
seg000:2608                 mov     al, CMOS_0Ah_Status_Register_A
seg000:260A                 cli
seg000:260B                 call    IO_read_DX
seg000:260E                 or      al, al
seg000:2610                 jns     short loc_F02618
seg000:2612                 loop    time_update_in_progress_loop
seg000:2614                 xor     ax, ax
seg000:2616                 jmp     short loc_F0264E
seg000:2618 ; ---------------------------------------------------------------------------
seg000:2618
seg000:2618 loc_F02618:                             ; CODE XREF: something_ticks_since_midnight+24↑j
seg000:2618                 xor     di, di
seg000:261A                 xor     si, si
seg000:261C                 mov     bx, 273
seg000:261F                 mov     al, CMOS_00h_RTC_seconds
seg000:2621                 call    IO_read_something
seg000:2624                 mov     bx, 16386
seg000:2627                 mov     al, CMOS_02h_RTC_minutes
seg000:2629                 call    IO_read_something
seg000:262C                 mov     bx, 110
seg000:262F                 mov     al, CMOS_04h_RTC_hours
seg000:2631                 call    IO_read_something
seg000:2634                 mov     ax, di
seg000:2636                 mov     dx, si
seg000:2638                 mov     bx, 0Fh
seg000:263B                 cmp     dx, bx
seg000:263D                 jb      short loc_F0264C
seg000:263F                 inc     cx
seg000:2640                 sub     dx, bx
seg000:2642                 cmp     dx, bx
seg000:2644                 jb      short loc_F0264C
seg000:2646                 xor     dx, dx
seg000:2648                 xor     ax, ax
seg000:264A                 xor     cx, cx
seg000:264C
seg000:264C loc_F0264C:                             ; CODE XREF: something_ticks_since_midnight+51↑j something_ticks_since_midnight+58↑j
seg000:264C                 div     bx
seg000:264E
seg000:264E loc_F0264E:                             ; CODE XREF: something_ticks_since_midnight+2A↑j
seg000:264E                 push    ds
seg000:264F                 mov     ds, cs:BDA_Segment
seg000:2654                 mov     ds:BDA_6Ch_Timer_ticks_since_midnight, ax
seg000:2657                 mov     ds:BDA_6Eh_Timer_ticks_since_midnight2, cx
seg000:265B                 pop     ds
seg000:265C                 assume ds:seg000
seg000:265C                 sti
seg000:265D                 retn
seg000:265D something_ticks_since_midnight endp
seg000:265D
seg000:265E
seg000:265E ; =============== S U B R O U T I N E =======================================
seg000:265E
seg000:265E
seg000:265E IO_read_something proc near             ; CODE XREF: something_ticks_since_midnight+35↑p something_ticks_since_midnight+3D↑p ...
seg000:265E                 mov     dx, IO_Port_70h_CMOS_Index
seg000:2661                 call    IO_read_DX
seg000:2664                 mov     ah, al
seg000:2666                 and     ax, 0FF0h
seg000:2669                 shr     al, 1
seg000:266B                 mov     cl, al
seg000:266D                 shr     al, 1
seg000:266F                 shr     al, 1
seg000:2671                 add     al, cl
seg000:2673                 add     al, ah
seg000:2675                 cbw
seg000:2676                 mov     cx, ax
seg000:2678                 mul     bx
seg000:267A                 add     di, ax
seg000:267C                 adc     si, dx
seg000:267E                 retn
seg000:267E IO_read_something endp
seg000:267E
seg000:267E ; ---------------------------------------------------------------------------
seg000:267F RTC_time_set_IO db CMOS_00h_RTC_seconds ; 0 ; DATA XREF: int_1Ah_3_RTC_time_set↑o
seg000:2680                 db CMOS_02h_RTC_minutes ; 1
seg000:2681                 db CMOS_04h_RTC_hours   ; 2
seg000:2682                 db 0FEh
seg000:2683 RTC_date_set_IO db CMOS_07h_RTC_day_of_month; 0 ; DATA XREF: int_1Ah_5_RTC_date_set↑o
seg000:2684                 db CMOS_08h_RTC_month   ; 1
seg000:2685                 db CMOS_09h_RTC_year    ; 2
seg000:2686                 db CMOS_32h_Century_Byte; 3
seg000:2687                 db 0FFh
seg000:2688 RTC_alarm_set_IO db CMOS_01h_RTC_seconds_alarm; 0 ; DATA XREF: int_1Ah_6_RTC_alarm_set+12↑o
seg000:2689                 db CMOS_03h_RTC_minutes_alarm; 1
seg000:268A                 db CMOS_05h_RTC_hours_alarm; 2
seg000:268B                 db 0FDh
seg000:268C
seg000:268C ; =============== S U B R O U T I N E =======================================
seg000:268C
seg000:268C
seg000:268C int10h_C_Write_graphics_pixel_at_coordinate proc near ; DATA XREF: int_10h_video_text_modes_dispatch+33↓o
seg000:268C                 call    sub_F02803
seg000:268F                 mov     al, [bp+Sanyo_int_stack_frame.reg_al]
seg000:2692                 mov     bx, offset byte_F026D6
seg000:2695                 push    ds
seg000:2696                 mov     ds, cs:BDA_Segment
seg000:269B                 assume ds:nothing
seg000:269B                 test    byte ptr ds:BDA_49h_video_active_mode, VIDEO_MODE_80x25_BW_TEXT
seg000:26A0                 pop     ds
seg000:26A1                 assume ds:seg000
seg000:26A1                 jz      short loc_F026A6
seg000:26A3                 add     bx, 4
seg000:26A6
seg000:26A6 loc_F026A6:                             ; CODE XREF: int10h_C_Write_graphics_pixel_at_coordinate+15↑j
seg000:26A6                 mov     ah, al
seg000:26A8                 and     al, 3
seg000:26AA                 xlat    byte ptr cs:[bx]
seg000:26AC                 and     al, ch
seg000:26AE                 shl     ah, 1
seg000:26B0                 jb      short loc_F026B6
seg000:26B2                 xor     al, ch
seg000:26B4                 or      [di], ch
seg000:26B6
seg000:26B6 loc_F026B6:                             ; CODE XREF: int10h_C_Write_graphics_pixel_at_coordinate+24↑j
seg000:26B6                 xor     [di], al
seg000:26B8                 retn
seg000:26B8 int10h_C_Write_graphics_pixel_at_coordinate endp
seg000:26B8
seg000:26B9
seg000:26B9 ; =============== S U B R O U T I N E =======================================
seg000:26B9
seg000:26B9
seg000:26B9 int10h_D_Read_graphics_pixel_at_coordinate proc near ; DATA XREF: int_10h_video_text_modes_dispatch+33↓o
seg000:26B9                 call    sub_F02803
seg000:26BC                 and     ch, [di]
seg000:26BE                 shl     ch, cl
seg000:26C0                 rol     ch, 1
seg000:26C2                 push    ds
seg000:26C3                 mov     ds, cs:BDA_Segment
seg000:26C8                 assume ds:nothing
seg000:26C8                 test    byte ptr ds:BDA_49h_video_active_mode, VIDEO_MODE_80x25_BW_TEXT
seg000:26CD                 pop     ds
seg000:26CE                 assume ds:seg000
seg000:26CE                 jnz     short loc_F026D2
seg000:26D0                 rol     ch, 1
seg000:26D2
seg000:26D2 loc_F026D2:                             ; CODE XREF: int10h_D_Read_graphics_pixel_at_coordinate+15↑j
seg000:26D2                 mov     [bp+Sanyo_int_stack_frame.reg_al], ch
seg000:26D5                 retn
seg000:26D5 int10h_D_Read_graphics_pixel_at_coordinate endp
seg000:26D5
seg000:26D5 ; ---------------------------------------------------------------------------
seg000:26D6 byte_F026D6     db 0                    ; DATA XREF: int10h_C_Write_graphics_pixel_at_coordinate+6↑o sub_F026FB+4E↓r
seg000:26D7                 db  55h ; U
seg000:26D8                 db 0AAh
seg000:26D9                 db 0FFh
seg000:26DA                 db    0
seg000:26DB                 db 0FFh
seg000:26DC                 db    0
seg000:26DD                 db 0FFh
seg000:26DE
seg000:26DE ; =============== S U B R O U T I N E =======================================
seg000:26DE
seg000:26DE
seg000:26DE sub_F026DE      proc near               ; CODE XREF: int10h_13_Write_string_graphic_modes+55↓p int10h_9A_Write_character_at_cursor_and_attribute_graphic_modes+C↓p ...
seg000:26DE                 xor     ah, ah
seg000:26E0                 shl     al, 1
seg000:26E2                 jb      short loc_F026F0
seg000:26E4                 lds     si, cs:dword_F026F7
seg000:26E9
seg000:26E9 loc_F026E9:                             ; CODE XREF: sub_F026DE+17↓j
seg000:26E9                 shl     ax, 1
seg000:26EB                 shl     ax, 1
seg000:26ED                 add     si, ax
seg000:26EF                 retn
seg000:26F0 ; ---------------------------------------------------------------------------
seg000:26F0
seg000:26F0 loc_F026F0:                             ; CODE XREF: sub_F026DE+4↑j
seg000:26F0                 lds     si, cs:807Ch
seg000:26F5                 jmp     short loc_F026E9
seg000:26F5 sub_F026DE      endp
seg000:26F5
seg000:26F5 ; ---------------------------------------------------------------------------
seg000:26F7 dword_F026F7    dd 0F8007A6Eh           ; DATA XREF: sub_F026DE+6↑r sub_F029D5+5↓r
seg000:26FB
seg000:26FB ; =============== S U B R O U T I N E =======================================
seg000:26FB
seg000:26FB
seg000:26FB sub_F026FB      proc near               ; CODE XREF: int10h_13_Write_string_graphic_modes+58↓p
seg000:26FB                                         ; int10h_9A_Write_character_at_cursor_and_attribute_graphic_modes:loc_F028DE↓p ...
seg000:26FB                 push    bx
seg000:26FC                 push    ds
seg000:26FD                 mov     ds, cs:BDA_Segment
seg000:2702                 assume ds:nothing
seg000:2702                 test    byte ptr ds:BDA_49h_video_active_mode, VIDEO_MODE_80x25_BW_TEXT
seg000:2707                 pop     ds
seg000:2708                 assume ds:seg000
seg000:2708                 jz      short loc_F0273A
seg000:270A                 shl     bl, 1
seg000:270C                 jnb     short loc_F02758
seg000:270E                 lodsw
seg000:270F                 xor     es:[di], al
seg000:2712                 xor     es:[di+2000h], ah
seg000:2717                 lodsw
seg000:2718                 xor     es:[di+50h], al
seg000:271C                 xor     es:[di+2050h], ah
seg000:2721                 lodsw
seg000:2722                 xor     es:[di+0A0h], al
seg000:2727                 xor     es:[di+20A0h], ah
seg000:272C                 lodsw
seg000:272D                 xor     es:[di+0F0h], al
seg000:2732                 xor     es:[di+20F0h], ah
seg000:2737                 inc     di
seg000:2738                 pop     bx
seg000:2739                 retn
seg000:273A ; ---------------------------------------------------------------------------
seg000:273A
seg000:273A loc_F0273A:                             ; CODE XREF: sub_F026FB+D↑j
seg000:273A                 push    cx
seg000:273B                 push    dx
seg000:273C                 mov     dx, 27A3h
seg000:273F                 xor     bh, bh
seg000:2741                 shl     bl, 1
seg000:2743                 pushf
seg000:2744                 shr     bl, 1
seg000:2746                 and     bl, 3
seg000:2749                 mov     bl, cs:byte_F026D6[bx]
seg000:274E                 mov     bh, bl
seg000:2750                 popf
seg000:2751                 jb      short loc_F02784
seg000:2753                 mov     dx, 27A6h
seg000:2756                 jmp     short loc_F02784
seg000:2758 ; ---------------------------------------------------------------------------
seg000:2758
seg000:2758 loc_F02758:                             ; CODE XREF: sub_F026FB+11↑j
seg000:2758                 lodsw
seg000:2759                 mov     es:[di], al
seg000:275C                 mov     es:[di+2000h], ah
seg000:2761                 lodsw
seg000:2762                 mov     es:[di+50h], al
seg000:2766                 mov     es:[di+2050h], ah
seg000:276B                 lodsw
seg000:276C                 mov     es:[di+0A0h], al
seg000:2771                 mov     es:[di+20A0h], ah
seg000:2776                 lodsw
seg000:2777                 mov     es:[di+0F0h], al
seg000:277C                 mov     es:[di+20F0h], ah
seg000:2781                 inc     di
seg000:2782                 pop     bx
seg000:2783                 retn
seg000:2784 ; ---------------------------------------------------------------------------
seg000:2784
seg000:2784 loc_F02784:                             ; CODE XREF: sub_F026FB+56↑j sub_F026FB+5B↑j
seg000:2784                 push    bp
seg000:2785                 mov     bp, bx
seg000:2787                 mov     cx, 404h
seg000:278A                 mov     bx, offset unk_F027BF
seg000:278D
seg000:278D loc_F0278D:                             ; CODE XREF: sub_F026FB+B2↓j sub_F026FB+B9↓j
seg000:278D                 and     di, 3FFFh
seg000:2791                 lodsb
seg000:2792                 mov     ah, al
seg000:2794                 and     ax, 0F00Fh
seg000:2797                 xlat    byte ptr cs:[bx]
seg000:2799                 xchg    al, ah
seg000:279B                 shr     al, cl
seg000:279D                 xlat    byte ptr cs:[bx]
seg000:279F                 and     ax, bp
seg000:27A1                 jmp     dx
seg000:27A3 ; ---------------------------------------------------------------------------
seg000:27A3
seg000:27A3 loc_F027A3:                             ; CODE XREF: sub_F026FB+A6↑j
seg000:27A3                 xor     ax, es:[di]
seg000:27A6                 mov     es:[di], ax
seg000:27A9                 add     di, 0E000h
seg000:27AD                 jnb     short loc_F0278D
seg000:27AF                 add     di, 80
seg000:27B2                 dec     ch
seg000:27B4                 jnz     short loc_F0278D
seg000:27B6                 sub     di, 13Eh
seg000:27BA                 pop     bp
seg000:27BB                 pop     dx
seg000:27BC                 pop     cx
seg000:27BD                 pop     bx
seg000:27BE                 retn
seg000:27BE sub_F026FB      endp
seg000:27BE
seg000:27BE ; ---------------------------------------------------------------------------
seg000:27BF unk_F027BF      db    0                 ; DATA XREF: sub_F026FB+8F↑o
seg000:27C0                 db    3
seg000:27C1                 db  0Ch
seg000:27C2                 db  0Fh
seg000:27C3                 db  30h ; 0
seg000:27C4                 db  33h ; 3
seg000:27C5                 db  3Ch ; <
seg000:27C6                 db  3Fh ; ?
seg000:27C7                 db 0C0h
seg000:27C8                 db 0C3h
seg000:27C9                 db 0CCh
seg000:27CA                 db 0CFh
seg000:27CB                 db 0F0h
seg000:27CC                 db 0F3h
seg000:27CD                 db 0FCh
seg000:27CE                 db 0FFh
seg000:27CF
seg000:27CF ; =============== S U B R O U T I N E =======================================
seg000:27CF
seg000:27CF
seg000:27CF sub_F027CF      proc near               ; CODE XREF: sub_F0296B↓p sub_F0296B+7↓p
seg000:27CF                 push    ds
seg000:27D0                 mov     ds, cs:BDA_Segment
seg000:27D5                 assume ds:nothing
seg000:27D5                 xor     dx, dx
seg000:27D7                 xchg    dl, ch
seg000:27D9                 mov     di, cx
seg000:27DB                 pop     ds
seg000:27DC                 assume ds:seg000
seg000:27DC                 jmp     short loc_F027F4
seg000:27DE ; ---------------------------------------------------------------------------
seg000:27DE
seg000:27DE loc_F027DE:                             ; CODE XREF: int10h_13_Write_string_graphic_modes+52↓p int10h_9A_Write_character_at_cursor_and_attribute_graphic_modes+6↓p ...
seg000:27DE                 push    ds
seg000:27DF                 mov     ds, cs:BDA_Segment
seg000:27E4                 assume ds:nothing
seg000:27E4                 xor     dx, dx
seg000:27E6                 xchg    dl, ch
seg000:27E8                 mov     di, cx
seg000:27EA                 test    byte ptr ds:BDA_49h_video_active_mode, VIDEO_MODE_80x25_BW_TEXT
seg000:27EF                 pop     ds
seg000:27F0                 assume ds:seg000
seg000:27F0                 jnz     short loc_F027F4
seg000:27F2                 shl     di, 1
seg000:27F4
seg000:27F4 loc_F027F4:                             ; CODE XREF: sub_F027CF+D↑j sub_F027CF+21↑j
seg000:27F4                 ror     dx, 1
seg000:27F6                 ror     dx, 1
seg000:27F8                 xchg    dh, dl
seg000:27FA                 add     di, dx
seg000:27FC                 shl     dx, 1
seg000:27FE                 shl     dx, 1
seg000:2800                 add     di, dx
seg000:2802                 retn
seg000:2802 sub_F027CF      endp
seg000:2802
seg000:2803
seg000:2803 ; =============== S U B R O U T I N E =======================================
seg000:2803
seg000:2803
seg000:2803 sub_F02803      proc near               ; CODE XREF: int10h_C_Write_graphics_pixel_at_coordinate↑p int10h_D_Read_graphics_pixel_at_coordinate↑p
seg000:2803                 mov     ax, cx
seg000:2805                 mov     ds, word ptr loc_F000C0
seg000:2809                 assume ds:nothing
seg000:2809                 push    ds
seg000:280A                 mov     ds, cs:BDA_Segment
seg000:280F                 assume ds:nothing
seg000:280F                 test    byte ptr ds:BDA_49h_video_active_mode, VIDEO_MODE_80x25_BW_TEXT
seg000:2814                 pop     ds
seg000:2815                 assume ds:seg000
seg000:2815                 jz      short loc_F02839
seg000:2817                 mov     cx, 8007h
seg000:281A
seg000:281A loc_F0281A:                             ; CODE XREF: sub_F02803+3B↓j
seg000:281A                 mov     di, ax
seg000:281C                 shr     dx, 1
seg000:281E                 rcr     di, 1
seg000:2820                 shr     di, 1
seg000:2822                 shr     di, 1
seg000:2824                 shl     dx, 1
seg000:2826                 shl     dx, 1
seg000:2828                 shl     dx, 1
seg000:282A                 shl     dx, 1
seg000:282C                 add     di, dx
seg000:282E                 shl     dx, 1
seg000:2830                 shl     dx, 1
seg000:2832                 add     di, dx
seg000:2834                 and     cl, al
seg000:2836                 shr     ch, cl
seg000:2838                 retn
seg000:2839 ; ---------------------------------------------------------------------------
seg000:2839
seg000:2839 loc_F02839:                             ; CODE XREF: sub_F02803+12↑j
seg000:2839                 shl     ax, 1
seg000:283B                 mov     cx, 0C006h
seg000:283E                 jmp     short loc_F0281A
seg000:283E sub_F02803      endp
seg000:283E
seg000:2840                 assume ds:nothing
seg000:2840
seg000:2840 ; =============== S U B R O U T I N E =======================================
seg000:2840
seg000:2840
seg000:2840 int10h_13_Write_string_graphic_modes proc near ; DATA XREF: int_10h_video_text_modes_dispatch+33↓o
seg000:2840                 mov     ds:0CBh, cx
seg000:2844                 mov     ax, [bp+Sanyo_int_stack_frame.reg_bp]
seg000:2847                 mov     ds:0CDh, ax
seg000:284A                 mov     word ptr ds:0CFh, es
seg000:284E                 xor     bx, bx
seg000:2850                 call    loc_F03B14
seg000:2853                 mov     cx, word ptr [bp+Sanyo_int_stack_frame.reg_dl]
seg000:2856                 push    ds
seg000:2857                 mov     ds, cs:BDA_Segment
seg000:285C                 xchg    cx, [bx]
seg000:285E                 pop     ds
seg000:285F                 assume ds:seg000
seg000:285F                 push    cx
seg000:2860
seg000:2860 loc_F02860:                             ; CODE XREF: int10h_13_Write_string_graphic_modes+74↓j
seg000:2860                 push    bx
seg000:2861                 push    28A8h
seg000:2864                 push    ds
seg000:2865                 mov     ds, cs:BDA_Segment
seg000:286A                 assume ds:nothing
seg000:286A                 mov     cx, [bx]
seg000:286C                 pop     si
seg000:286D                 lds     si, ds:0CDh
seg000:2871                 assume ds:seg000
seg000:2871                 test    [bp+Sanyo_int_stack_frame.reg_al], 2
seg000:2875                 jnz     short loc_F0287D
seg000:2877                 lodsb
seg000:2878                 mov     bl, [bp+Sanyo_int_stack_frame.reg_bl]
seg000:287B                 jmp     short loc_F02880
seg000:287D ; ---------------------------------------------------------------------------
seg000:287D
seg000:287D loc_F0287D:                             ; CODE XREF: int10h_13_Write_string_graphic_modes+35↑j
seg000:287D                 lodsw
seg000:287E                 mov     bl, ah
seg000:2880
seg000:2880 loc_F02880:                             ; CODE XREF: int10h_13_Write_string_graphic_modes+3B↑j
seg000:2880                 mov     ds, cs:BDA_Segment
seg000:2885                 assume ds:nothing
seg000:2885                 mov     ds:0CDh, si
seg000:2889                 push    es
seg000:288A                 pop     ds
seg000:288B                 assume ds:nothing
seg000:288B                 call    handle_control_char_in_al
seg000:288E                 push    cx
seg000:288F                 push    dx
seg000:2890                 push    di
seg000:2891                 push    ds
seg000:2892                 call    loc_F027DE
seg000:2895                 call    sub_F026DE
seg000:2898                 call    sub_F026FB
seg000:289B                 pop     ds
seg000:289C                 assume ds:seg000
seg000:289C                 pop     di
seg000:289D                 pop     dx
seg000:289E                 pop     cx
seg000:289F                 mov     bx, 80
seg000:28A2                 inc     di
seg000:28A3                 inc     di
seg000:28A4                 call    int10h_something_helper
seg000:28A7                 pop     cx
seg000:28A8                 pop     bx
seg000:28A9                 push    ds
seg000:28AA                 mov     ds, cs:BDA_Segment
seg000:28AF                 assume ds:nothing
seg000:28AF                 dec     word ptr ds:0CBh
seg000:28B3                 pop     ds
seg000:28B4                 assume ds:seg000
seg000:28B4                 jnz     short loc_F02860
seg000:28B6                 test    [bp+Sanyo_int_stack_frame.reg_al], 1
seg000:28BA                 pop     ax
seg000:28BB                 jnz     short locret_F028FB
seg000:28BD                 push    ds
seg000:28BE                 mov     ds, cs:BDA_Segment
seg000:28C3                 assume ds:nothing
seg000:28C3                 mov     [bx], ax
seg000:28C5                 pop     ds
seg000:28C6                 assume ds:seg000
seg000:28C6                 jmp     loc_F03942
seg000:28C6 int10h_13_Write_string_graphic_modes endp
seg000:28C6
seg000:28C9
seg000:28C9 ; =============== S U B R O U T I N E =======================================
seg000:28C9
seg000:28C9
seg000:28C9 int10h_9A_Write_character_at_cursor_and_attribute_graphic_modes proc near ; DATA XREF: int_10h_video_text_modes_dispatch+33↓o
seg000:28C9                 push    bx
seg000:28CA                 xor     bx, bx
seg000:28CC                 call    loc_F03B14
seg000:28CF                 call    loc_F027DE
seg000:28D2                 mov     al, [bp+Sanyo_int_stack_frame.reg_al]
seg000:28D5                 call    sub_F026DE
seg000:28D8                 mov     dx, cx
seg000:28DA                 mov     cx, word ptr [bp+Sanyo_int_stack_frame.reg_cl]
seg000:28DD                 pop     bx
seg000:28DE
seg000:28DE loc_F028DE:                             ; CODE XREF: int10h_9A_Write_character_at_cursor_and_attribute_graphic_modes:loc_F028F9↓j
seg000:28DE                 call    sub_F026FB
seg000:28E1                 sub     si, 8
seg000:28E4                 inc     dl
seg000:28E6                 push    ds
seg000:28E7                 mov     ds, cs:BDA_Segment
seg000:28EC                 assume ds:nothing
seg000:28EC                 cmp     dl, ds:BDA_4Ah_video_columns_per_row
seg000:28F0                 pop     ds
seg000:28F1                 assume ds:seg000
seg000:28F1                 jb      short loc_F028F9
seg000:28F3                 add     di, 0F0h
seg000:28F7                 mov     dl, 0
seg000:28F9
seg000:28F9 loc_F028F9:                             ; CODE XREF: int10h_9A_Write_character_at_cursor_and_attribute_graphic_modes+28↑j
seg000:28F9                 loop    loc_F028DE
seg000:28FB
seg000:28FB locret_F028FB:                          ; CODE XREF: int10h_13_Write_string_graphic_modes+7B↑j
seg000:28FB                 retn
seg000:28FB int10h_9A_Write_character_at_cursor_and_attribute_graphic_modes endp
seg000:28FB
seg000:28FC
seg000:28FC ; =============== S U B R O U T I N E =======================================
seg000:28FC
seg000:28FC
seg000:28FC int10h_E_Write_Teletype_graphic_modes proc near ; DATA XREF: int_10h_video_text_modes_dispatch+33↓o
seg000:28FC                 call    get_cursor
seg000:28FF                 mov     al, [bp+Sanyo_int_stack_frame.reg_al]
seg000:2902                 call    handle_control_char
seg000:2905                 push    cx
seg000:2906                 push    dx
seg000:2907                 push    di
seg000:2908                 push    ds
seg000:2909                 call    loc_F027DE
seg000:290C                 call    sub_F026DE
seg000:290F                 mov     bl, [bp+Sanyo_int_stack_frame.reg_bl]
seg000:2912                 call    sub_F026FB
seg000:2915                 pop     ds
seg000:2916                 pop     di
seg000:2917                 pop     dx
seg000:2918                 pop     cx
seg000:2919                 mov     bx, 80
seg000:291C                 inc     di
seg000:291D                 jmp     loc_F03AA2
seg000:291D int10h_E_Write_Teletype_graphic_modes endp
seg000:291D
seg000:2920
seg000:2920 ; =============== S U B R O U T I N E =======================================
seg000:2920
seg000:2920
seg000:2920 int10h_7_Scroll_Window_down_graphic_modes proc near ; DATA XREF: int_10h_video_text_modes_dispatch+33↓o
seg000:2920                 call    sub_F02953
seg000:2923                 or      bh, bh
seg000:2925                 jz      short loc_F02948
seg000:2927                 add     cl, bl
seg000:2929                 dec     cl
seg000:292B                 add     ah, bh
seg000:292D                 add     ch, bh
seg000:292F                 xchg    ah, ch
seg000:2931                 call    sub_F0296B
seg000:2934                 add     si, 1FB0h
seg000:2938                 add     di, 1FB0h
seg000:293C                 std
seg000:293D                 mov     bp, 0E001h
seg000:2940                 mov     dx, 0E051h
seg000:2943                 jmp     short sub_F0297C
seg000:2943 int10h_7_Scroll_Window_down_graphic_modes endp
seg000:2943
seg000:2945
seg000:2945 ; =============== S U B R O U T I N E =======================================
seg000:2945
seg000:2945
seg000:2945 int10h_6_Scroll_Window_up_graphic_modes proc near ; DATA XREF: int_10h_video_text_modes_dispatch+33↓o
seg000:2945                 call    sub_F02953
seg000:2948
seg000:2948 loc_F02948:                             ; CODE XREF: int10h_7_Scroll_Window_down_graphic_modes+5↑j
seg000:2948                 call    sub_F0296B
seg000:294B                 mov     bp, 1FFFh
seg000:294E                 mov     dx, 1FAFh
seg000:2951                 jmp     short sub_F0297C
seg000:2951 int10h_6_Scroll_Window_up_graphic_modes endp
seg000:2951
seg000:2953
seg000:2953 ; =============== S U B R O U T I N E =======================================
seg000:2953
seg000:2953
seg000:2953 sub_F02953      proc near               ; CODE XREF: int10h_7_Scroll_Window_down_graphic_modes↑p int10h_6_Scroll_Window_up_graphic_modes↑p
seg000:2953                 call    sub_F03CB0
seg000:2956                 push    ds
seg000:2957                 mov     ds, cs:BDA_Segment
seg000:295C                 assume ds:nothing
seg000:295C                 test    byte ptr ds:BDA_49h_video_active_mode, VIDEO_MODE_80x25_BW_TEXT
seg000:2961                 pop     ds
seg000:2962                 assume ds:seg000
seg000:2962                 jnz     short end
seg000:2964                 shl     bl, 1
seg000:2966                 shl     cl, 1
seg000:2968                 shl     al, 1
seg000:296A
seg000:296A end:                                    ; CODE XREF: sub_F02953+F↑j
seg000:296A                 retn
seg000:296A sub_F02953      endp
seg000:296A
seg000:296B
seg000:296B ; =============== S U B R O U T I N E =======================================
seg000:296B
seg000:296B
seg000:296B sub_F0296B      proc near               ; CODE XREF: int10h_7_Scroll_Window_down_graphic_modes+11↑p int10h_6_Scroll_Window_up_graphic_modes:loc_F02948↑p
seg000:296B                 call    sub_F027CF
seg000:296E                 mov     si, di
seg000:2970                 mov     ch, ah
seg000:2972                 call    sub_F027CF
seg000:2975                 xchg    si, di
seg000:2977                 shl     bh, 1
seg000:2979                 shl     bh, 1
seg000:297B                 retn
seg000:297B sub_F0296B      endp
seg000:297B
seg000:297C
seg000:297C ; =============== S U B R O U T I N E =======================================
seg000:297C
seg000:297C
seg000:297C sub_F0297C      proc near               ; CODE XREF: int10h_7_Scroll_Window_down_graphic_modes+23↑j int10h_6_Scroll_Window_up_graphic_modes+C↑j
seg000:297C                 xor     cx, cx
seg000:297E                 or      bh, bh
seg000:2980                 jz      short loc_F029A0
seg000:2982
seg000:2982 loc_F02982:                             ; CODE XREF: sub_F0297C+22↓j
seg000:2982                 mov     cl, bl
seg000:2984                 rep movsb
seg000:2986                 add     si, bp
seg000:2988                 add     di, bp
seg000:298A                 jb      short loc_F0298E
seg000:298C                 std
seg000:298C ; ---------------------------------------------------------------------------
seg000:298D                 db 3Ch
seg000:298E ; ---------------------------------------------------------------------------
seg000:298E
seg000:298E loc_F0298E:                             ; CODE XREF: sub_F0297C+E↑j
seg000:298E                 cld
seg000:298F                 mov     cl, bl
seg000:2991                 rep movsb
seg000:2993                 sub     si, dx
seg000:2995                 sub     di, dx
seg000:2997                 jb      short loc_F0299B
seg000:2999                 cld
seg000:2999 ; ---------------------------------------------------------------------------
seg000:299A                 db 3Ch
seg000:299B ; ---------------------------------------------------------------------------
seg000:299B
seg000:299B loc_F0299B:                             ; CODE XREF: sub_F0297C+1B↑j
seg000:299B                 std
seg000:299C                 dec     bh
seg000:299E                 jnz     short loc_F02982
seg000:29A0
seg000:29A0 loc_F029A0:                             ; CODE XREF: sub_F0297C+4↑j sub_F0297C+3C↓j ...
seg000:29A0                 mov     ax, cx
seg000:29A2                 mov     cl, bl
seg000:29A4                 rep stosb
seg000:29A6                 add     di, bp
seg000:29A8                 jb      short loc_F029AC
seg000:29AA                 std
seg000:29AA ; ---------------------------------------------------------------------------
seg000:29AB                 db 3Ch
seg000:29AC ; ---------------------------------------------------------------------------
seg000:29AC
seg000:29AC loc_F029AC:                             ; CODE XREF: sub_F0297C+2C↑j
seg000:29AC                 cld
seg000:29AD                 mov     cl, bl
seg000:29AF                 rep stosb
seg000:29B1                 sub     di, dx
seg000:29B3                 jb      short loc_F029BB
seg000:29B5                 cld
seg000:29B6                 cmp     di, si
seg000:29B8                 jb      short loc_F029A0
seg000:29BA                 retn
seg000:29BB ; ---------------------------------------------------------------------------
seg000:29BB
seg000:29BB loc_F029BB:                             ; CODE XREF: sub_F0297C+37↑j
seg000:29BB                 std
seg000:29BC                 cmp     si, di
seg000:29BE                 jb      short loc_F029A0
seg000:29C0                 retn
seg000:29C0 sub_F0297C      endp
seg000:29C0
seg000:29C1                 assume ds:nothing
seg000:29C1
seg000:29C1 ; =============== S U B R O U T I N E =======================================
seg000:29C1
seg000:29C1
seg000:29C1 int10h_8_Read_character_and_attribute_at_cursor_graphic_modes proc near ; DATA XREF: int_10h_video_text_modes_dispatch+33↓o
seg000:29C1                 mov     cx, ds:BDA_50h_cursor_pos_page0
seg000:29C5                 call    loc_F027DE
seg000:29C8                 mov     si, di
seg000:29CA                 mov     ds, word ptr ds:BDA_C0h_Sanyo_video_seg
seg000:29CE                 assume ds:seg000
seg000:29CE                 call    sub_F029D5
seg000:29D1                 mov     [bp+Sanyo_int_stack_frame.reg_al], al
seg000:29D4                 retn
seg000:29D4 int10h_8_Read_character_and_attribute_at_cursor_graphic_modes endp
seg000:29D4
seg000:29D5
seg000:29D5 ; =============== S U B R O U T I N E =======================================
seg000:29D5
seg000:29D5
seg000:29D5 sub_F029D5      proc near               ; CODE XREF: int10h_8_Read_character_and_attribute_at_cursor_graphic_modes+D↑p sub_F042EC+1B↓p
seg000:29D5                 push    ds
seg000:29D6                 pop     es
seg000:29D7                 assume es:seg000
seg000:29D7                 call    sub_F02A09
seg000:29DA                 lds     si, cs:dword_F026F7
seg000:29DF                 mov     al, 80h
seg000:29E1                 call    loc_F029ED
seg000:29E4                 jnz     short end
seg000:29E6                 xor     ax, ax
seg000:29E8                 lds     si, cs:807Ch
seg000:29ED
seg000:29ED loc_F029ED:                             ; CODE XREF: sub_F029D5+C↑p
seg000:29ED                 mov     ah, 80h
seg000:29EF
seg000:29EF loc_F029EF:                             ; CODE XREF: sub_F029D5+2A↓j
seg000:29EF                 mov     di, 8000
seg000:29F2                 mov     cx, 4
seg000:29F5                 repe cmpsw
seg000:29F7                 jz      short loc_F02A04
seg000:29F9                 add     si, cx
seg000:29FB                 add     si, cx
seg000:29FD                 dec     ah
seg000:29FF                 jnz     short loc_F029EF
seg000:2A01                 xor     ax, ax
seg000:2A03                 retn
seg000:2A04 ; ---------------------------------------------------------------------------
seg000:2A04
seg000:2A04 loc_F02A04:                             ; CODE XREF: sub_F029D5+22↑j
seg000:2A04                 sub     al, ah
seg000:2A06                 or      sp, sp
seg000:2A08
seg000:2A08 end:                                    ; CODE XREF: sub_F029D5+F↑j
seg000:2A08                 retn
seg000:2A08 sub_F029D5      endp
seg000:2A08
seg000:2A09
seg000:2A09 ; =============== S U B R O U T I N E =======================================
seg000:2A09
seg000:2A09
seg000:2A09 sub_F02A09      proc near               ; CODE XREF: sub_F029D5+2↑p
seg000:2A09                 mov     cx, 4
seg000:2A0C                 mov     di, 1F40h
seg000:2A0F                 push    ds
seg000:2A10                 mov     ds, cs:BDA_Segment
seg000:2A15                 assume ds:nothing
seg000:2A15                 test    byte ptr ds:BDA_49h_video_active_mode, VIDEO_MODE_80x25_BW_TEXT
seg000:2A1A                 pop     ds
seg000:2A1B                 assume ds:seg000
seg000:2A1B                 jz      short loc_F02A2A
seg000:2A1D
seg000:2A1D loc_F02A1D:                             ; CODE XREF: sub_F02A09+1E↓j
seg000:2A1D                 mov     ah, [si+2000h]
seg000:2A21                 mov     al, [si]
seg000:2A23                 add     si, 80
seg000:2A26                 stosw
seg000:2A27                 loop    loc_F02A1D
seg000:2A29                 retn
seg000:2A2A ; ---------------------------------------------------------------------------
seg000:2A2A
seg000:2A2A loc_F02A2A:                             ; CODE XREF: sub_F02A09+12↑j
seg000:2A2A                 mov     bx, offset byte_F02A68
seg000:2A2D                 mov     ch, cl
seg000:2A2F
seg000:2A2F loc_F02A2F:                             ; CODE XREF: sub_F02A09+39↓j
seg000:2A2F                 mov     ax, [si]
seg000:2A31                 call    sub_F02A45
seg000:2A34                 stosb
seg000:2A35                 mov     ax, [si+2000h]
seg000:2A39                 call    sub_F02A45
seg000:2A3C                 stosb
seg000:2A3D                 add     si, 80
seg000:2A40                 dec     ch
seg000:2A42                 jnz     short loc_F02A2F
seg000:2A44                 retn
seg000:2A44 sub_F02A09      endp
seg000:2A44
seg000:2A45
seg000:2A45 ; =============== S U B R O U T I N E =======================================
seg000:2A45
seg000:2A45
seg000:2A45 sub_F02A45      proc near               ; CODE XREF: sub_F02A09+28↑p sub_F02A09+30↑p
seg000:2A45                 mov     dx, ax
seg000:2A47                 and     ax, 55AAh
seg000:2A4A                 sub     dx, ax
seg000:2A4C                 shr     al, 1
seg000:2A4E                 shl     ah, 1
seg000:2A50                 or      ax, dx
seg000:2A52                 or      al, ah
seg000:2A54                 mov     ah, al
seg000:2A56                 and     ax, 0F00Fh
seg000:2A59                 xlat    byte ptr cs:[bx]
seg000:2A5B                 xchg    ah, al
seg000:2A5D                 shr     al, cl
seg000:2A5F                 xlat    byte ptr cs:[bx]
seg000:2A61                 shl     al, 1
seg000:2A63                 shl     al, 1
seg000:2A65                 or      al, ah
seg000:2A67                 retn
seg000:2A67 sub_F02A45      endp
seg000:2A67
seg000:2A67 ; ---------------------------------------------------------------------------
seg000:2A68 byte_F02A68     db 0                    ; 0 ; DATA XREF: sub_F02A09:loc_F02A2A↑o
seg000:2A69                 db 10h                  ; 1
seg000:2A6A                 db 1                    ; 2
seg000:2A6B                 db 11h                  ; 3
seg000:2A6C                 db 20h                  ; 4
seg000:2A6D                 db 30h                  ; 5
seg000:2A6E                 db 21h                  ; 6
seg000:2A6F                 db 31h                  ; 7
seg000:2A70                 db 2                    ; 8
seg000:2A71                 db 12h                  ; 9
seg000:2A72                 db 3                    ; 0Ah
seg000:2A73                 db 13h                  ; 0Bh
seg000:2A74                 db 22h                  ; 0Ch
seg000:2A75                 db 32h                  ; 0Dh
seg000:2A76                 db 23h                  ; 0Eh
seg000:2A77                 db 33h                  ; 0Fh
seg000:2A78                 dw 0
seg000:2A7A                 assume ds:nothing
seg000:2A7A
seg000:2A7A ; =============== S U B R O U T I N E =======================================
seg000:2A7A
seg000:2A7A
seg000:2A7A update_Sanyo_Cx_video_regs proc near    ; CODE XREF: something_printing:loc_F042BD↓p
seg000:2A7A                 mov     al, ds:BDA_49h_video_active_mode
seg000:2A7D                 mov     cx, 0B804h
seg000:2A80                 cmp     al, cl
seg000:2A82                 jb      short text_non_MDA
seg000:2A84                 cmp     al, VIDEO_MODE_80x25_MDA_TEXT
seg000:2A86                 jz      short MDA
seg000:2A88                 mov     word ptr ds:BDA_C0h_Sanyo_video_seg, 0B800h
seg000:2A8E                 or      byte ptr ds:BDA_C5h_Sanyo_Video_Flags, BDA_C5h_b7_CGA_mode456
seg000:2A93                 retn
seg000:2A94 ; ---------------------------------------------------------------------------
seg000:2A94
seg000:2A94 MDA:                                    ; CODE XREF: update_Sanyo_Cx_video_regs+C↑j
seg000:2A94                 mov     ch, 0B0h
seg000:2A96
seg000:2A96 text_non_MDA:                           ; CODE XREF: update_Sanyo_Cx_video_regs+8↑j
seg000:2A96                 and     byte ptr ds:BDA_C5h_Sanyo_Video_Flags, not (BDA_C5h_b7_CGA_mode456)
seg000:2A9B                 mov     al, ds:BDA_62h_video_active_page
seg000:2A9E                 xor     ah, ah
seg000:2AA0                 mul     word ptr ds:BDA_4Ch_video_active_page_size
seg000:2AA4                 shr     ax, cl
seg000:2AA6                 add     ah, ch
seg000:2AA8                 mov     ds:BDA_C0h_Sanyo_video_seg, ax
seg000:2AAB                 retn
seg000:2AAB update_Sanyo_Cx_video_regs endp
seg000:2AAB
seg000:2AAC
seg000:2AAC ; =============== S U B R O U T I N E =======================================
seg000:2AAC
seg000:2AAC ; Attributes: noreturn
seg000:2AAC
seg000:2AAC Bootstrap       proc far                ; CODE XREF: j_Bootstrap↓J
seg000:2AAC                 sti
seg000:2AAD                 mov     ds, cs:IVT_segment
seg000:2AB2                 assume ds:nothing
seg000:2AB2                 mov     word ptr ds:IVT_Diskette_Parameter_Table_off, offset Diskette_Parameter_Table
seg000:2AB8                 mov     word ptr ds:IVT_Video_Initialization_Table_seg, cs
seg000:2ABC                 mov     dx, 0
seg000:2ABF                 mov     ax, 1
seg000:2AC2                 push    ax
seg000:2AC3                 int     13h             ; DISK - RESET DISK SYSTEM
seg000:2AC3                                         ; DL = drive (if bit 7 is set both hard disks and floppy disks reset)
seg000:2AC5                 pop     ax
seg000:2AC6                 jnb     short loc_F02AD0
seg000:2AC8
seg000:2AC8 BootError:                              ; CODE XREF: Bootstrap+3A↓j Bootstrap+43↓j
seg000:2AC8                 mov     si, offset aBootError ; "\r\nBOOT ERROR"
seg000:2ACB                 call    print
seg000:2ACE
seg000:2ACE loc_F02ACE:                             ; CODE XREF: Bootstrap:loc_F02ACE↓j
seg000:2ACE                 jmp     short loc_F02ACE
seg000:2AD0 ; ---------------------------------------------------------------------------
seg000:2AD0
seg000:2AD0 loc_F02AD0:                             ; CODE XREF: Bootstrap+1A↑j
seg000:2AD0                 mov     cx, ax
seg000:2AD2                 mov     ah, 2
seg000:2AD4                 mov     es, cs:IVT_segment
seg000:2AD9                 assume es:nothing
seg000:2AD9                 mov     bx, 7C00h
seg000:2ADC                 call    sub_F02AF5
seg000:2ADF                 jb      short loc_F02AF1
seg000:2AE1                 mov     dl, 80h
seg000:2AE3                 call    sub_F02AF5
seg000:2AE6                 jnb     short BootError
seg000:2AE8                 cmp     word ptr es:[bx+1FEh], 0AA55h
seg000:2AEF                 jnz     short BootError
seg000:2AF1
seg000:2AF1 loc_F02AF1:                             ; CODE XREF: Bootstrap+33↑j
seg000:2AF1                 pushf
seg000:2AF2                 push    es
seg000:2AF3                 push    bx
seg000:2AF4                 iret
seg000:2AF4 Bootstrap       endp ; sp-analysis failed
seg000:2AF4
seg000:2AF5
seg000:2AF5 ; =============== S U B R O U T I N E =======================================
seg000:2AF5
seg000:2AF5
seg000:2AF5 sub_F02AF5      proc near               ; CODE XREF: Bootstrap+30↑p Bootstrap+37↑p
seg000:2AF5                 mov     si, 3
seg000:2AF8
seg000:2AF8 loc_F02AF8:                             ; CODE XREF: sub_F02AF5+B↓j
seg000:2AF8                 push    ax
seg000:2AF9                 int     13h             ; DISK -
seg000:2AFB                 pop     ax
seg000:2AFC                 cmc
seg000:2AFD                 jb      short locret_F02B02
seg000:2AFF                 dec     si
seg000:2B00                 jnz     short loc_F02AF8
seg000:2B02
seg000:2B02 locret_F02B02:                          ; CODE XREF: sub_F02AF5+8↑j
seg000:2B02                 retn
seg000:2B02 sub_F02AF5      endp
seg000:2B02
seg000:2B02 ; ---------------------------------------------------------------------------
seg000:2B03 aBootError      db 0Dh,0Ah              ; DATA XREF: Bootstrap:BootError↑o
seg000:2B05                 db 'BOOT ERROR',0
seg000:2B10
seg000:2B10 ; =============== S U B R O U T I N E =======================================
seg000:2B10
seg000:2B10 ; Attributes: noreturn
seg000:2B10
seg000:2B10 int_14h_serial  proc near               ; CODE XREF: j_int_14h_serial↓J
seg000:2B10                 call    near ptr jump_trampoline
seg000:2B10 int_14h_serial  endp ; sp-analysis failed
seg000:2B10
seg000:2B10 ; ---------------------------------------------------------------------------
seg000:2B13                 db    4
seg000:2B14 serial_jumptable dw offset int_14h_0_Serial_init; 0
seg000:2B16                 dw offset int_14h_1_Serial_send_byte_AL; 1
seg000:2B18                 dw offset int_14h_2_Serial_receive_byte_AL; 2
seg000:2B1A                 dw offset int_14h_3_get_Serial_status; 3
seg000:2B1C                 dw offset int_14h_4_Extended_Initialization; 4
seg000:2B1E ; ---------------------------------------------------------------------------
seg000:2B1E                 retn
seg000:2B1F
seg000:2B1F ; =============== S U B R O U T I N E =======================================
seg000:2B1F
seg000:2B1F
seg000:2B1F int_14h_4_Extended_Initialization proc near ; DATA XREF: seg000:serial_jumptable↑o
seg000:2B1F                 sub     [bp+Sanyo_int_stack_frame.reg_ah], -(IO_Port_3FDh_UART_LSR_DR_Data_Ready or IO_Port_3FDh_UART_LSR_PE_Parity_Error or IO_Port_3FDh_UART_LSR_FE_Framing_Error or IO_Port_3FDh_UART_LSR_BI_Break_Interrupt or IO_Port_3FDh_UART_LSR_THRE_Trans_Holding_Register_Empty or IO_Port_3FDh_UART_LSR_TEMT_Trans_Empty or IO_Port_3FDh_UART_LSR_FIFO_Error)
seg000:2B23                 retn
seg000:2B23 int_14h_4_Extended_Initialization endp
seg000:2B23
seg000:2B24
seg000:2B24 ; =============== S U B R O U T I N E =======================================
seg000:2B24
seg000:2B24
seg000:2B24 int_14h_0_Serial_init proc near         ; DATA XREF: seg000:serial_jumptable↑o
seg000:2B24                 call    serial_port_timeout
seg000:2B27                 mov     al, [bp+Sanyo_int_stack_frame.reg_al]
seg000:2B2A                 mov     bl, al
seg000:2B2C                 and     bl, 1Fh
seg000:2B2F                 rol     al, 1
seg000:2B31                 rol     al, 1
seg000:2B33                 rol     al, 1
seg000:2B35                 mov     cl, al
seg000:2B37                 and     cl, 7
seg000:2B3A                 jz      short fallback_break_init
seg000:2B3C                 mov     ax, 600h
seg000:2B3F                 shr     ax, cl
seg000:2B41
seg000:2B41 loc_F02B41:                             ; CODE XREF: int_14h_0_Serial_init+27↓j
seg000:2B41                 mov     cl, bl
seg000:2B43                 mov     si, offset Serial_init_bytecode
seg000:2B46                 jmp     short loc_F02B69
seg000:2B48 ; ---------------------------------------------------------------------------
seg000:2B48
seg000:2B48 fallback_break_init:                    ; CODE XREF: int_14h_0_Serial_init+16↑j
seg000:2B48                 mov     ax, 417h
seg000:2B4B                 jmp     short loc_F02B41
seg000:2B4B ; ---------------------------------------------------------------------------
seg000:2B4D Serial_init_bytecode:                   ; DATA XREF: int_14h_0_Serial_init+1F↑o
seg000:2B4D                 db 52h                  ; 0
seg000:2B4E                 db 58h                  ; 1
seg000:2B4F                 db 80h                  ; 2
seg000:2B50                 db 2Ah                  ; 3
seg000:2B51                 db 3                    ; 4
seg000:2B52                 db 52h                  ; 5
seg000:2B53                 db 2Ah                  ; 6
seg000:2B54                 db 0FDh                 ; 7
seg000:2B55                 db 42h                  ; 8
seg000:2B56                 db 2Ah                  ; 9
seg000:2B57                 db 1                    ; 0Ah
seg000:2B58                 db 52h                  ; 0Bh
seg000:2B59                 db 5Ah                  ; 0Ch
seg000:2B5A                 db 80h                  ; 0Dh
seg000:2B5B                 db 2Ah                  ; 0Eh
seg000:2B5C                 db 2                    ; 0Fh
seg000:2B5D                 db 0Ah                  ; 10h
seg000:2B5E                 db 0FDh                 ; 11h
seg000:2B5F                 db 0Ah                  ; 12h
seg000:2B60                 db 5                    ; 13h
seg000:2B61                 db 68h                  ; 14h
seg000:2B62                 db 0Fh                  ; 15h
seg000:2B62 int_14h_0_Serial_init endp
seg000:2B62
seg000:2B63
seg000:2B63 ; =============== S U B R O U T I N E =======================================
seg000:2B63
seg000:2B63
seg000:2B63 int_14h_3_get_Serial_status proc near   ; DATA XREF: seg000:serial_jumptable↑o
seg000:2B63                 call    serial_port_timeout
seg000:2B66                 mov     si, offset get_Serial_status_bytecode
seg000:2B69
seg000:2B69 loc_F02B69:                             ; CODE XREF: int_14h_0_Serial_init+22↑j
seg000:2B69                 call    Sanyo_bytecode_interpreter
seg000:2B6C                 mov     word ptr [bp+Sanyo_int_stack_frame.reg_al], ax
seg000:2B6F                 retn
seg000:2B6F ; ---------------------------------------------------------------------------
seg000:2B70 get_Serial_status_bytecode:             ; DATA XREF: int_14h_3_get_Serial_status+3↑o
seg000:2B70                 db 0Ah                  ; 0
seg000:2B71                 db 5                    ; 1
seg000:2B72                 db 42h                  ; 2
seg000:2B73                 db 0Ah                  ; 3
seg000:2B74                 db 1                    ; 4
seg000:2B75                 db 36h                  ; 5
seg000:2B75 int_14h_3_get_Serial_status endp
seg000:2B75
seg000:2B76
seg000:2B76 ; =============== S U B R O U T I N E =======================================
seg000:2B76
seg000:2B76
seg000:2B76 int_14h_1_Serial_send_byte_AL proc near ; DATA XREF: seg000:serial_jumptable↑o
seg000:2B76                 call    serial_port_timeout
seg000:2B79                 mov     ah, [bp+Sanyo_int_stack_frame.reg_al]
seg000:2B7C                 mov     si, offset Serial_send_byte_bytecode
seg000:2B7F                 call    int_14h_1_2_Serial_maybe_status
seg000:2B82                 retn
seg000:2B82 int_14h_1_Serial_send_byte_AL endp
seg000:2B82
seg000:2B83
seg000:2B83 ; =============== S U B R O U T I N E =======================================
seg000:2B83
seg000:2B83
seg000:2B83 int_14h_1_2_Serial_maybe_status proc near ; CODE XREF: int_14h_1_Serial_send_byte_AL+9↑p int_14h_2_Serial_receive_byte_AL+6↓p
seg000:2B83                 xor     cx, cx
seg000:2B85                 mov     cl, al
seg000:2B87                 shl     cx, 1
seg000:2B89                 shl     cx, 1
seg000:2B8B
seg000:2B8B serial_loop:                            ; CODE XREF: int_14h_1_2_Serial_maybe_status:loc_F02B9A↓j
seg000:2B8B                 push    cx
seg000:2B8C                 push    dx
seg000:2B8D                 push    si
seg000:2B8E                 call    Sanyo_bytecode_interpreter
seg000:2B91                 pop     si
seg000:2B92                 pop     dx
seg000:2B93                 pop     cx
seg000:2B94                 jb      short loc_F02B9A
seg000:2B96                 mov     [bp+Sanyo_int_stack_frame.reg_ah], ah
seg000:2B99                 retn
seg000:2B9A ; ---------------------------------------------------------------------------
seg000:2B9A
seg000:2B9A loc_F02B9A:                             ; CODE XREF: int_14h_1_2_Serial_maybe_status+11↑j
seg000:2B9A                 loop    serial_loop
seg000:2B9C                 mov     [bp+Sanyo_int_stack_frame.reg_ah], 80h
seg000:2BA0                 retn
seg000:2BA0 int_14h_1_2_Serial_maybe_status endp
seg000:2BA0
seg000:2BA1
seg000:2BA1 ; =============== S U B R O U T I N E =======================================
seg000:2BA1
seg000:2BA1 ; Attributes: noreturn
seg000:2BA1
seg000:2BA1 int_14h_2_Serial_receive_byte_AL proc near ; DATA XREF: seg000:serial_jumptable↑o
seg000:2BA1                 call    serial_port_timeout
seg000:2BA4                 mov     si, offset Serial_receive_byte_bytecode
seg000:2BA7                 call    int_14h_1_2_Serial_maybe_status
seg000:2BAA                 jnb     short loc_F02BAF
seg000:2BAC                 mov     ax, 8000h
seg000:2BAF
seg000:2BAF loc_F02BAF:                             ; CODE XREF: int_14h_2_Serial_receive_byte_AL+9↑j
seg000:2BAF                 mov     [bp+Sanyo_int_stack_frame.reg_al], al
seg000:2BB2                 retn
seg000:2BB2 ; ---------------------------------------------------------------------------
seg000:2BB3 Serial_send_byte_bytecode db 40h                  ; 0 ; DATA XREF: int_14h_1_Serial_send_byte_AL+6↑o
seg000:2BB4                 db 3                    ; 1
seg000:2BB5                 db 2Ah                  ; 2
seg000:2BB6                 db 4                    ; 3
seg000:2BB7                 db 66h                  ; 4
seg000:2BB8                 db 2                    ; 5
seg000:2BB9                 db 10h                  ; 6
seg000:2BBA                 db 66h                  ; 7
seg000:2BBB                 db 0                    ; 8
seg000:2BBC                 db 20h                  ; 9
seg000:2BBD                 db 66h                  ; 0Ah
seg000:2BBE                 db 0FFh                 ; 0Bh
seg000:2BBF                 db 20h                  ; 0Ch
seg000:2BC0                 db 42h                  ; 0Dh
seg000:2BC1                 db 2Ah                  ; 0Eh
seg000:2BC2                 db 0FBh                 ; 0Fh
seg000:2BC3                 db 36h                  ; 10h
seg000:2BC4 Serial_receive_byte_bytecode:           ; DATA XREF: int_14h_2_Serial_receive_byte_AL+3↑o
seg000:2BC4                 db 40h                  ; 0
seg000:2BC5                 db 1                    ; 1
seg000:2BC6                 db 2Ah                  ; 2
seg000:2BC7                 db 4                    ; 3
seg000:2BC8                 db 8                    ; 4
seg000:2BC9                 db 58h                  ; 5
seg000:2BCA                 db 1                    ; 6
seg000:2BCB                 db 28h                  ; 7
seg000:2BCC                 db 66h                  ; 8
seg000:2BCD                 db 2                    ; 9
seg000:2BCE                 db 20h                  ; 0Ah
seg000:2BCF                 db 66h                  ; 0Bh
seg000:2BD0                 db 0FFh                 ; 0Ch
seg000:2BD1                 db 1                    ; 0Dh
seg000:2BD2                 db 5Ah                  ; 0Eh
seg000:2BD3                 db 0E1h                 ; 0Fh
seg000:2BD4                 db 42h                  ; 10h
seg000:2BD5                 db 0Ah                  ; 11h
seg000:2BD6                 db 0FBh                 ; 12h
seg000:2BD7                 db 36h                  ; 13h
seg000:2BD7 int_14h_2_Serial_receive_byte_AL endp
seg000:2BD7
seg000:2BD8 keyboard_state_key_scancodes db scancode_Right_Shift ; 0 ; DATA XREF: int_09h_keyboard_handler+A0↓o int_09h_keyboard_handler+AD↓o
seg000:2BD9                 db scancode_Left_Shift  ; 1 ; MASK
seg000:2BDA                 db scancode_Left_Control_Right_Control_E0_1D; 2
seg000:2BDB                 db scancode_Left_Alt    ; 3
seg000:2BDC                 db scancode_ScrollLock_Ctrl_Break_E0_46; 4
seg000:2BDD                 db scancode_NumLock_Pause_E1_1D_45; 5
seg000:2BDE                 db scancode_CapsLock    ; 6
seg000:2BDF                 db scancode_Keypad_0_Insert; 7
seg000:2BE0                 db scancode_SysReq      ; 8
seg000:2BE1                 db scancode_key_MASK or scancode_Break_MASK; 9
seg000:2BE2 keyboard_state_key_handlers dw offset Shift_handler ; 0 ; DATA XREF: int_09h_keyboard_handler+B6↓r
seg000:2BE4                 dw offset Shift_handler ; 1
seg000:2BE6                 dw offset Control_handler; 2
seg000:2BE8                 dw offset Alt_handler   ; 3
seg000:2BEA                 dw offset Ctrl_Break_Pause_handler; 4
seg000:2BEC                 dw offset Ctrl_Break_Pause_handler; 5
seg000:2BEE                 dw offset CapsLock_handler; 6
seg000:2BF0                 dw offset Keypad_0_Insert_handler; 7
seg000:2BF2                 dw offset SysReq_handler; 8
seg000:2BF4                 dw offset j_Keyboard_buffer_full_error; 9
seg000:2BF6
seg000:2BF6 ; =============== S U B R O U T I N E =======================================
seg000:2BF6
seg000:2BF6
seg000:2BF6 int_09h_IRQ1_keyboard proc near         ; CODE XREF: j_int_09h_IRQ1_keyboard↓J
seg000:2BF6                 call    near ptr jump_trampoline
seg000:2BF6 ; ---------------------------------------------------------------------------
seg000:2BF9                 db    0
seg000:2BFA                 dw offset int_09h_keyboard_handler
seg000:2BFC ; ---------------------------------------------------------------------------
seg000:2BFC
seg000:2BFC int_09h_IRQ1_keyboard_cleanup:          ; CODE XREF: int_09h_keyboard_handler:loc_F02D31↓p write_scancode_to_Keyboard_buffer_and_finish_int_09h_IRQ1+7↓p
seg000:2BFC                 call    PIC1_NON_SPECIFIC_EOI
seg000:2BFF                 jmp     short $+2
seg000:2C01 ; ---------------------------------------------------------------------------
seg000:2C01
seg000:2C01 delay:                                  ; CODE XREF: int_09h_IRQ1_keyboard+9↑j
seg000:2C01                 call    KBC_Input_Buffer_Full_wait
seg000:2C04                 call    KBC_ENABLE_KBD
seg000:2C07
seg000:2C07 int_09h_IRQ1_keyboard_end:              ; DATA XREF: write_scancode_to_Keyboard_buffer_and_finish_int_09h_IRQ1+17↓o
seg000:2C07                 retn
seg000:2C07 int_09h_IRQ1_keyboard endp ; sp-analysis failed
seg000:2C07
seg000:2C08
seg000:2C08 ; =============== S U B R O U T I N E =======================================
seg000:2C08
seg000:2C08
seg000:2C08 int_09h_keyboard_handler proc far       ; DATA XREF: int_09h_IRQ1_keyboard+4↑o
seg000:2C08                 mov     si, offset keyboard_handler_bytecode
seg000:2C0B                 call    Sanyo_bytecode_interpreter
seg000:2C0E                 mov     ds, cs:BDA_Segment
seg000:2C13                 assume ds:nothing
seg000:2C13                 jb      short end
seg000:2C15                 mov     ah, int15h_4F_Keyboard_Intercept
seg000:2C17                 stc
seg000:2C18                 mov     bx, IVT_SYSTEM_SERVICES_off
seg000:2C1B                 call    call_IVT_off_BX_with_AX
seg000:2C1E                 jnb     short end
seg000:2C20                 mov     di, offset KBD_ACK_RESEND_LUT
seg000:2C23                 call    keyboard_lookup_match
seg000:2C26                 jb      short handle_incoming_scancode
seg000:2C28                 or      ds:BDA_97h_keyboard_flags_4, ah
seg000:2C2C
seg000:2C2C end:                                    ; CODE XREF: int_09h_keyboard_handler+B↑j int_09h_keyboard_handler+16↑j
seg000:2C2C                 retn
seg000:2C2D ; ---------------------------------------------------------------------------
seg000:2C2D
seg000:2C2D handle_incoming_scancode:               ; CODE XREF: int_09h_keyboard_handler+1E↑j
seg000:2C2D                 call    Keyboard_LEDs_sync
seg000:2C30                 mov     bx, BDA_17h_Keyboard_flags_1
seg000:2C33                 push    cs
seg000:2C34                 pop     es
seg000:2C35                 mov     di, offset special_scancodes
seg000:2C38                 mov     cx, cs:len_5
seg000:2C3D                 mov     si, cx
seg000:2C3F                 repne scasb
seg000:2C41                 jnz     short loc_F02C44
seg000:2C43                 dec     si
seg000:2C44
seg000:2C44 loc_F02C44:                             ; CODE XREF: int_09h_keyboard_handler+39↑j
seg000:2C44                 sub     si, cx
seg000:2C46                 shl     si, 1
seg000:2C48                 jmp     cs:special_scancode_handlers[si]
seg000:2C4D ; ---------------------------------------------------------------------------
seg000:2C4D
seg000:2C4D PREFIX_E0_E1_handler:                   ; CODE XREF: int_09h_keyboard_handler+40↑j
seg000:2C4D                                         ; DATA XREF: seg000:special_scancode_handlers↓o
seg000:2C4D                 mov     cl, 1
seg000:2C4F                 and     al, cl
seg000:2C51                 jnz     short set_Ex_prefix_marker
seg000:2C53                 shl     cl, 1
seg000:2C55
seg000:2C55 set_Ex_prefix_marker:                   ; CODE XREF: int_09h_keyboard_handler+49↑j
seg000:2C55                 or      cl, BDA_96h_flags_3_101_102_Keyboard
seg000:2C58                 or      ds:BDA_96h_keyboard_flags_3, cl
seg000:2C5C                 retn
seg000:2C5D ; ---------------------------------------------------------------------------
seg000:2C5D
seg000:2C5D KBD_ID_AB_handler:                      ; CODE XREF: int_09h_keyboard_handler+40↑j
seg000:2C5D                                         ; DATA XREF: seg000:special_scancode_handlers↓o
seg000:2C5D                 test    byte ptr ds:BDA_96h_keyboard_flags_3, BDA_96h_flags_3_waiting_for_TWO_BYTE_ID
seg000:2C62                 jz      short normal_scancode_handler
seg000:2C64                 or      byte ptr ds:BDA_96h_keyboard_flags_3, BDA_96h_flags_3_last_Scancode_was_FIRST_ID_Byte
seg000:2C69                 and     byte ptr ds:BDA_96h_keyboard_flags_3, not (BDA_96h_flags_3_waiting_for_TWO_BYTE_ID)
seg000:2C6E                 jmp     short loc_F02CC6
seg000:2C70 ; ---------------------------------------------------------------------------
seg000:2C70
seg000:2C70 KBD_ID_85_handler:                      ; CODE XREF: int_09h_keyboard_handler+40↑j
seg000:2C70                                         ; DATA XREF: seg000:special_scancode_handlers↓o
seg000:2C70                 test    byte ptr ds:BDA_96h_keyboard_flags_3, BDA_96h_flags_3_last_Scancode_was_FIRST_ID_Byte
seg000:2C75                 jz      short handle_normal_scancode
seg000:2C77                 jmp     short detected_101_102_keyboard
seg000:2C79 ; ---------------------------------------------------------------------------
seg000:2C79
seg000:2C79 KBD_ID_41_handler:                      ; CODE XREF: int_09h_keyboard_handler+40↑j
seg000:2C79                                         ; DATA XREF: seg000:special_scancode_handlers↓o
seg000:2C79                 test    byte ptr ds:BDA_96h_keyboard_flags_3, BDA_96h_flags_3_last_Scancode_was_FIRST_ID_Byte
seg000:2C7E                 jz      short handle_normal_scancode
seg000:2C80                 test    byte ptr ds:BDA_96h_keyboard_flags_3, BDA_96h_flags_3_FORCED_NumLock_ON
seg000:2C85                 jz      short detected_101_102_keyboard
seg000:2C87                 or      byte ptr [bx], BDA_17h_flags_1_NumLock_STATE
seg000:2C8A                 call    Keyboard_LEDs_sync
seg000:2C8D
seg000:2C8D detected_101_102_keyboard:              ; CODE XREF: int_09h_keyboard_handler+6F↑j int_09h_keyboard_handler+7D↑j
seg000:2C8D                 or      byte ptr ds:BDA_96h_keyboard_flags_3, BDA_96h_flags_3_101_102_Keyboard
seg000:2C92                 and     byte ptr ds:BDA_96h_keyboard_flags_3, not (BDA_96h_flags_3_last_Scancode_was_FIRST_ID_Byte)
seg000:2C97                 jmp     short loc_F02CC6
seg000:2C99 ; ---------------------------------------------------------------------------
seg000:2C99
seg000:2C99 normal_scancode_handler:                ; CODE XREF: int_09h_keyboard_handler+40↑j int_09h_keyboard_handler+5A↑j
seg000:2C99                                         ; DATA XREF: ...
seg000:2C99                 and     byte ptr ds:BDA_96h_keyboard_flags_3, not (BDA_96h_flags_3_last_Scancode_was_FIRST_ID_Byte)
seg000:2C9E
seg000:2C9E handle_normal_scancode:                 ; CODE XREF: int_09h_keyboard_handler+6D↑j int_09h_keyboard_handler+76↑j
seg000:2C9E                 or      al, al
seg000:2CA0                 pushf
seg000:2CA1                 and     al, scancode_key_MASK ; MASK
seg000:2CA3                 mov     cx, 10
seg000:2CA6                 push    cs
seg000:2CA7                 pop     es
seg000:2CA8                 mov     di, offset keyboard_state_key_scancodes
seg000:2CAB                 cld
seg000:2CAC                 repne scasb
seg000:2CAE                 jnz     short loc_F02CC3
seg000:2CB0                 mov     ah, 1
seg000:2CB2                 dec     cx
seg000:2CB3                 ror     ah, cl
seg000:2CB5                 sub     di, (offset keyboard_state_key_scancodes+1)
seg000:2CB9                 shl     di, 1
seg000:2CBB                 mov     cx, [bx]
seg000:2CBD                 popf
seg000:2CBE                 jmp     cs:keyboard_state_key_handlers[di]
seg000:2CC3 ; ---------------------------------------------------------------------------
seg000:2CC3
seg000:2CC3 loc_F02CC3:                             ; CODE XREF: int_09h_keyboard_handler+A6↑j
seg000:2CC3                 popf
seg000:2CC4                 jns     short pressed
seg000:2CC6
seg000:2CC6 loc_F02CC6:                             ; CODE XREF: int_09h_keyboard_handler+66↑j int_09h_keyboard_handler+8F↑j
seg000:2CC6                 and     byte ptr ds:BDA_96h_keyboard_flags_3, not (BDA_96h_flags_3_last_Scancode_was_E1 or BDA_96h_flags_3_last_Scancode_was_E0)
seg000:2CCB                 retn
seg000:2CCB ; ---------------------------------------------------------------------------
seg000:2CCC keyboard_handler_bytecode:              ; DATA XREF: int_09h_keyboard_handler↑o
seg000:2CCC                 db 4                    ; 0
seg000:2CCD                 db 64h                  ; 1
seg000:2CCE                 db 0                    ; 2
seg000:2CCF                 db 2                    ; 3
seg000:2CD0                 db 40h                  ; 4
seg000:2CD1                 db 0ADh                 ; 5
seg000:2CD2                 db 28h                  ; 6
seg000:2CD3                 db 0                    ; 7
seg000:2CD4                 db 2                    ; 8
seg000:2CD5                 db 0Ch                  ; 9
seg000:2CD6                 db 60h                  ; 0Ah
seg000:2CD7                 db 0                    ; 0Bh
seg000:2CD8                 db 36h                  ; 0Ch
seg000:2CD9 ; ---------------------------------------------------------------------------
seg000:2CD9
seg000:2CD9 pressed:                                ; CODE XREF: int_09h_keyboard_handler+BC↑j
seg000:2CD9                 test    byte ptr [bx+1], BDA_18h_flags_2_Pause_ACTIVE
seg000:2CDD                 jz      short not_Pause
seg000:2CDF                 and     byte ptr [bx+1], not (BDA_18h_flags_2_Pause_ACTIVE)
seg000:2CE3                 retn
seg000:2CE4 ; ---------------------------------------------------------------------------
seg000:2CE4
seg000:2CE4 not_Pause:                              ; CODE XREF: int_09h_keyboard_handler+D5↑j
seg000:2CE4                 mov     ah, [bx]
seg000:2CE6                 test    ah, BDA_17h_flags_1_Ctrl_Pressed or BDA_17h_flags_1_Alt_Pressed
seg000:2CE9                 jnz     short loc_F02D50
seg000:2CEB                 and     ah, BDA_17h_flags_1_Right_SHIFT_Pressed or BDA_17h_flags_1_Left_SHIFT_Pressed or BDA_17h_flags_1_NumLock_STATE or BDA_17h_flags_1_CapsLock_STATE
seg000:2CEE                 test    ah, BDA_17h_flags_1_CapsLock_STATE
seg000:2CF1                 jz      short loc_F02CFB
seg000:2CF3                 mov     di, offset ScanCodeRanges_Letters
seg000:2CF6                 call    check_scancode_in_table
seg000:2CF9                 jnb     short loc_F02D08
seg000:2CFB
seg000:2CFB loc_F02CFB:                             ; CODE XREF: int_09h_keyboard_handler+E9↑j
seg000:2CFB                 test    ah, BDA_17h_flags_1_NumLock_STATE
seg000:2CFE                 jz      short loc_F02D10
seg000:2D00                 mov     di, offset ScanCodeRanges_Numpad
seg000:2D03                 call    check_scancode_in_table
seg000:2D06                 jb      short loc_F02D10
seg000:2D08
seg000:2D08 loc_F02D08:                             ; CODE XREF: int_09h_keyboard_handler+F1↑j
seg000:2D08                 test    ah, BDA_17h_flags_1_Right_SHIFT_Pressed or BDA_17h_flags_1_Left_SHIFT_Pressed
seg000:2D0B                 jnz     short loc_F02D42
seg000:2D0D                 jmp     loc_F02D92
seg000:2D10 ; ---------------------------------------------------------------------------
seg000:2D10
seg000:2D10 loc_F02D10:                             ; CODE XREF: int_09h_keyboard_handler+F6↑j int_09h_keyboard_handler+FE↑j
seg000:2D10                 test    ah, BDA_17h_flags_1_Right_SHIFT_Pressed or BDA_17h_flags_1_Left_SHIFT_Pressed
seg000:2D13                 jz      short loc_F02D37
seg000:2D15                 cmp     al, scancode_Keypad_Asterisk_PrtSc
seg000:2D17                 jnz     short loc_F02D92
seg000:2D19                 test    byte ptr ds:BDA_96h_keyboard_flags_3, BDA_96h_flags_3_101_102_Keyboard
seg000:2D1E                 jz      short loc_F02D31
seg000:2D20                 test    byte ptr ds:BDA_96h_keyboard_flags_3, BDA_96h_flags_3_last_Scancode_was_E0
seg000:2D25                 jz      short loc_F02D92
seg000:2D27
seg000:2D27 loc_F02D27:                             ; CODE XREF: int_09h_keyboard_handler+138↓j
seg000:2D27                 test    cl, BDA_18h_flags_2_SysReg_Pressed
seg000:2D2A                 jnz     short loc_F02D4D
seg000:2D2C                 and     byte ptr ds:BDA_96h_keyboard_flags_3, not (BDA_96h_flags_3_last_Scancode_was_E1 or BDA_96h_flags_3_last_Scancode_was_E0)
seg000:2D31
seg000:2D31 loc_F02D31:                             ; CODE XREF: int_09h_keyboard_handler+116↑j
seg000:2D31                 call    int_09h_IRQ1_keyboard_cleanup
seg000:2D34                 int     5               ;  - PRINT-SCREEN KEY
seg000:2D34                                         ; automatically called by keyboard scanner when print-screen key is pressed
seg000:2D36                 retn
seg000:2D37 ; ---------------------------------------------------------------------------
seg000:2D37
seg000:2D37 loc_F02D37:                             ; CODE XREF: int_09h_keyboard_handler+10B↑j
seg000:2D37                 test    byte ptr ds:BDA_96h_keyboard_flags_3, BDA_96h_flags_3_last_Scancode_was_E0
seg000:2D3C                 jz      short loc_F02D42
seg000:2D3E                 cmp     al, scancode_Keypad_Asterisk_PrtSc
seg000:2D40                 jz      short loc_F02D27
seg000:2D42
seg000:2D42 loc_F02D42:                             ; CODE XREF: int_09h_keyboard_handler+103↑j int_09h_keyboard_handler+134↑j
seg000:2D42                 jmp     short sub_F02D97
seg000:2D44 ; ---------------------------------------------------------------------------
seg000:2D44
seg000:2D44 Ctrl_Alt_DEL:                           ; CODE XREF: int_09h_keyboard_handler+154↓j
seg000:2D44                 mov     word ptr ds:BDA_72h_soft_reset_flag, soft_reset_WARM_BOOT
seg000:2D4A                 jmp     near ptr Ctrl_Alt_DEL_handler
seg000:2D4D ; ---------------------------------------------------------------------------
seg000:2D4D
seg000:2D4D loc_F02D4D:                             ; CODE XREF: int_09h_keyboard_handler+122↑j int_09h_keyboard_handler+14E↓j
seg000:2D4D                 jmp     sub_F02EA1
seg000:2D50 ; ---------------------------------------------------------------------------
seg000:2D50
seg000:2D50 loc_F02D50:                             ; CODE XREF: int_09h_keyboard_handler+E1↑j
seg000:2D50                 and     ah, BDA_17h_flags_1_Ctrl_Pressed or BDA_17h_flags_1_Alt_Pressed
seg000:2D53                 cmp     ah, BDA_17h_flags_1_Alt_Pressed
seg000:2D56                 jb      short loc_F02D4D
seg000:2D58                 jz      short Alt_DOWN
seg000:2D5A                 cmp     al, scancode_DEL
seg000:2D5C                 jz      short Ctrl_Alt_DEL
seg000:2D5E
seg000:2D5E Alt_DOWN:                               ; CODE XREF: int_09h_keyboard_handler+150↑j
seg000:2D5E                 test    byte ptr ds:BDA_96h_keyboard_flags_3, BDA_96h_flags_3_last_Scancode_was_E0
seg000:2D63                 jnz     short loc_F02D8A
seg000:2D65                 mov     di, offset ScanCodeRanges_Numpad_Digits
seg000:2D68                 call    check_scancode_in_table
seg000:2D6B                 jb      short loc_F02D8A
seg000:2D6D
seg000:2D6D loc_F02D6D:                             ; CODE XREF: Keypad_0_Insert_handler+46↓j
seg000:2D6D                 mov     si, offset keyb_some_LUT1
seg000:2D70                 cbw
seg000:2D71                 add     si, ax
seg000:2D73                 mov     al, cs:[si]
seg000:2D76                 sub     al, '0'
seg000:2D78                 mov     ah, ds:BDA_19h_Alt_Numpad_work_area
seg000:2D7C                 shl     ah, 1
seg000:2D7E                 add     al, ah
seg000:2D80                 shl     ah, 1
seg000:2D82                 shl     ah, 1
seg000:2D84                 add     al, ah
seg000:2D86                 mov     ds:BDA_19h_Alt_Numpad_work_area, al
seg000:2D89                 retn
seg000:2D8A ; ---------------------------------------------------------------------------
seg000:2D8A
seg000:2D8A loc_F02D8A:                             ; CODE XREF: int_09h_keyboard_handler+15B↑j int_09h_keyboard_handler+163↑j ...
seg000:2D8A                 mov     byte ptr ds:BDA_19h_Alt_Numpad_work_area, 0
seg000:2D8F                 jmp     loc_F02EEB
seg000:2D92 ; ---------------------------------------------------------------------------
seg000:2D92
seg000:2D92 loc_F02D92:                             ; CODE XREF: int_09h_keyboard_handler+105↑j int_09h_keyboard_handler+10F↑j ...
seg000:2D92                 mov     si, offset keyb_some_LUT1
seg000:2D95                 jmp     short loc_F02D9A
seg000:2D95 int_09h_keyboard_handler endp
seg000:2D95
seg000:2D97
seg000:2D97 ; =============== S U B R O U T I N E =======================================
seg000:2D97
seg000:2D97
seg000:2D97 sub_F02D97      proc near               ; CODE XREF: int_09h_keyboard_handler:loc_F02D42↑j CapsLock_handler+14↓j
seg000:2D97                 mov     si, offset keyb_some_LUT0
seg000:2D9A
seg000:2D9A loc_F02D9A:                             ; CODE XREF: int_09h_keyboard_handler+18D↑j
seg000:2D9A                 test    byte ptr ds:BDA_96h_keyboard_flags_3, BDA_96h_flags_3_last_Scancode_was_E1 or BDA_96h_flags_3_last_Scancode_was_E0
seg000:2D9F                 jz      short loc_F02DC6
seg000:2DA1                 and     byte ptr ds:BDA_96h_keyboard_flags_3, not (BDA_96h_flags_3_last_Scancode_was_E1 or BDA_96h_flags_3_last_Scancode_was_E0)
seg000:2DA6                 mov     di, offset ScanCode_w0?
seg000:2DA9                 call    keyboard_lookup_match
seg000:2DAC                 jb      short loc_F02DC6
seg000:2DAE                 mov     bl, al
seg000:2DB0                 mov     al, ASCII_CR_Enter
seg000:2DB2                 cmp     bl, scancode_Enter_Keypad_Enter_E0_1C
seg000:2DB5                 jz      short loc_F02DC0
seg000:2DB7                 mov     al, '/'
seg000:2DB9                 cmp     bl, scancode_Slash
seg000:2DBC                 jz      short loc_F02DC0
seg000:2DBE                 mov     al, 0E0h
seg000:2DC0
seg000:2DC0 loc_F02DC0:                             ; CODE XREF: sub_F02D97+1E↑j sub_F02D97+25↑j
seg000:2DC0                 cmp     ah, 0FFh
seg000:2DC3                 jmp     finishing_int_09h_IRQ1
seg000:2DC6 ; ---------------------------------------------------------------------------
seg000:2DC6
seg000:2DC6 loc_F02DC6:                             ; CODE XREF: sub_F02D97+8↑j sub_F02D97+15↑j
seg000:2DC6                 cbw
seg000:2DC7                 add     si, ax
seg000:2DC9
seg000:2DC9 check_if_Function_keys:                 ; CODE XREF: sub_F02EA1:no_matches_check_Function_keys↓j
seg000:2DC9                 mov     di, offset ScanCodeRanges_F1_F10
seg000:2DCC                 test    byte ptr ds:BDA_96h_keyboard_flags_3, BDA_96h_flags_3_101_102_Keyboard
seg000:2DD1                 jz      short check_if_Function_key
seg000:2DD3                 mov     di, offset ScanCodeRanges_F1_F12
seg000:2DD6
seg000:2DD6 check_if_Function_key:                  ; CODE XREF: sub_F02D97+3A↑j
seg000:2DD6                 call    check_scancode_in_table
seg000:2DD9                 mov     ah, al
seg000:2DDB                 mov     al, cs:[si]
seg000:2DDE                 jb      short loc_F02DE4
seg000:2DE0                 xor     ah, ah
seg000:2DE2                 xchg    al, ah
seg000:2DE4
seg000:2DE4 loc_F02DE4:                             ; CODE XREF: sub_F02D97+47↑j
seg000:2DE4                 cmp     al, 0FFh
seg000:2DE6                 jmp     finishing_int_09h_IRQ1
seg000:2DE6 sub_F02D97      endp
seg000:2DE6
seg000:2DE9
seg000:2DE9 ; =============== S U B R O U T I N E =======================================
seg000:2DE9
seg000:2DE9
seg000:2DE9 Shift_handler   proc near               ; CODE XREF: int_09h_keyboard_handler+B6↑j
seg000:2DE9                                         ; DATA XREF: seg000:keyboard_state_key_handlers↑o
seg000:2DE9                 jns     short pressed
seg000:2DEB                 test    byte ptr ds:BDA_96h_keyboard_flags_3, BDA_96h_flags_3_last_Scancode_was_E1 or BDA_96h_flags_3_last_Scancode_was_E0
seg000:2DF0                 jz      short mask_off_flags_1
seg000:2DF2                 and     byte ptr ds:BDA_96h_keyboard_flags_3, not (BDA_96h_flags_3_last_Scancode_was_E1 or BDA_96h_flags_3_last_Scancode_was_E0)
seg000:2DF7                 retn
seg000:2DF8 ; ---------------------------------------------------------------------------
seg000:2DF8
seg000:2DF8 mask_off_flags_1:                       ; CODE XREF: Shift_handler+7↑j
seg000:2DF8                 not     ah
seg000:2DFA                 and     [bx], ah
seg000:2DFC                 retn
seg000:2DFD ; ---------------------------------------------------------------------------
seg000:2DFD
seg000:2DFD pressed:                                ; CODE XREF: Shift_handler↑j
seg000:2DFD                 test    byte ptr ds:BDA_96h_keyboard_flags_3, BDA_96h_flags_3_last_Scancode_was_E1 or BDA_96h_flags_3_last_Scancode_was_E0
seg000:2E02                 jz      short set_flags_1
seg000:2E04                 and     byte ptr ds:BDA_96h_keyboard_flags_3, not (BDA_96h_flags_3_last_Scancode_was_E1 or BDA_96h_flags_3_last_Scancode_was_E0)
seg000:2E09                 retn
seg000:2E0A ; ---------------------------------------------------------------------------
seg000:2E0A
seg000:2E0A set_flags_1:                            ; CODE XREF: Shift_handler+19↑j
seg000:2E0A                 or      [bx], ah
seg000:2E0C                 retn
seg000:2E0C Shift_handler   endp
seg000:2E0C
seg000:2E0D
seg000:2E0D ; =============== S U B R O U T I N E =======================================
seg000:2E0D
seg000:2E0D
seg000:2E0D Control_handler proc near               ; CODE XREF: int_09h_keyboard_handler+B6↑j
seg000:2E0D                                         ; DATA XREF: seg000:keyboard_state_key_handlers↑o
seg000:2E0D                 jns     short pressed
seg000:2E0F                 test    byte ptr ds:BDA_96h_keyboard_flags_3, BDA_96h_flags_3_last_Scancode_was_E0
seg000:2E14                 jz      short Left_Ctrl_released
seg000:2E16                 and     byte ptr ds:BDA_96h_keyboard_flags_3, not (BDA_96h_flags_3_last_Scancode_was_E1 or BDA_96h_flags_3_last_Scancode_was_E0 or BDA_96h_flags_3_Right_Ctrl_Pressed)
seg000:2E1B                 jmp     short mask_off_flags_1
seg000:2E1D ; ---------------------------------------------------------------------------
seg000:2E1D
seg000:2E1D Left_Ctrl_released:                     ; CODE XREF: Control_handler+7↑j
seg000:2E1D                 and     byte ptr ds:BDA_18h_Keyboard_flags_2, not (BDA_18h_flags_2_Left_Ctrl_Pressed)
seg000:2E22
seg000:2E22 mask_off_flags_1:                       ; CODE XREF: Control_handler+E↑j
seg000:2E22                 test    byte ptr ds:BDA_96h_keyboard_flags_3, BDA_96h_flags_3_Right_Ctrl_Pressed
seg000:2E27                 jnz     short end
seg000:2E29                 test    byte ptr ds:BDA_18h_Keyboard_flags_2, BDA_96h_flags_3_last_Scancode_was_E1
seg000:2E2E                 jnz     short end
seg000:2E30                 not     ah
seg000:2E32                 and     [bx], ah
seg000:2E34
seg000:2E34 end:                                    ; CODE XREF: Control_handler+1A↑j Control_handler+21↑j
seg000:2E34                 retn
seg000:2E35 ; ---------------------------------------------------------------------------
seg000:2E35
seg000:2E35 pressed:                                ; CODE XREF: Control_handler↑j
seg000:2E35                 or      [bx], ah
seg000:2E37                 test    byte ptr ds:BDA_96h_keyboard_flags_3, BDA_96h_flags_3_last_Scancode_was_E0
seg000:2E3C                 jz      short Left_Ctrl_pressed
seg000:2E3E                 or      byte ptr ds:BDA_96h_keyboard_flags_3, BDA_96h_flags_3_Right_Ctrl_Pressed
seg000:2E43                 and     byte ptr ds:BDA_96h_keyboard_flags_3, not (BDA_96h_flags_3_last_Scancode_was_E0)
seg000:2E48                 retn
seg000:2E49 ; ---------------------------------------------------------------------------
seg000:2E49
seg000:2E49 Left_Ctrl_pressed:                      ; CODE XREF: Control_handler+2F↑j
seg000:2E49                 or      byte ptr ds:BDA_18h_Keyboard_flags_2, BDA_18h_flags_2_Left_Ctrl_Pressed
seg000:2E4E                 retn
seg000:2E4E Control_handler endp
seg000:2E4E
seg000:2E4F
seg000:2E4F ; =============== S U B R O U T I N E =======================================
seg000:2E4F
seg000:2E4F
seg000:2E4F return_from_Key_handler proc near       ; CODE XREF: sub_F02EA1+C4↓j Ctrl_Break_Pause_handler+25↓j
seg000:2E4F                 retn
seg000:2E4F return_from_Key_handler endp
seg000:2E4F
seg000:2E50
seg000:2E50 ; =============== S U B R O U T I N E =======================================
seg000:2E50
seg000:2E50
seg000:2E50 Alt_handler     proc near               ; CODE XREF: int_09h_keyboard_handler+B6↑j
seg000:2E50                                         ; DATA XREF: seg000:keyboard_state_key_handlers↑o
seg000:2E50                 js      short released
seg000:2E52                 or      [bx], ah
seg000:2E54                 test    byte ptr ds:BDA_96h_keyboard_flags_3, BDA_96h_flags_3_last_Scancode_was_E0
seg000:2E59                 jz      short Left_Alt_pressed
seg000:2E5B                 or      byte ptr ds:BDA_96h_keyboard_flags_3, BDA_96h_flags_3_Right_Alt_Pressed
seg000:2E60                 and     byte ptr ds:BDA_96h_keyboard_flags_3, not (BDA_96h_flags_3_last_Scancode_was_E0)
seg000:2E65                 retn
seg000:2E66 ; ---------------------------------------------------------------------------
seg000:2E66
seg000:2E66 Left_Alt_pressed:                       ; CODE XREF: Alt_handler+9↑j
seg000:2E66                 or      byte ptr ds:BDA_18h_Keyboard_flags_2, BDA_18h_flags_2_Left_Alt_Pressed
seg000:2E6B                 retn
seg000:2E6C ; ---------------------------------------------------------------------------
seg000:2E6C
seg000:2E6C released:                               ; CODE XREF: Alt_handler↑j
seg000:2E6C                 test    byte ptr ds:BDA_96h_keyboard_flags_3, BDA_96h_flags_3_last_Scancode_was_E0
seg000:2E71                 jz      short Left_Alt_released
seg000:2E73                 and     byte ptr ds:BDA_96h_keyboard_flags_3, not (BDA_96h_flags_3_last_Scancode_was_E1 or BDA_96h_flags_3_last_Scancode_was_E0 or BDA_96h_flags_3_Right_Alt_Pressed)
seg000:2E78                 jmp     short Alt_released_mask_off_flags_1
seg000:2E7A ; ---------------------------------------------------------------------------
seg000:2E7A
seg000:2E7A Left_Alt_released:                      ; CODE XREF: Alt_handler+21↑j
seg000:2E7A                 and     byte ptr ds:BDA_18h_Keyboard_flags_2, not (BDA_18h_flags_2_Left_Alt_Pressed)
seg000:2E7F
seg000:2E7F Alt_released_mask_off_flags_1:          ; CODE XREF: Alt_handler+28↑j
seg000:2E7F                 test    byte ptr ds:BDA_96h_keyboard_flags_3, BDA_96h_flags_3_Right_Alt_Pressed
seg000:2E84                 jnz     short loc_F02E90
seg000:2E86                 test    byte ptr ds:BDA_18h_Keyboard_flags_2, BDA_18h_flags_2_Left_Alt_Pressed
seg000:2E8B                 jnz     short loc_F02E90
seg000:2E8D                 and     byte ptr [bx], not (BDA_17h_flags_1_Alt_Pressed)
seg000:2E90
seg000:2E90 loc_F02E90:                             ; CODE XREF: Alt_handler+34↑j Alt_handler+3B↑j
seg000:2E90                 mov     al, ds:BDA_19h_Alt_Numpad_work_area
seg000:2E93                 or      al, al
seg000:2E95                 jnz     short loc_F02E98
seg000:2E97                 retn
seg000:2E98 ; ---------------------------------------------------------------------------
seg000:2E98
seg000:2E98 loc_F02E98:                             ; CODE XREF: Alt_handler+45↑j
seg000:2E98                 xor     ah, ah
seg000:2E9A                 mov     ds:BDA_19h_Alt_Numpad_work_area, ah
seg000:2E9E                 jmp     write_scancode_to_Keyboard_buffer_and_finish_int_09h_IRQ1
seg000:2E9E Alt_handler     endp
seg000:2E9E
seg000:2EA1
seg000:2EA1 ; =============== S U B R O U T I N E =======================================
seg000:2EA1
seg000:2EA1
seg000:2EA1 sub_F02EA1      proc near               ; CODE XREF: int_09h_keyboard_handler:loc_F02D4D↑j Keypad_0_Insert_handler:loc_F03045↓j
seg000:2EA1                 test    byte ptr ds:BDA_96h_keyboard_flags_3, BDA_96h_flags_3_last_Scancode_was_E1 or BDA_96h_flags_3_last_Scancode_was_E0
seg000:2EA6                 jz      short loc_F02ED2
seg000:2EA8                 and     byte ptr ds:BDA_96h_keyboard_flags_3, not (BDA_96h_flags_3_last_Scancode_was_E1 or BDA_96h_flags_3_last_Scancode_was_E0)
seg000:2EAD                 mov     di, offset ScanCode_with_E0_E1
seg000:2EB0                 call    keyboard_lookup_match
seg000:2EB3                 jb      short loc_F02ED2
seg000:2EB5                 mov     bl, al
seg000:2EB7                 mov     al, ASCII_LF_Line_Feed
seg000:2EB9                 cmp     bl, scancode_Enter_Keypad_Enter_E0_1C
seg000:2EBC                 jz      short loc_F02ECC
seg000:2EBE                 xor     al, al
seg000:2EC0                 cmp     bl, scancode_Slash
seg000:2EC3                 jz      short loc_F02ECC
seg000:2EC5                 cmp     bl, scancode_Keypad_Asterisk_PrtSc
seg000:2EC8                 jz      short loc_F02ECC
seg000:2ECA                 mov     al, 0E0h
seg000:2ECC
seg000:2ECC loc_F02ECC:                             ; CODE XREF: sub_F02EA1+1B↑j sub_F02EA1+22↑j ...
seg000:2ECC                 cmp     ah, 0FFh
seg000:2ECF                 jmp     finishing_int_09h_IRQ1
seg000:2ED2 ; ---------------------------------------------------------------------------
seg000:2ED2
seg000:2ED2 loc_F02ED2:                             ; CODE XREF: sub_F02EA1+5↑j sub_F02EA1+12↑j
seg000:2ED2                 mov     si, offset keyb_some_LUT3
seg000:2ED5                 cbw
seg000:2ED6                 add     si, ax
seg000:2ED8                 cmp     al, scancode_SpaceBar
seg000:2EDA                 jz      short SpaceBar
seg000:2EDC                 cmp     al, scancode_Right_Shift
seg000:2EDE                 jnb     short loc_F02F15
seg000:2EE0                 cmp     al, scancode_Tab
seg000:2EE2                 jnz     short no_matches_check_Function_keys
seg000:2EE4                 xor     al, al
seg000:2EE6                 jmp     short loc_F02F48
seg000:2EE8 ; ---------------------------------------------------------------------------
seg000:2EE8
seg000:2EE8 no_matches_check_Function_keys:         ; CODE XREF: sub_F02EA1+41↑j
seg000:2EE8                 jmp     check_if_Function_keys
seg000:2EEB ; ---------------------------------------------------------------------------
seg000:2EEB
seg000:2EEB loc_F02EEB:                             ; CODE XREF: int_09h_keyboard_handler+187↑j Ctrl_Break_Pause_handler:Alt_pressed↓j
seg000:2EEB                 test    byte ptr ds:BDA_96h_keyboard_flags_3, BDA_96h_flags_3_last_Scancode_was_E1 or BDA_96h_flags_3_last_Scancode_was_E0
seg000:2EF0                 jz      short loc_F02F06
seg000:2EF2                 and     byte ptr ds:BDA_96h_keyboard_flags_3, not (BDA_96h_flags_3_last_Scancode_was_E1 or BDA_96h_flags_3_last_Scancode_was_E0)
seg000:2EF7                 mov     di, offset ScanCode_wAlt
seg000:2EFA                 call    keyboard_lookup_match
seg000:2EFD                 jb      short loc_F02F06
seg000:2EFF                 xor     al, al
seg000:2F01                 cmp     ah, 0FFh
seg000:2F04                 jmp     short finishing_int_09h_IRQ1
seg000:2F06 ; ---------------------------------------------------------------------------
seg000:2F06
seg000:2F06 loc_F02F06:                             ; CODE XREF: sub_F02EA1+4F↑j sub_F02EA1+5C↑j
seg000:2F06                 mov     si, offset keyb_some_LUT2
seg000:2F09                 cbw
seg000:2F0A                 add     si, ax
seg000:2F0C                 cmp     al, scancode_SpaceBar
seg000:2F0E                 jnz     short loc_F02F15
seg000:2F10
seg000:2F10 SpaceBar:                               ; CODE XREF: sub_F02EA1+39↑j
seg000:2F10                 mov     ax, int16_scancode_SpaceBar
seg000:2F13                 jmp     short write_scancode
seg000:2F15 ; ---------------------------------------------------------------------------
seg000:2F15
seg000:2F15 loc_F02F15:                             ; CODE XREF: sub_F02EA1+3D↑j sub_F02EA1+6D↑j
seg000:2F15                 mov     bl, al
seg000:2F17                 mov     di, offset ScanCode_w2?
seg000:2F1A                 push    cs
seg000:2F1B                 pop     es
seg000:2F1C                 cld
seg000:2F1D                 mov     cx, cs:[di]
seg000:2F20                 add     di, 2
seg000:2F23                 repne scasb
seg000:2F25                 xor     al, al
seg000:2F27                 jcxz    short loc_F02F48
seg000:2F29                 test    byte ptr ds:BDA_17h_Keyboard_flags_1, BDA_17h_flags_1_Ctrl_Pressed
seg000:2F2E                 jz      short loc_F02F46
seg000:2F30                 test    byte ptr ds:BDA_17h_Keyboard_flags_1, BDA_17h_flags_1_Alt_Pressed
seg000:2F35                 jnz     short loc_F02F46
seg000:2F37                 cmp     bl, scancode_Keypad_Asterisk_PrtSc
seg000:2F3A                 jz      short loc_F02F48
seg000:2F3C                 cmp     bl, scancode_Keypad_Minus
seg000:2F3F                 jz      short loc_F02F48
seg000:2F41                 cmp     bl, scancode_Keypad_Plus
seg000:2F44                 jz      short loc_F02F48
seg000:2F46
seg000:2F46 loc_F02F46:                             ; CODE XREF: sub_F02EA1+8D↑j sub_F02EA1+94↑j
seg000:2F46                 mov     al, 0F0h
seg000:2F48
seg000:2F48 loc_F02F48:                             ; CODE XREF: sub_F02EA1+45↑j sub_F02EA1+86↑j ...
seg000:2F48                 mov     ah, cs:[si]
seg000:2F4B                 test    byte ptr ds:BDA_96h_keyboard_flags_3, BDA_96h_flags_3_101_102_Keyboard
seg000:2F50                 jnz     short loc_F02F60
seg000:2F52                 cmp     bl, scancode_Keypad_Asterisk_PrtSc
seg000:2F55                 jnz     short loc_F02F60
seg000:2F57                 test    byte ptr ds:BDA_17h_Keyboard_flags_1, BDA_17h_flags_1_Alt_Pressed
seg000:2F5C                 jnz     short loc_F02F60
seg000:2F5E                 mov     ah, 72h
seg000:2F60
seg000:2F60 loc_F02F60:                             ; CODE XREF: sub_F02EA1+AF↑j sub_F02EA1+B4↑j ...
seg000:2F60                 cmp     ah, 0FFh
seg000:2F63
seg000:2F63 finishing_int_09h_IRQ1:                 ; CODE XREF: sub_F02D97+2C↑j sub_F02D97+4F↑j ...
seg000:2F63                 jnz     short write_scancode
seg000:2F65                 jmp     return_from_Key_handler
seg000:2F68 ; ---------------------------------------------------------------------------
seg000:2F68
seg000:2F68 write_scancode:                         ; CODE XREF: sub_F02EA1+72↑j sub_F02EA1:finishing_int_09h_IRQ1↑j
seg000:2F68                 jmp     write_scancode_to_Keyboard_buffer_and_finish_int_09h_IRQ1
seg000:2F68 sub_F02EA1      endp
seg000:2F68
seg000:2F6B
seg000:2F6B ; =============== S U B R O U T I N E =======================================
seg000:2F6B
seg000:2F6B ; Attributes: thunk
seg000:2F6B
seg000:2F6B Ctrl_Break_Pause_released proc near     ; CODE XREF: Ctrl_Break_Pause_handler↓j
seg000:2F6B                 jmp     released_mask_off_flags_2_3
seg000:2F6B Ctrl_Break_Pause_released endp
seg000:2F6B
seg000:2F6E
seg000:2F6E ; =============== S U B R O U T I N E =======================================
seg000:2F6E
seg000:2F6E ; Attributes: thunk
seg000:2F6E
seg000:2F6E j_CapsLock_pressed proc near            ; CODE XREF: Ctrl_Break_Pause_handler+5↓j Ctrl_Break_Pause_handler+9↓j
seg000:2F6E                 jmp     same_as_CapsLock_pressed
seg000:2F6E j_CapsLock_pressed endp
seg000:2F6E
seg000:2F71
seg000:2F71 ; =============== S U B R O U T I N E =======================================
seg000:2F71
seg000:2F71
seg000:2F71 Ctrl_Break_Pause_handler proc near      ; CODE XREF: int_09h_keyboard_handler+B6↑j
seg000:2F71                                         ; DATA XREF: seg000:keyboard_state_key_handlers↑o
seg000:2F71                 js      short Ctrl_Break_Pause_released
seg000:2F73                 test    cl, BDA_17h_flags_1_Ctrl_Pressed
seg000:2F76                 jz      short j_CapsLock_pressed
seg000:2F78                 test    ch, ah
seg000:2F7A                 jnz     short j_CapsLock_pressed
seg000:2F7C                 or      [bx+1], ah
seg000:2F7F                 test    cl, BDA_17h_flags_1_Alt_Pressed
seg000:2F82                 jnz     short Alt_pressed
seg000:2F84                 cmp     al, scancode_ScrollLock_Ctrl_Break_E0_46
seg000:2F86                 jnz     short loc_F02F9C
seg000:2F88                 test    byte ptr ds:BDA_96h_keyboard_flags_3, BDA_96h_flags_3_101_102_Keyboard
seg000:2F8D                 jz      short loc_F02FC9
seg000:2F8F                 test    byte ptr ds:BDA_96h_keyboard_flags_3, BDA_96h_flags_3_last_Scancode_was_E0
seg000:2F94                 jnz     short loc_F02FC9
seg000:2F96                 jmp     return_from_Key_handler
seg000:2F99 ; ---------------------------------------------------------------------------
seg000:2F99
seg000:2F99 Alt_pressed:                            ; CODE XREF: Ctrl_Break_Pause_handler+11↑j
seg000:2F99                 jmp     loc_F02EEB
seg000:2F9C ; ---------------------------------------------------------------------------
seg000:2F9C
seg000:2F9C loc_F02F9C:                             ; CODE XREF: Ctrl_Break_Pause_handler+15↑j
seg000:2F9C                 test    byte ptr ds:BDA_96h_keyboard_flags_3, BDA_96h_flags_3_101_102_Keyboard
seg000:2FA1                 jz      short loc_F02FAA
seg000:2FA3                 test    byte ptr ds:BDA_96h_keyboard_flags_3, BDA_96h_flags_3_last_Scancode_was_E1
seg000:2FA8                 jz      short mask_off_last_Scancode_was_E1_flags_3
seg000:2FAA
seg000:2FAA loc_F02FAA:                             ; CODE XREF: Ctrl_Break_Pause_handler+30↑j
seg000:2FAA                 call    restore_CRTC_Mode_Control
seg000:2FAD                 call    KBC_ENABLE_KBD
seg000:2FB0                 test    byte ptr [bx+1], BDA_18h_flags_2_Pause_ACTIVE
seg000:2FB4                 jnz     short mask_off_last_Scancode_was_E1_flags_3
seg000:2FB6                 or      byte ptr [bx+1], BDA_18h_flags_2_Pause_ACTIVE
seg000:2FBA                 call    PIC1_NON_SPECIFIC_EOI
seg000:2FBD
seg000:2FBD Pause_wait_loop:                        ; CODE XREF: Ctrl_Break_Pause_handler+50↓j
seg000:2FBD                 test    byte ptr [bx+1], BDA_18h_flags_2_Pause_ACTIVE
seg000:2FC1                 jnz     short Pause_wait_loop
seg000:2FC3
seg000:2FC3 mask_off_last_Scancode_was_E1_flags_3:  ; CODE XREF: Ctrl_Break_Pause_handler+37↑j Ctrl_Break_Pause_handler+43↑j
seg000:2FC3                 and     byte ptr ds:BDA_96h_keyboard_flags_3, not (BDA_96h_flags_3_last_Scancode_was_E1)
seg000:2FC8                 retn
seg000:2FC9 ; ---------------------------------------------------------------------------
seg000:2FC9
seg000:2FC9 loc_F02FC9:                             ; CODE XREF: Ctrl_Break_Pause_handler+1C↑j Ctrl_Break_Pause_handler+23↑j
seg000:2FC9                 test    ch, BDA_18h_flags_2_Pause_ACTIVE
seg000:2FCC                 jz      short Ctrl_Break_pressed
seg000:2FCE                 and     byte ptr ds:BDA_96h_keyboard_flags_3, not (BDA_96h_flags_3_last_Scancode_was_E1 or BDA_96h_flags_3_last_Scancode_was_E0)
seg000:2FD3                 and     byte ptr [bx+1], not (BDA_18h_flags_2_Pause_ACTIVE)
seg000:2FD7                 retn
seg000:2FD8 ; ---------------------------------------------------------------------------
seg000:2FD8
seg000:2FD8 Ctrl_Break_pressed:                     ; CODE XREF: Ctrl_Break_Pause_handler+5B↑j
seg000:2FD8                 mov     ax, BDA_1Eh_Keyboard_buffer
seg000:2FDB                 mov     ds:BDA_1Ah_Keyboard_buffer_head_offset, ax
seg000:2FDE                 mov     ds:BDA_1Ch_Keyboard_buffer_tail_offset, ax
seg000:2FE1                 mov     byte ptr ds:BDA_71h_Keyboard_Ctrl_Break_flag, 80h
seg000:2FE6                 int     1Bh             ; CTRL-BREAK KEY
seg000:2FE8                 and     byte ptr ds:BDA_96h_keyboard_flags_3, not (BDA_96h_flags_3_last_Scancode_was_E0)
seg000:2FED                 xor     ax, ax
seg000:2FEF                 jmp     write_scancode_to_Keyboard_buffer_and_finish_int_09h_IRQ1
seg000:2FEF Ctrl_Break_Pause_handler endp
seg000:2FEF
seg000:2FF2
seg000:2FF2 ; =============== S U B R O U T I N E =======================================
seg000:2FF2
seg000:2FF2
seg000:2FF2 CapsLock_handler proc near              ; CODE XREF: int_09h_keyboard_handler+B6↑j
seg000:2FF2                                         ; DATA XREF: seg000:keyboard_state_key_handlers↑o
seg000:2FF2                 js      short released_mask_off_flags_2_3
seg000:2FF4
seg000:2FF4 same_as_CapsLock_pressed:               ; CODE XREF: j_CapsLock_pressed↑j Keypad_0_Insert_handler+26↓j ...
seg000:2FF4                 test    ch, ah
seg000:2FF6                 jnz     short mask_off_flags_2
seg000:2FF8                 test    cl, BDA_18h_flags_2_SysReg_Pressed
seg000:2FFB                 jnz     short mask_off_flags_2
seg000:2FFD                 xor     [bx], ah
seg000:2FFF                 cmp     al, scancode_Keypad_0_Insert
seg000:3001                 jnz     short LEDs_sync
seg000:3003                 call    mask_off_flags_2
seg000:3006                 jmp     sub_F02D97
seg000:3009 ; ---------------------------------------------------------------------------
seg000:3009
seg000:3009 LEDs_sync:                              ; CODE XREF: CapsLock_handler+F↑j
seg000:3009                 call    Keyboard_LEDs_sync
seg000:300C
seg000:300C mask_off_flags_2:                       ; CODE XREF: CapsLock_handler+4↑j CapsLock_handler+9↑j ...
seg000:300C                 or      [bx+1], ah
seg000:300F                 retn
seg000:3010 ; ---------------------------------------------------------------------------
seg000:3010
seg000:3010 released_mask_off_flags_2_3:            ; CODE XREF: Ctrl_Break_Pause_released↑j CapsLock_handler↑j
seg000:3010                 and     byte ptr ds:BDA_96h_keyboard_flags_3, not (BDA_96h_flags_3_last_Scancode_was_E1 or BDA_96h_flags_3_last_Scancode_was_E0)
seg000:3015                 not     ah
seg000:3017                 and     [bx+1], ah
seg000:301A                 retn
seg000:301A CapsLock_handler endp
seg000:301A
seg000:301B
seg000:301B ; =============== S U B R O U T I N E =======================================
seg000:301B
seg000:301B
seg000:301B Keypad_0_Insert_handler proc far        ; DATA XREF: seg000:keyboard_state_key_handlers↑o
seg000:301B                 jns     short pressed
seg000:301D                 test    byte ptr ds:BDA_96h_keyboard_flags_3, BDA_96h_flags_3_last_Scancode_was_E1 or BDA_96h_flags_3_last_Scancode_was_E0
seg000:3022                 jz      short mask_off_flags_2
seg000:3024                 and     byte ptr ds:BDA_96h_keyboard_flags_3, not (BDA_96h_flags_3_last_Scancode_was_E1 or BDA_96h_flags_3_last_Scancode_was_E0)
seg000:3029
seg000:3029 mask_off_flags_2:                       ; CODE XREF: Keypad_0_Insert_handler+7↑j
seg000:3029                 not     ah
seg000:302B                 and     [bx+1], ah
seg000:302E                 retn
seg000:302F ; ---------------------------------------------------------------------------
seg000:302F
seg000:302F pressed:                                ; CODE XREF: Keypad_0_Insert_handler↑j
seg000:302F                 test    cl, BDA_18h_flags_2_Pause_ACTIVE
seg000:3032                 jnz     short loc_F0305A
seg000:3034                 test    cl, BDA_18h_flags_2_SysReg_Pressed
seg000:3037                 jnz     short loc_F03045
seg000:3039                 test    cl, BDA_18h_flags_2_NumLock_Pressed
seg000:303C                 jnz     short loc_F0304B
seg000:303E                 test    cl, BDA_18h_flags_2_Left_Ctrl_Pressed or BDA_18h_flags_2_Left_Alt_Pressed
seg000:3041                 jz      short same_as_CapsLock_pressed
seg000:3043                 jmp     short loc_F03057
seg000:3045 ; ---------------------------------------------------------------------------
seg000:3045
seg000:3045 loc_F03045:                             ; CODE XREF: Keypad_0_Insert_handler+1C↑j
seg000:3045                 jmp     sub_F02EA1
seg000:3048 ; ---------------------------------------------------------------------------
seg000:3048
seg000:3048 loc_F03048:                             ; CODE XREF: Keypad_0_Insert_handler+44↓j
seg000:3048                 jmp     loc_F02D8A
seg000:304B ; ---------------------------------------------------------------------------
seg000:304B
seg000:304B loc_F0304B:                             ; CODE XREF: Keypad_0_Insert_handler+21↑j
seg000:304B                 test    byte ptr ds:BDA_96h_keyboard_flags_3, BDA_96h_flags_3_last_Scancode_was_E0
seg000:3050                 jnz     short same_as_CapsLock_pressed
seg000:3052                 test    cl, BDA_18h_flags_2_Left_Ctrl_Pressed or BDA_18h_flags_2_Left_Alt_Pressed
seg000:3055                 jnz     short same_as_CapsLock_pressed
seg000:3057
seg000:3057 loc_F03057:                             ; CODE XREF: Keypad_0_Insert_handler+28↑j
seg000:3057                 jmp     loc_F02D92
seg000:305A ; ---------------------------------------------------------------------------
seg000:305A
seg000:305A loc_F0305A:                             ; CODE XREF: Keypad_0_Insert_handler+17↑j
seg000:305A                 test    byte ptr ds:BDA_96h_keyboard_flags_3, BDA_96h_flags_3_last_Scancode_was_E0
seg000:305F                 jnz     short loc_F03048
seg000:3061                 jmp     loc_F02D6D
seg000:3061 Keypad_0_Insert_handler endp
seg000:3061
seg000:3064
seg000:3064 ; =============== S U B R O U T I N E =======================================
seg000:3064
seg000:3064
seg000:3064 SysReq_handler  proc near               ; CODE XREF: int_09h_keyboard_handler+B6↑j
seg000:3064                                         ; DATA XREF: seg000:keyboard_state_key_handlers↑o
seg000:3064                 mov     ah, BDA_18h_flags_2_SysReg_Pressed
seg000:3066                 mov     dx, int15h_8501_SysReq_Released
seg000:3069                 js      short released_mask_off_flags_2
seg000:306B                 test    ch, ah
seg000:306D                 jnz     short end
seg000:306F                 dec     dx              ; INT 15,8500 - System Request Key Pressed
seg000:3070                 or      [bx+1], ah
seg000:3073                 jmp     short call_IVT_SYSTEM_SERVICES
seg000:3075 ; ---------------------------------------------------------------------------
seg000:3075
seg000:3075 released_mask_off_flags_2:              ; CODE XREF: SysReq_handler+5↑j
seg000:3075                 not     ah
seg000:3077                 and     [bx+1], ah
seg000:307A
seg000:307A call_IVT_SYSTEM_SERVICES:               ; CODE XREF: SysReq_handler+F↑j
seg000:307A                 xchg    ax, dx
seg000:307B                 push    bx
seg000:307C                 mov     bx, IVT_SYSTEM_SERVICES_off
seg000:307F                 call    call_IVT_off_BX_with_AX
seg000:3082                 pop     bx
seg000:3083
seg000:3083 end:                                    ; CODE XREF: SysReq_handler+9↑j
seg000:3083                 retn
seg000:3083 SysReq_handler  endp
seg000:3083
seg000:3084
seg000:3084 ; =============== S U B R O U T I N E =======================================
seg000:3084
seg000:3084
seg000:3084 keyboard_lookup_match proc near         ; CODE XREF: int_09h_keyboard_handler+1B↑p sub_F02D97+12↑p ...
seg000:3084                 mov     cx, cs:[di]
seg000:3087
seg000:3087 lookup_loop:                            ; CODE XREF: keyboard_lookup_match+B↓j
seg000:3087                 add     di, 2
seg000:308A                 cmp     al, cs:[di]
seg000:308D                 jz      short matched
seg000:308F                 loop    lookup_loop
seg000:3091                 stc
seg000:3092                 retn
seg000:3093 ; ---------------------------------------------------------------------------
seg000:3093
seg000:3093 matched:                                ; CODE XREF: keyboard_lookup_match+9↑j
seg000:3093                 mov     ah, cs:[di+1]
seg000:3097                 clc
seg000:3098                 retn
seg000:3098 keyboard_lookup_match endp
seg000:3098
seg000:3099
seg000:3099 ; =============== S U B R O U T I N E =======================================
seg000:3099
seg000:3099 ; Attributes: thunk
seg000:3099
seg000:3099 j_Keyboard_buffer_full_error proc near  ; CODE XREF: int_09h_keyboard_handler+B6↑j
seg000:3099                                         ; DATA XREF: seg000:keyboard_state_key_handlers↑o
seg000:3099                 jmp     Keyboard_buffer_full_error
seg000:3099 j_Keyboard_buffer_full_error endp
seg000:3099
seg000:3099 ; ---------------------------------------------------------------------------
seg000:309C ScanCodeRanges_F1_F12 dw 2              ; DATA XREF: sub_F02D97+3C↑o
seg000:309E                 db scancode_F1, scancode_F10
seg000:30A0                 db scancode_F11, scancode_F12
seg000:30A2 ScanCodeRanges_F1_F10 dw 1              ; DATA XREF: sub_F02D97:check_if_Function_keys↑o
seg000:30A4                 db scancode_F1, scancode_F10
seg000:30A6 ScanCodeRanges_Numpad_Digits dw 3       ; DATA XREF: int_09h_keyboard_handler+15D↑o
seg000:30A8                 db scancode_Keypad_7_Home, scancode_Keypad_9_PgUp
seg000:30AA                 db scancode_Keypad_4_Left_Arrow, scancode_Keypad_6_Right_Arrow
seg000:30AC                 db scancode_Keypad_1_End, scancode_Keypad_0_Insert
seg000:30AE ScanCodeRanges_Numpad dw 3              ; DATA XREF: int_09h_keyboard_handler+F8↑o
seg000:30B0                 db scancode_Keypad_7_Home, scancode_Keypad_9_PgUp
seg000:30B2                 db scancode_Keypad_4_Left_Arrow, scancode_Keypad_6_Right_Arrow
seg000:30B4                 db scancode_Keypad_1_End, scancode_Keypad_period_Del_Del_E0_53
seg000:30B6 ScanCodeRanges_Letters dw 3             ; DATA XREF: int_09h_keyboard_handler+EB↑o
seg000:30B8                 db scancode_Q, scancode_P
seg000:30BA                 db scancode_A, scancode_L
seg000:30BC                 db scancode_Z, scancode_M
seg000:30BE
seg000:30BE ; =============== S U B R O U T I N E =======================================
seg000:30BE
seg000:30BE
seg000:30BE write_scancode_to_Keyboard_buffer_and_finish_int_09h_IRQ1 proc near ; CODE XREF: Alt_handler+4E↑j sub_F02EA1:write_scancode↑j ...
seg000:30BE                 call    wrap_Keyboard_buffer
seg000:30C1                 jb      short buffer_full_error
seg000:30C3                 mov     [di], ax
seg000:30C5                 call    int_09h_IRQ1_keyboard_cleanup
seg000:30C8                 push    bx
seg000:30C9                 mov     ax, int15h_9102_keyboard_Int_Complete
seg000:30CC                 mov     bx, IVT_SYSTEM_SERVICES_off
seg000:30CF                 call    call_IVT_off_BX_with_AX
seg000:30D2                 pop     bx
seg000:30D3                 mov     bp, sp
seg000:30D5                 mov     word ptr [bp+0], offset int_09h_IRQ1_keyboard_end
seg000:30DA                 retn
seg000:30DB ; ---------------------------------------------------------------------------
seg000:30DB
seg000:30DB buffer_full_error:                      ; CODE XREF: write_scancode_to_Keyboard_buffer_and_finish_int_09h_IRQ1+3↑j
seg000:30DB                 push    bx
seg000:30DC                 call    Keyboard_buffer_full_error
seg000:30DF                 pop     bx
seg000:30E0                 retn
seg000:30E0 write_scancode_to_Keyboard_buffer_and_finish_int_09h_IRQ1 endp
seg000:30E0
seg000:30E1
seg000:30E1 ; =============== S U B R O U T I N E =======================================
seg000:30E1
seg000:30E1
seg000:30E1 wrap_Keyboard_buffer proc near          ; CODE XREF: write_scancode_to_Keyboard_buffer_and_finish_int_09h_IRQ1↑p int16_5_Keyboard_buffer_write↓p
seg000:30E1                 mov     si, ds:BDA_1Ch_Keyboard_buffer_tail_offset
seg000:30E5                 mov     di, si
seg000:30E7                 add     si, 2
seg000:30EA                 cmp     si, ds:BDA_82h_Keyboard_buffer_ending_address
seg000:30EE                 jb      short wrap
seg000:30F0                 mov     si, ds:BDA_80h_Keyboard_buffer_starting_address
seg000:30F4
seg000:30F4 wrap:                                   ; CODE XREF: wrap_Keyboard_buffer+D↑j
seg000:30F4                 cmp     si, ds:BDA_1Ah_Keyboard_buffer_head_offset
seg000:30F8                 jz      short buffer_full_error
seg000:30FA                 mov     ds:BDA_1Ch_Keyboard_buffer_tail_offset, si
seg000:30FE                 clc
seg000:30FF                 retn
seg000:3100 ; ---------------------------------------------------------------------------
seg000:3100
seg000:3100 buffer_full_error:                      ; CODE XREF: wrap_Keyboard_buffer+17↑j
seg000:3100                 stc
seg000:3101                 retn
seg000:3101 wrap_Keyboard_buffer endp
seg000:3101
seg000:3102
seg000:3102 ; =============== S U B R O U T I N E =======================================
seg000:3102
seg000:3102
seg000:3102 PIC1_NON_SPECIFIC_EOI proc near         ; CODE XREF: int_09h_IRQ1_keyboard:int_09h_IRQ1_keyboard_cleanup↑p Ctrl_Break_Pause_handler+49↑p
seg000:3102                 mov     al, IO_Port_PIC_Cmd_NON_SPECIFIC_EOI
seg000:3104                 out     IO_Port_20h_PIC1_Command, al
seg000:3106                 retn
seg000:3106 PIC1_NON_SPECIFIC_EOI endp
seg000:3106
seg000:3107
seg000:3107 ; =============== S U B R O U T I N E =======================================
seg000:3107
seg000:3107
seg000:3107 KBC_ENABLE_KBD  proc near               ; CODE XREF: int_09h_IRQ1_keyboard+E↑p Ctrl_Break_Pause_handler+3C↑p
seg000:3107                 mov     al, IO_Port_64h_KBC_CMD_AE_ENABLE_KBD
seg000:3109                 out     IO_Port_64h_KBC_Command, al
seg000:310B                 retn
seg000:310B KBC_ENABLE_KBD  endp
seg000:310B
seg000:310C
seg000:310C ; =============== S U B R O U T I N E =======================================
seg000:310C
seg000:310C
seg000:310C KBD_Command_al_wait_bx_b7 proc near     ; CODE XREF: Keyboard_LEDs_sync+2C↑p Keyboard_LEDs_sync+35↑p ...
seg000:310C                 push    ds
seg000:310D                 mov     ds, cs:BDA_Segment
seg000:3112                 mov     cx, 3
seg000:3115
seg000:3115 try_3_times_loop:                       ; CODE XREF: KBD_Command_al_wait_bx_b7+1A↓j
seg000:3115                 push    ax
seg000:3116                 push    cx
seg000:3117                 mov     si, offset KBD_Command_bytecode
seg000:311A                 call    Sanyo_bytecode_interpreter
seg000:311D                 pop     cx
seg000:311E                 pop     ax
seg000:311F                 jb      short end
seg000:3121                 test    byte ptr [bx], 80h
seg000:3124                 jz      short end
seg000:3126                 loop    try_3_times_loop
seg000:3128                 stc
seg000:3129
seg000:3129 end:                                    ; CODE XREF: KBD_Command_al_wait_bx_b7+13↑j KBD_Command_al_wait_bx_b7+18↑j
seg000:3129                 pop     ds
seg000:312A                 assume ds:seg000
seg000:312A                 retn
seg000:312A ; ---------------------------------------------------------------------------
seg000:312B KBD_Command_bytecode db 42h                  ; 0 ; DATA XREF: sub_F0043B+227↑o KBD_Command_al_wait_bx_b7+B↑o
seg000:312C                 db 4                    ; 1
seg000:312D                 db 64h                  ; 2
seg000:312E                 db 0                    ; 3
seg000:312F                 db 2                    ; 4
seg000:3130                 db 62h                  ; 5
seg000:3131                 db 97h                  ; 6
seg000:3132                 db 0                    ; 7
seg000:3133                 db 0B0h                 ; 8
seg000:3134                 db 42h                  ; 9
seg000:3135                 db 2Ch                  ; 0Ah
seg000:3136                 db 60h                  ; 0Bh
seg000:3137                 db 0                    ; 0Ch
seg000:3138                 db 50h                  ; 0Dh
seg000:3139                 db 2Ch                  ; 0Eh
seg000:313A                 db 1                    ; 0Fh
seg000:313B                 db 52h                  ; 10h
seg000:313C                 db 44h                  ; 11h
seg000:313D                 db 0D5h                 ; 12h
seg000:313E                 db 0                    ; 13h
seg000:313F                 db 20h                  ; 14h
seg000:3140                 db 80h                  ; 15h
seg000:3141                 db 4                    ; 16h
seg000:3142                 db 50h                  ; 17h
seg000:3143                 db 68h                  ; 18h
seg000:3144                 db 1                    ; 19h
seg000:3145                 db 52h                  ; 1Ah
seg000:3146                 db 44h                  ; 1Bh
seg000:3147                 db 97h                  ; 1Ch
seg000:3148                 db 0                    ; 1Dh
seg000:3149                 db 22h                  ; 1Eh
seg000:314A                 db 10h                  ; 1Fh
seg000:314B                 db 0Ch                  ; 20h
seg000:314C                 db 44h                  ; 21h
seg000:314D                 db 97h                  ; 22h
seg000:314E                 db 0                    ; 23h
seg000:314F                 db 22h                  ; 24h
seg000:3150                 db 20h                  ; 25h
seg000:3151                 db 2                    ; 26h
seg000:3152                 db 48h                  ; 27h
seg000:3153                 db 0F2h                 ; 28h
seg000:3154                 db 60h                  ; 29h
seg000:3155                 db 97h                  ; 2Ah
seg000:3156                 db 0                    ; 2Bh
seg000:3157                 db 80h                  ; 2Ch
seg000:3158                 db 36h                  ; 2Dh
seg000:3158 KBD_Command_al_wait_bx_b7 endp
seg000:3158
seg000:3159 special_scancodes db KBD_PREFIX_E0_EXTENDED; 0 ; DATA XREF: int_09h_keyboard_handler+2D↑o
seg000:315A                 db KBD_PREFIX_E1_PAUSE  ; 1 ; NCD N-97 or another weird specialized keyboard [AB 85]
seg000:315B                 db KBD_ID_AB_FIRST_BYTE ; 2
seg000:315C                 db KBD_ID_85_terminal_kbd; 3
seg000:315D                 db KBD_ID_41_MF2_TRANS  ; 4
seg000:315E len_5           dw 5                    ; DATA XREF: int_09h_keyboard_handler+30↑r
seg000:3160 special_scancode_handlers dw offset PREFIX_E0_E1_handler; 0 ; DATA XREF: int_09h_keyboard_handler+40↑r
seg000:3162                 dw offset PREFIX_E0_E1_handler; 1
seg000:3164                 dw offset KBD_ID_AB_handler; 2
seg000:3166                 dw offset KBD_ID_85_handler; 3
seg000:3168                 dw offset KBD_ID_41_handler; 4
seg000:316A                 dw offset normal_scancode_handler; 5
seg000:316C KBD_ACK_RESEND_LUT dw 2                 ; DATA XREF: int_09h_keyboard_handler+18↑o
seg000:316E                 db IO_Port_60h_KBD_Resp_FA_ACK ; Acknowledge command
seg000:316F                 db BDA_97h_flags_4_ACKNOWLEDGE_RECEIVED
seg000:3170                 db IO_Port_60h_KBD_Resp_FE_RESEND ; Resend last command
seg000:3171                 db BDA_97h_flags_4_RESEND_RECEIVED
seg000:3172 keyb_some_LUT0  db 0FFh                 ; 0 ; DATA XREF: sub_F02D97↑o
seg000:3173                 db ASCII_ESC            ; 1
seg000:3174                 db ASCII_1              ; 2
seg000:3175                 db ASCII_2              ; 3
seg000:3176                 db ASCII_3              ; 4
seg000:3177                 db ASCII_4              ; 5
seg000:3178                 db ASCII_5              ; 6
seg000:3179                 db ASCII_6              ; 7
seg000:317A                 db ASCII_7              ; 8
seg000:317B                 db ASCII_8              ; 9
seg000:317C                 db ASCII_9              ; 0Ah
seg000:317D                 db ASCII_0              ; 0Bh
seg000:317E                 db 2Dh                  ; 0Ch
seg000:317F                 db 3Dh                  ; 0Dh
seg000:3180                 db ASCII_BackSpace      ; 0Eh
seg000:3181                 db ASCII_Tab            ; 0Fh
seg000:3182                 db 71h                  ; 10h
seg000:3183                 db 77h                  ; 11h
seg000:3184                 db 65h                  ; 12h
seg000:3185                 db 72h                  ; 13h
seg000:3186                 db 74h                  ; 14h
seg000:3187                 db 79h                  ; 15h
seg000:3188                 db 75h                  ; 16h
seg000:3189                 db 69h                  ; 17h
seg000:318A                 db 6Fh                  ; 18h
seg000:318B                 db 70h                  ; 19h
seg000:318C                 db 5Bh                  ; 1Ah
seg000:318D                 db 5Dh                  ; 1Bh
seg000:318E                 db ASCII_CR_Enter       ; 1Ch
seg000:318F                 db 0FFh                 ; 1Dh
seg000:3190                 db 61h                  ; 1Eh
seg000:3191                 db 73h                  ; 1Fh
seg000:3192                 db 64h                  ; 20h
seg000:3193                 db 66h                  ; 21h
seg000:3194                 db 67h                  ; 22h
seg000:3195                 db 68h                  ; 23h
seg000:3196                 db 6Ah                  ; 24h
seg000:3197                 db 6Bh                  ; 25h
seg000:3198                 db 6Ch                  ; 26h
seg000:3199                 db 3Bh                  ; 27h
seg000:319A                 db 27h                  ; 28h
seg000:319B                 db 60h                  ; 29h
seg000:319C                 db 0FFh                 ; 2Ah
seg000:319D                 db 5Ch                  ; 2Bh
seg000:319E                 db 7Ah                  ; 2Ch
seg000:319F                 db 78h                  ; 2Dh
seg000:31A0                 db 63h                  ; 2Eh
seg000:31A1                 db 76h                  ; 2Fh
seg000:31A2                 db 62h                  ; 30h
seg000:31A3                 db 6Eh                  ; 31h
seg000:31A4                 db 6Dh                  ; 32h
seg000:31A5                 db 2Ch                  ; 33h
seg000:31A6                 db 2Eh                  ; 34h
seg000:31A7                 db 2Fh                  ; 35h
seg000:31A8                 db 0FFh                 ; 36h
seg000:31A9                 db 2Ah                  ; 37h
seg000:31AA                 db 0FFh                 ; 38h
seg000:31AB                 db ASCII_SPACE          ; 39h
seg000:31AC                 db 0FFh                 ; 3Ah
seg000:31AD                 db 3Bh                  ; 3Bh
seg000:31AE                 db 3Ch                  ; 3Ch
seg000:31AF                 db 3Dh                  ; 3Dh
seg000:31B0                 db 3Eh                  ; 3Eh
seg000:31B1                 db 3Fh                  ; 3Fh
seg000:31B2                 db 40h                  ; 40h
seg000:31B3                 db 41h                  ; 41h
seg000:31B4                 db 42h                  ; 42h
seg000:31B5                 db 43h                  ; 43h
seg000:31B6                 db 44h                  ; 44h
seg000:31B7                 db 0FFh                 ; 45h
seg000:31B8                 db 0FFh                 ; 46h
seg000:31B9                 db ASCII_NULL           ; 47h
seg000:31BA                 db ASCII_NULL           ; 48h
seg000:31BB                 db ASCII_NULL           ; 49h
seg000:31BC                 db 2Dh                  ; 4Ah
seg000:31BD                 db ASCII_NULL           ; 4Bh
seg000:31BE                 db 0F0h                 ; 4Ch
seg000:31BF                 db ASCII_NULL           ; 4Dh
seg000:31C0                 db 2Bh                  ; 4Eh
seg000:31C1                 db ASCII_NULL           ; 4Fh
seg000:31C2                 db ASCII_NULL           ; 50h
seg000:31C3                 db ASCII_NULL           ; 51h
seg000:31C4                 db ASCII_NULL           ; 52h
seg000:31C5                 db ASCII_NULL           ; 53h
seg000:31C6                 db 0FFh                 ; 54h
seg000:31C7                 db 0FFh                 ; 55h
seg000:31C8                 db 5Ch                  ; 56h
seg000:31C9                 db 85h                  ; 57h
seg000:31CA keyb_some_LUT1  db 86h                  ; 0 ; DATA XREF: int_09h_keyboard_handler:loc_F02D6D↑o int_09h_keyboard_handler:loc_F02D92↑o
seg000:31CB                 db 1Bh                  ; 1
seg000:31CC                 db 21h                  ; 2
seg000:31CD                 db 40h                  ; 3
seg000:31CE                 db 23h                  ; 4
seg000:31CF                 db 24h                  ; 5
seg000:31D0                 db 25h                  ; 6
seg000:31D1                 db 5Eh                  ; 7
seg000:31D2                 db 26h                  ; 8
seg000:31D3                 db 2Ah                  ; 9
seg000:31D4                 db 28h                  ; 0Ah
seg000:31D5                 db 29h                  ; 0Bh
seg000:31D6                 db 5Fh                  ; 0Ch
seg000:31D7                 db 2Bh                  ; 0Dh
seg000:31D8                 db 8                    ; 0Eh
seg000:31D9                 db 0                    ; 0Fh
seg000:31DA                 db 51h                  ; 10h
seg000:31DB                 db 57h                  ; 11h
seg000:31DC                 db 45h                  ; 12h
seg000:31DD                 db 52h                  ; 13h
seg000:31DE                 db 54h                  ; 14h
seg000:31DF                 db 59h                  ; 15h
seg000:31E0                 db 55h                  ; 16h
seg000:31E1                 db 49h                  ; 17h
seg000:31E2                 db 4Fh                  ; 18h
seg000:31E3                 db 50h                  ; 19h
seg000:31E4                 db 7Bh                  ; 1Ah
seg000:31E5                 db 7Dh                  ; 1Bh
seg000:31E6                 db 0Dh                  ; 1Ch
seg000:31E7                 db 0FFh                 ; 1Dh
seg000:31E8                 db 41h                  ; 1Eh
seg000:31E9                 db 53h                  ; 1Fh
seg000:31EA                 db 44h                  ; 20h
seg000:31EB                 db 46h                  ; 21h
seg000:31EC                 db 47h                  ; 22h
seg000:31ED                 db 48h                  ; 23h
seg000:31EE                 db 4Ah                  ; 24h
seg000:31EF                 db 4Bh                  ; 25h
seg000:31F0                 db 4Ch                  ; 26h
seg000:31F1                 db 3Ah                  ; 27h
seg000:31F2                 db 22h                  ; 28h
seg000:31F3                 db 7Eh                  ; 29h
seg000:31F4                 db 0FFh                 ; 2Ah
seg000:31F5                 db 7Ch                  ; 2Bh
seg000:31F6                 db 5Ah                  ; 2Ch
seg000:31F7                 db 58h                  ; 2Dh
seg000:31F8                 db 43h                  ; 2Eh
seg000:31F9                 db 56h                  ; 2Fh
seg000:31FA                 db 42h                  ; 30h
seg000:31FB                 db 4Eh                  ; 31h
seg000:31FC                 db 4Dh                  ; 32h
seg000:31FD                 db 3Ch                  ; 33h
seg000:31FE                 db 3Eh                  ; 34h
seg000:31FF                 db 3Fh                  ; 35h
seg000:3200                 db 0FFh                 ; 36h
seg000:3201                 db 2Ah                  ; 37h
seg000:3202                 db 0FFh                 ; 38h
seg000:3203                 db 20h                  ; 39h
seg000:3204                 db 0FFh                 ; 3Ah
seg000:3205                 db 54h                  ; 3Bh
seg000:3206                 db 55h                  ; 3Ch
seg000:3207                 db 56h                  ; 3Dh
seg000:3208                 db 57h                  ; 3Eh
seg000:3209                 db 58h                  ; 3Fh
seg000:320A                 db 59h                  ; 40h
seg000:320B                 db 5Ah                  ; 41h
seg000:320C                 db 5Bh                  ; 42h
seg000:320D                 db 5Ch                  ; 43h
seg000:320E                 db 5Dh                  ; 44h
seg000:320F                 db 0FFh                 ; 45h
seg000:3210                 db 0FFh                 ; 46h
seg000:3211                 db 37h                  ; 47h
seg000:3212                 db 38h                  ; 48h
seg000:3213                 db 39h                  ; 49h
seg000:3214                 db 2Dh                  ; 4Ah
seg000:3215                 db 34h                  ; 4Bh
seg000:3216                 db 35h                  ; 4Ch
seg000:3217                 db 36h                  ; 4Dh
seg000:3218                 db 2Bh                  ; 4Eh
seg000:3219                 db 31h                  ; 4Fh
seg000:321A                 db 32h                  ; 50h
seg000:321B                 db 33h                  ; 51h
seg000:321C                 db 30h                  ; 52h
seg000:321D                 db 2Eh                  ; 53h
seg000:321E                 db 0FFh                 ; 54h
seg000:321F                 db 0FFh                 ; 55h
seg000:3220                 db 7Ch                  ; 56h
seg000:3221                 db 87h                  ; 57h
seg000:3222 keyb_some_LUT2  db 88h                  ; 0 ; DATA XREF: sub_F02EA1:loc_F02F06↑o
seg000:3223                 db 1                    ; 1
seg000:3224                 db 78h                  ; 2
seg000:3225                 db 79h                  ; 3
seg000:3226                 db 7Ah                  ; 4
seg000:3227                 db 7Bh                  ; 5
seg000:3228                 db 7Ch                  ; 6
seg000:3229                 db 7Dh                  ; 7
seg000:322A                 db 7Eh                  ; 8
seg000:322B                 db 7Fh                  ; 9
seg000:322C                 db 80h                  ; 0Ah
seg000:322D                 db 81h                  ; 0Bh
seg000:322E                 db 82h                  ; 0Ch
seg000:322F                 db 83h                  ; 0Dh
seg000:3230                 db 0Eh                  ; 0Eh
seg000:3231                 db 0A5h                 ; 0Fh
seg000:3232                 db 10h                  ; 10h
seg000:3233                 db 11h                  ; 11h
seg000:3234                 db 12h                  ; 12h
seg000:3235                 db 13h                  ; 13h
seg000:3236                 db 14h                  ; 14h
seg000:3237                 db 15h                  ; 15h
seg000:3238                 db 16h                  ; 16h
seg000:3239                 db 17h                  ; 17h
seg000:323A                 db 18h                  ; 18h
seg000:323B                 db 19h                  ; 19h
seg000:323C                 db 1Ah                  ; 1Ah
seg000:323D                 db 1Bh                  ; 1Bh
seg000:323E                 db 1Ch                  ; 1Ch
seg000:323F                 db 0FFh                 ; 1Dh
seg000:3240                 db 1Eh                  ; 1Eh
seg000:3241                 db 1Fh                  ; 1Fh
seg000:3242                 db 20h                  ; 20h
seg000:3243                 db 21h                  ; 21h
seg000:3244                 db 22h                  ; 22h
seg000:3245                 db 23h                  ; 23h
seg000:3246                 db 24h                  ; 24h
seg000:3247                 db 25h                  ; 25h
seg000:3248                 db 26h                  ; 26h
seg000:3249                 db 27h                  ; 27h
seg000:324A                 db 28h                  ; 28h
seg000:324B                 db 29h                  ; 29h
seg000:324C                 db 0FFh                 ; 2Ah
seg000:324D                 db 2Bh                  ; 2Bh
seg000:324E                 db 2Ch                  ; 2Ch
seg000:324F                 db 2Dh                  ; 2Dh
seg000:3250                 db 2Eh                  ; 2Eh
seg000:3251                 db 2Fh                  ; 2Fh
seg000:3252                 db 30h                  ; 30h
seg000:3253                 db 31h                  ; 31h
seg000:3254                 db 32h                  ; 32h
seg000:3255                 db 33h                  ; 33h
seg000:3256                 db 34h                  ; 34h
seg000:3257                 db 35h                  ; 35h
seg000:3258                 db 0FFh                 ; 36h
seg000:3259                 db 37h                  ; 37h
seg000:325A                 db 0FFh                 ; 38h
seg000:325B                 db 39h                  ; 39h
seg000:325C                 db 0FFh                 ; 3Ah
seg000:325D                 db 68h                  ; 3Bh
seg000:325E                 db 69h                  ; 3Ch
seg000:325F                 db 6Ah                  ; 3Dh
seg000:3260                 db 6Bh                  ; 3Eh
seg000:3261                 db 6Ch                  ; 3Fh
seg000:3262                 db 6Dh                  ; 40h
seg000:3263                 db 6Eh                  ; 41h
seg000:3264                 db 6Fh                  ; 42h
seg000:3265                 db 70h                  ; 43h
seg000:3266                 db 71h                  ; 44h
seg000:3267                 db 0FFh                 ; 45h
seg000:3268                 db 0FFh                 ; 46h
seg000:3269                 db 0FFh                 ; 47h
seg000:326A                 db 0FFh                 ; 48h
seg000:326B                 db 0FFh                 ; 49h
seg000:326C                 db 4Ah                  ; 4Ah
seg000:326D                 db 0FFh                 ; 4Bh
seg000:326E                 db 0FFh                 ; 4Ch
seg000:326F                 db 0FFh                 ; 4Dh
seg000:3270                 db 4Eh                  ; 4Eh
seg000:3271                 db 0FFh                 ; 4Fh
seg000:3272                 db 0FFh                 ; 50h
seg000:3273                 db 0FFh                 ; 51h
seg000:3274                 db 0FFh                 ; 52h
seg000:3275                 db 0FFh                 ; 53h
seg000:3276                 db 0FFh                 ; 54h
seg000:3277                 db 0FFh                 ; 55h
seg000:3278                 db 0FFh                 ; 56h
seg000:3279                 db 8Bh                  ; 57h
seg000:327A keyb_some_LUT3  db 8Ch                  ; 0 ; DATA XREF: sub_F02EA1:loc_F02ED2↑o
seg000:327B                 db 1Bh                  ; 1
seg000:327C                 db 0FFh                 ; 2
seg000:327D                 db 0                    ; 3
seg000:327E                 db 0FFh                 ; 4
seg000:327F                 db 0FFh                 ; 5
seg000:3280                 db 0FFh                 ; 6
seg000:3281                 db 1Eh                  ; 7
seg000:3282                 db 0FFh                 ; 8
seg000:3283                 db 0FFh                 ; 9
seg000:3284                 db 0FFh                 ; 0Ah
seg000:3285                 db 0FFh                 ; 0Bh
seg000:3286                 db 1Fh                  ; 0Ch
seg000:3287                 db 0FFh                 ; 0Dh
seg000:3288                 db 7Fh                  ; 0Eh
seg000:3289                 db 94h                  ; 0Fh
seg000:328A                 db 11h                  ; 10h
seg000:328B                 db 17h                  ; 11h
seg000:328C                 db 5                    ; 12h
seg000:328D                 db 12h                  ; 13h
seg000:328E                 db 14h                  ; 14h
seg000:328F                 db 19h                  ; 15h
seg000:3290                 db 15h                  ; 16h
seg000:3291                 db 9                    ; 17h
seg000:3292                 db 0Fh                  ; 18h
seg000:3293                 db 10h                  ; 19h
seg000:3294                 db 1Bh                  ; 1Ah
seg000:3295                 db 1Dh                  ; 1Bh
seg000:3296                 db 0Ah                  ; 1Ch
seg000:3297                 db 0FFh                 ; 1Dh
seg000:3298                 db 1                    ; 1Eh
seg000:3299                 db 13h                  ; 1Fh
seg000:329A                 db 4                    ; 20h
seg000:329B                 db 6                    ; 21h
seg000:329C                 db 7                    ; 22h
seg000:329D                 db 8                    ; 23h
seg000:329E                 db 0Ah                  ; 24h
seg000:329F                 db 0Bh                  ; 25h
seg000:32A0                 db 0Ch                  ; 26h
seg000:32A1                 db 0FFh                 ; 27h
seg000:32A2                 db 0FFh                 ; 28h
seg000:32A3                 db 0FFh                 ; 29h
seg000:32A4                 db 0FFh                 ; 2Ah
seg000:32A5                 db 1Ch                  ; 2Bh
seg000:32A6                 db 1Ah                  ; 2Ch
seg000:32A7                 db 18h                  ; 2Dh
seg000:32A8                 db 3                    ; 2Eh
seg000:32A9                 db 16h                  ; 2Fh
seg000:32AA                 db 2                    ; 30h
seg000:32AB                 db 0Eh                  ; 31h
seg000:32AC                 db 0Dh                  ; 32h
seg000:32AD                 db 0FFh                 ; 33h
seg000:32AE                 db 0FFh                 ; 34h
seg000:32AF                 db 0FFh                 ; 35h
seg000:32B0                 db 0FFh                 ; 36h
seg000:32B1                 db 96h                  ; 37h
seg000:32B2                 db 0FFh                 ; 38h
seg000:32B3                 db 39h                  ; 39h
seg000:32B4                 db 0FFh                 ; 3Ah
seg000:32B5                 db 5Eh                  ; 3Bh
seg000:32B6                 db 5Fh                  ; 3Ch
seg000:32B7                 db 60h                  ; 3Dh
seg000:32B8                 db 61h                  ; 3Eh
seg000:32B9                 db 62h                  ; 3Fh
seg000:32BA                 db 63h                  ; 40h
seg000:32BB                 db 64h                  ; 41h
seg000:32BC                 db 65h                  ; 42h
seg000:32BD                 db 66h                  ; 43h
seg000:32BE                 db 67h                  ; 44h
seg000:32BF                 db 0FFh                 ; 45h
seg000:32C0                 db 0FFh                 ; 46h
seg000:32C1                 db 77h                  ; 47h
seg000:32C2                 db 8Dh                  ; 48h
seg000:32C3                 db 84h                  ; 49h
seg000:32C4                 db 8Eh                  ; 4Ah
seg000:32C5                 db 73h                  ; 4Bh
seg000:32C6                 db 8Fh                  ; 4Ch
seg000:32C7                 db 74h                  ; 4Dh
seg000:32C8                 db 90h                  ; 4Eh
seg000:32C9                 db 75h                  ; 4Fh
seg000:32CA                 db 91h                  ; 50h
seg000:32CB                 db 76h                  ; 51h
seg000:32CC                 db 92h                  ; 52h
seg000:32CD                 db 93h                  ; 53h
seg000:32CE                 db 0FFh                 ; 54h
seg000:32CF                 db 0FFh                 ; 55h
seg000:32D0                 db 0FFh                 ; 56h
seg000:32D1                 db 89h                  ; 57h
seg000:32D2                 db  8Ah
seg000:32D3 ScanCode_w0?    dw 10h                  ; DATA XREF: sub_F02D97+F↑o
seg000:32D5                 db 1Ch, 0E0h            ; 0
seg000:32D7                 db 1Dh, 0FFh            ; 2
seg000:32D9                 db 35h, 0E0h            ; 4
seg000:32DB                 db 37h, 0FFh            ; 6
seg000:32DD                 db 38h, 0FFh            ; 8
seg000:32DF                 db 47h, 47h             ; 0Ah
seg000:32E1                 db 48h, 48h             ; 0Ch
seg000:32E3                 db 49h, 49h             ; 0Eh
seg000:32E5                 db 4Bh, 4Bh             ; 10h
seg000:32E7                 db 4Dh, 4Dh             ; 12h
seg000:32E9                 db 4Fh, 4Fh             ; 14h
seg000:32EB                 db 50h, 50h             ; 16h
seg000:32ED                 db 51h, 51h             ; 18h
seg000:32EF                 db 52h, 52h             ; 1Ah
seg000:32F1                 db 53h, 53h             ; 1Ch
seg000:32F3                 db 45h, 0FFh            ; 1Eh
seg000:32F5                 db 0FFh                 ; 20h
seg000:32F6 off_F032F6      dw offset off_F032F6    ; DATA XREF: seg000:off_F032F6↓o
seg000:32F8 ScanCode_wAlt   dw 11h                  ; DATA XREF: sub_F02EA1+56↑o
seg000:32FA                 db 1Ch, 0A6h            ; 0
seg000:32FC                 db 1Dh, 0FFh            ; 2
seg000:32FE                 db 35h, 0A4h            ; 4
seg000:3300                 db 37h, 0FFh            ; 6
seg000:3302                 db 38h, 0FFh            ; 8
seg000:3304                 db 47h, 97h             ; 0Ah
seg000:3306                 db 48h, 98h             ; 0Ch
seg000:3308                 db 49h, 99h             ; 0Eh
seg000:330A                 db 4Bh, 9Bh             ; 10h
seg000:330C                 db 4Dh, 9Dh             ; 12h
seg000:330E                 db 4Fh, 9Fh             ; 14h
seg000:3310                 db 50h, 0A0h            ; 16h
seg000:3312                 db 51h, 0A1h            ; 18h
seg000:3314                 db 52h, 0A2h            ; 1Ah
seg000:3316                 db 53h, 0A3h            ; 1Ch
seg000:3318                 db 45h, 0FFh            ; 1Eh
seg000:331A                 db 46h, 0FFh            ; 20h
seg000:331C                 db 0FFh
seg000:331D off_F0331D      dw offset off_F0331D    ; DATA XREF: seg000:off_F0331D↓o
seg000:331F ScanCode_with_E0_E1 dw 10h              ; DATA XREF: sub_F02EA1+C↑o
seg000:3321                 db 1Ch, 0E0h            ; 0
seg000:3323                 db 1Dh, 0FFh            ; 2
seg000:3325                 db 35h, 95h             ; 4
seg000:3327                 db 37h, 72h             ; 6
seg000:3329                 db 38h, 0FFh            ; 8
seg000:332B                 db 47h, 77h             ; 0Ah
seg000:332D                 db 48h, 8Dh             ; 0Ch
seg000:332F                 db 49h, 84h             ; 0Eh
seg000:3331                 db 4Bh, 73h             ; 10h
seg000:3333                 db 4Dh, 74h             ; 12h
seg000:3335                 db 4Fh, 75h             ; 14h
seg000:3337                 db 50h, 91h             ; 16h
seg000:3339                 db 51h, 76h             ; 18h
seg000:333B                 db 52h, 92h             ; 1Ah
seg000:333D                 db 53h, 93h             ; 1Ch
seg000:333F                 db 45h, 0FFh            ; 1Eh
seg000:3341                 db 0FFh                 ; 20h
seg000:3342 off_F03342      dw offset off_F03342    ; DATA XREF: seg000:off_F03342↓o
seg000:3344 ScanCode_w2?    dw 16                   ; DATA XREF: sub_F02EA1+76↑o
seg000:3346                 db scancode_Esc         ; 0 ; MASK
seg000:3347                 db scancode_BackSpace   ; 1
seg000:3348                 db scancode_Opening_Bracket; 2
seg000:3349                 db scancode_Closing_Bracket; 3
seg000:334A                 db scancode_Enter_Keypad_Enter_E0_1C; 4
seg000:334B                 db scancode_Semicolon   ; 5
seg000:334C                 db scancode_Apostrophe  ; 6
seg000:334D                 db scancode_Grave_accent; 7
seg000:334E                 db scancode_BackSlash   ; 8
seg000:334F                 db scancode_Comma       ; 9
seg000:3350                 db scancode_Period      ; 0Ah
seg000:3351                 db scancode_Slash       ; 0Bh
seg000:3352                 db scancode_Keypad_Asterisk_PrtSc; 0Ch
seg000:3353                 db scancode_Keypad_Minus; 0Dh
seg000:3354                 db scancode_Keypad_Plus ; 0Eh
seg000:3355                 db scancode_key_MASK or scancode_Break_MASK; 0Fh
seg000:3356 off_F03356      dw offset off_F03356    ; DATA XREF: seg000:off_F03356↓o
seg000:3358                 db  6Fh ; o
seg000:3359                 db    0
seg000:335A
seg000:335A ; =============== S U B R O U T I N E =======================================
seg000:335A
seg000:335A
seg000:335A Keyboard_buffer_full_error proc near    ; CODE XREF: j_Keyboard_buffer_full_error↑j write_scancode_to_Keyboard_buffer_and_finish_int_09h_IRQ1+1E↑p
seg000:335A                 push    si
seg000:335B                 mov     si, offset Keyboard_buffer_full_bytecode
seg000:335E                 jmp     short execute_bytecode
seg000:3360 ; ---------------------------------------------------------------------------
seg000:3360
seg000:3360 ring_BELL:                              ; CODE XREF: handle_control_char+39↓j
seg000:3360                 push    si
seg000:3361                 mov     si, offset ring_BELL_bytecode
seg000:3364
seg000:3364 execute_bytecode:                       ; CODE XREF: Keyboard_buffer_full_error+4↑j
seg000:3364                 push    ds
seg000:3365                 mov     ds, cs:BDA_Segment
seg000:336A                 assume ds:nothing
seg000:336A                 push    ax
seg000:336B                 mov     al, ds:BDA_C5h_Sanyo_Video_Flags
seg000:336E                 or      byte ptr ds:BDA_C5h_Sanyo_Video_Flags, 00000100b
seg000:3373                 and     al, 00000100b
seg000:3375                 jnz     short end
seg000:3377                 push    dx
seg000:3378                 call    Sanyo_bytecode_interpreter
seg000:337B                 pop     dx
seg000:337C                 and     byte ptr ds:BDA_C5h_Sanyo_Video_Flags, not 00000100b
seg000:3381
seg000:3381 end:                                    ; CODE XREF: Keyboard_buffer_full_error+1B↑j
seg000:3381                 pop     ax
seg000:3382                 pop     ds
seg000:3383                 assume ds:seg000
seg000:3383                 pop     si
seg000:3384                 retn
seg000:3384 ; ---------------------------------------------------------------------------
seg000:3385 ring_BELL_bytecode:                     ; DATA XREF: Keyboard_buffer_full_error+7↑o
seg000:3385                 db 1Eh                  ; 0
seg000:3386                 db 0B7h                 ; 1
seg000:3387                 db 43h                  ; 2
seg000:3388                 db 0                    ; 3
seg000:3389                 db 50h                  ; 4
seg000:338A                 db 93h                  ; 5
seg000:338B                 db 11h                  ; 6
seg000:338C                 db 32h                  ; 7
seg000:338D                 db 0FFh                 ; 8
seg000:338E                 db 14h                  ; 9
seg000:338F                 db 61h                  ; 0Ah
seg000:3390                 db 0                    ; 0Bh
seg000:3391                 db 58h                  ; 0Ch
seg000:3392                 db 3                    ; 0Dh
seg000:3393                 db 28h                  ; 0Eh
seg000:3394                 db 5Ch                  ; 0Fh
seg000:3395                 db 0F4h                 ; 10h
seg000:3396                 db 1                    ; 11h
seg000:3397                 db 42h                  ; 12h
seg000:3398                 db 28h                  ; 13h
seg000:3399                 db 36h                  ; 14h
seg000:339A Keyboard_buffer_full_bytecode:          ; DATA XREF: Keyboard_buffer_full_error+1↑o
seg000:339A                 db 1Eh                  ; 0
seg000:339B                 db 0B7h                 ; 1
seg000:339C                 db 43h                  ; 2
seg000:339D                 db 0                    ; 3
seg000:339E                 db 50h                  ; 4
seg000:339F                 db 95h                  ; 5
seg000:33A0                 db 7                    ; 6
seg000:33A1                 db 32h                  ; 7
seg000:33A2                 db 0FFh                 ; 8
seg000:33A3                 db 14h                  ; 9
seg000:33A4                 db 61h                  ; 0Ah
seg000:33A5                 db 0                    ; 0Bh
seg000:33A6                 db 58h                  ; 0Ch
seg000:33A7                 db 3                    ; 0Dh
seg000:33A8                 db 28h                  ; 0Eh
seg000:33A9                 db 5Ch                  ; 0Fh
seg000:33AA                 db 1Eh                  ; 10h
seg000:33AB                 db 0                    ; 11h
seg000:33AC                 db 42h                  ; 12h
seg000:33AD                 db 28h                  ; 13h
seg000:33AE                 db 36h                  ; 14h
seg000:33AE Keyboard_buffer_full_error endp
seg000:33AE
seg000:33AF
seg000:33AF ; =============== S U B R O U T I N E =======================================
seg000:33AF
seg000:33AF
seg000:33AF sub_F033AF      proc near               ; CODE XREF: Sanyo_bytecode_interpreter+13↓p
seg000:33AF                                         ; DATA XREF: seg000:Sanyo_internals↓o
seg000:33AF                 not     al
seg000:33B1                 or      al, [si]
seg000:33B3                 not     al
seg000:33B5                 inc     si
seg000:33B6                 retn
seg000:33B6 sub_F033AF      endp
seg000:33B6
seg000:33B6 ; ---------------------------------------------------------------------------
seg000:33B7                 align 2
seg000:33B8
seg000:33B8 ; =============== S U B R O U T I N E =======================================
seg000:33B8
seg000:33B8
seg000:33B8 CPU_detect_speed_and_timing proc near   ; CODE XREF: sub_F0043B+5↑p sub_F0043B+B2↑p
seg000:33B8                 call    something_ticks_since_midnight
seg000:33BB                 pushf
seg000:33BC                 cli
seg000:33BD                 in      al, IO_Port_63h_Sanyo_waitstates
seg000:33BF                 push    ax
seg000:33C0                 mov     al, IO_Port_63h_Sanyo_1_waitstate or 11111110b
seg000:33C2                 out     IO_Port_63h_Sanyo_waitstates, al
seg000:33C4                 call    CPU_speed_calculation
seg000:33C7                 push    ds
seg000:33C8                 mov     ds, cs:BDA_Segment
seg000:33CD                 assume ds:nothing
seg000:33CD                 mov     ds:BDA_D3h_Sanyo_CPU_speed_score_1ws, ax
seg000:33D0                 pop     ds
seg000:33D1                 assume ds:seg000
seg000:33D1                 mov     al, IO_Port_63h_Sanyo_0_waitstates or 11111110b
seg000:33D3                 out     IO_Port_63h_Sanyo_waitstates, al
seg000:33D5                 call    CPU_speed_calculation
seg000:33D8                 push    ds
seg000:33D9                 mov     ds, cs:BDA_Segment
seg000:33DE                 assume ds:nothing
seg000:33DE                 mov     ds:BDA_D1h_Sanyo_CPU_speed_score_0ws, ax
seg000:33E1                 pop     ds
seg000:33E2                 assume ds:seg000
seg000:33E2                 push    si
seg000:33E3                 mov     si, offset CPU_speed_score_thresholds
seg000:33E6
seg000:33E6 compare_loop:                           ; CODE XREF: CPU_detect_speed_and_timing+35↓j
seg000:33E6                 cmp     ax, cs:[si]
seg000:33E9                 jbe     short match
seg000:33EB                 inc     si
seg000:33EC                 inc     si
seg000:33ED                 jmp     short compare_loop
seg000:33EF ; ---------------------------------------------------------------------------
seg000:33EF
seg000:33EF match:                                  ; CODE XREF: CPU_detect_speed_and_timing+31↑j
seg000:33EF                 sub     si, (offset CPU_speed_score_thresholds-6)
seg000:33F3                 mov     ax, si
seg000:33F5                 push    ds
seg000:33F6                 mov     ds, cs:BDA_Segment
seg000:33FB                 assume ds:nothing
seg000:33FB                 mov     ds:BDA_D5h_Sanyo_CPU_speed_index_waitstate, al
seg000:33FE                 pop     ds
seg000:33FF                 assume ds:seg000
seg000:33FF                 pop     si
seg000:3400                 pop     ax
seg000:3401                 out     IO_Port_63h_Sanyo_waitstates, al
seg000:3403                 popf
seg000:3404                 push    ax
seg000:3405                 pop     ax
seg000:3406
seg000:3406 CPU_speed_score:                        ; CODE XREF: delay_cx_CPU_tuned+3↓p probe_IO_fixed_time+3↓p
seg000:3406                 in      al, IO_Port_63h_Sanyo_waitstates
seg000:3408                 push    ds
seg000:3409                 mov     ds, cs:BDA_Segment
seg000:340E                 assume ds:nothing
seg000:340E                 mov     ah, ds:BDA_D5h_Sanyo_CPU_speed_index_waitstate
seg000:3412                 and     ax, 0E01h
seg000:3415                 or      al, ah
seg000:3417                 cbw
seg000:3418                 push    bx
seg000:3419                 xchg    ax, bx
seg000:341A                 mov     al, cs:(CPU_tuned_delay_constants_about_25_40us-6)[bx]
seg000:341F                 mov     ds:BDA_C4h_Sanyo_CPU_tuned_delay_constant_25_40us, al
seg000:3422                 xchg    ax, bx
seg000:3423                 pop     bx
seg000:3424                 xor     al, IO_Port_63h_Sanyo_1_waitstate
seg000:3426                 mov     ds:BDA_D5h_Sanyo_CPU_speed_index_waitstate, al
seg000:3429                 test    al, IO_Port_63h_Sanyo_1_waitstate
seg000:342B                 mov     ax, ds:BDA_D1h_Sanyo_CPU_speed_score_0ws
seg000:342E                 jnz     short check_if_clamping_needed
seg000:3430                 mov     ax, ds:BDA_D3h_Sanyo_CPU_speed_score_1ws
seg000:3433
seg000:3433 check_if_clamping_needed:               ; CODE XREF: CPU_detect_speed_and_timing+76↑j
seg000:3433                 pop     ds
seg000:3434                 assume ds:seg000
seg000:3434                 or      ax, ax
seg000:3436                 jz      short clamp_max_CPU_speed_score
seg000:3438                 cmp     ax, 1024
seg000:343B                 jnb     short clamp_max_CPU_speed_score
seg000:343D                 retn
seg000:343E ; ---------------------------------------------------------------------------
seg000:343E
seg000:343E clamp_max_CPU_speed_score:              ; CODE XREF: CPU_detect_speed_and_timing+7E↑j CPU_detect_speed_and_timing+83↑j
seg000:343E                 mov     ax, 1024
seg000:3441                 retn
seg000:3441 ; ---------------------------------------------------------------------------
seg000:3442 CPU_speed_score_thresholds:             ; DATA XREF: CPU_detect_speed_and_timing+2B↑o CPU_detect_speed_and_timing:match↑o
seg000:3442                 dw 525                  ; 0
seg000:3444                 dw 700                  ; 1
seg000:3446                 dw 875                  ; 2
seg000:3448                 dw 65535                ; 3
seg000:3448 CPU_detect_speed_and_timing endp
seg000:3448
seg000:344A
seg000:344A ; =============== S U B R O U T I N E =======================================
seg000:344A
seg000:344A
seg000:344A sub_F0344A      proc far                ; CODE XREF: sub_F06060↓J
seg000:344A                 call    delay_cx_CPU_tuned
seg000:344D                 retf
seg000:344D sub_F0344A      endp
seg000:344D
seg000:344E
seg000:344E ; =============== S U B R O U T I N E =======================================
seg000:344E
seg000:344E
seg000:344E delay_cx_CPU_tuned proc near            ; CODE XREF: sub_F0043B+23C↑p sub_F0344A↑p ...
seg000:344E                 push    ax
seg000:344F                 push    cx
seg000:3450                 push    dx
seg000:3451                 call    CPU_speed_score
seg000:3454                 xchg    ax, cx
seg000:3455                 dec     cx
seg000:3456                 mov     dx, cx
seg000:3458                 or      ax, ax
seg000:345A                 jz      short end
seg000:345C                 sub     cx, 15
seg000:345F                 nop
seg000:3460
seg000:3460 delay_loop:                             ; CODE XREF: delay_cx_CPU_tuned:delay_loop↓j delay_cx_CPU_tuned+17↓j
seg000:3460                 loop    delay_loop
seg000:3462                 mov     cx, dx
seg000:3464                 dec     ax
seg000:3465                 jnz     short delay_loop
seg000:3467
seg000:3467 end:                                    ; CODE XREF: delay_cx_CPU_tuned+C↑j
seg000:3467                 pop     dx
seg000:3468                 pop     cx
seg000:3469                 pop     ax
seg000:346A                 retn
seg000:346A delay_cx_CPU_tuned endp
seg000:346A
seg000:346B
seg000:346B ; =============== S U B R O U T I N E =======================================
seg000:346B
seg000:346B ; out:
seg000:346B ;  ax 4,886,528 / number of PIT ticks to perform 4096 loops. Should be somewhere in 400-1000 range, higher number signifies faster CPU.
seg000:346B
seg000:346B CPU_speed_calculation proc near         ; CODE XREF: CPU_detect_speed_and_timing+C↑p CPU_detect_speed_and_timing+1D↑p
seg000:346B                 push    bx
seg000:346C                 xor     bx, bx
seg000:346E                 mov     cx, 20
seg000:3471
seg000:3471 measure_loop:                           ; CODE XREF: CPU_speed_calculation+35↓j
seg000:3471                 push    cx
seg000:3472                 mov     al, IO_Port_43h_PIT_STYLE_Binary or IO_Port_43h_PIT_MODE_3_Square or IO_Port_43h_PIT_ACCESS_BOTH or IO_Port_43h_PIT_SELECT_Counter2 ; Binary counter 16 bits
seg000:3474                 out     IO_Port_43h_PIT_Control_Word, al
seg000:3476                 mov     al, 0
seg000:3478                 push    ax
seg000:3479                 out     IO_Port_42h_PIT_Counter2, al
seg000:347B                 pop     ax
seg000:347C                 mov     cx, 4096
seg000:347F                 out     IO_Port_42h_PIT_Counter2, al
seg000:3481                 in      al, IO_Port_61h_Parity
seg000:3483                 or      al, IO_Port_61h_Tmr2gate_OR_spkr_ON
seg000:3485                 cli
seg000:3486                 out     IO_Port_61h_Parity, al
seg000:3488
seg000:3488 delay_loop_50_100us_executed_from_rom:  ; CODE XREF: CPU_speed_calculation:delay_loop_50_100us_executed_from_rom↓j
seg000:3488                 loop    delay_loop_50_100us_executed_from_rom
seg000:348A                 mov     al, IO_Port_43h_PIT_STYLE_Binary or IO_Port_43h_PIT_MODE_0_Interrupt or IO_Port_43h_PIT_ACCESS_LATCH or IO_Port_43h_PIT_SELECT_Counter2 ; Binary counter 16 bits
seg000:348C                 out     IO_Port_43h_PIT_Control_Word, al
seg000:348E                 sti
seg000:348F                 push    cx
seg000:3490                 in      al, IO_Port_42h_PIT_Counter2
seg000:3492                 pop     cx
seg000:3493                 mov     cl, al
seg000:3495                 in      al, IO_Port_42h_PIT_Counter2
seg000:3497                 mov     ch, al
seg000:3499                 cmp     bx, cx
seg000:349B                 jnb     short update_max_count
seg000:349D                 mov     bx, cx
seg000:349F
seg000:349F update_max_count:                       ; CODE XREF: CPU_speed_calculation+30↑j
seg000:349F                 pop     cx
seg000:34A0                 loop    measure_loop
seg000:34A2                 mov     cx, bx
seg000:34A4                 neg     cx
seg000:34A6                 shr     cx, 1
seg000:34A8                 mov     dx, 4Ah
seg000:34AB
seg000:34AB end:
seg000:34AB                 mov     ax, 9000h
seg000:34AE                 div     cx
seg000:34B0                 pop     bx
seg000:34B1                 retn
seg000:34B1 CPU_speed_calculation endp
seg000:34B1
seg000:34B1 ; ---------------------------------------------------------------------------
seg000:34B2 CPU_tuned_delay_constants_about_25_40us db 19                   ; 0 ; DATA XREF: CPU_detect_speed_and_timing+62↑r CPU_speed_to_C4+13↓r
seg000:34B3                 db 21                   ; 1 ; 6MHz 1ws
seg000:34B4                 db 28                   ; 2 ; 8MHz 0ws
seg000:34B5                 db 32                   ; 3 ; 8MHz 1ws
seg000:34B6                 db 42                   ; 4 ; 10MHz 0ws
seg000:34B7                 db 47                   ; 5 ; 10MHz 1ws
seg000:34B8                 db 52                   ; 6 ; 12,5MHz 0ws
seg000:34B9                 db 61                   ; 7 ; 12,5MHz 1ws
seg000:34B9                                         ; This table is BUGGED, gives higher delays for slower 1ws configs
seg000:34BA                 dw 0
seg000:34BC
seg000:34BC ; =============== S U B R O U T I N E =======================================
seg000:34BC
seg000:34BC
seg000:34BC PARITY_ERROR    proc far                ; CODE XREF: j_PARITY_ERROR↓J
seg000:34BC                 push    ax
seg000:34BD                 in      al, IO_Port_61h_Parity
seg000:34BF                 and     al, IO_Port_61h_IO_CH_CHK_Error or IO_Port_61h_Parity_CHK_Error
seg000:34C1                 jz      short end
seg000:34C3                 in      al, IO_Port_61h_Parity
seg000:34C5                 or      al, IO_Port_61h_IO_CH_CHK_Error or IO_Port_61h_Parity_CHK_Error
seg000:34C7                 out     IO_Port_61h_Parity, al
seg000:34C9                 mov     si, offset aParityError ; "\r\n\nPARITY ERROR!!!"
seg000:34CC                 mov     al, not (IO_Port_21h_PIC1_I_IRQ0_TIMER or IO_Port_21h_PIC1_I_IRQ1_KEYBOARD)
seg000:34CE                 out     IO_Port_21h_PIC1_Interrupt_Mask, al
seg000:34D0                 mov     ax, 30h
seg000:34D3                 mov     ss, ax
seg000:34D5                 assume ss:nothing
seg000:34D5                 mov     sp, 100h
seg000:34D8                 push    cs
seg000:34D9                 pop     ds
seg000:34DA                 assume ds:nothing
seg000:34DA                 call    print_at_top
seg000:34DD                 sti
seg000:34DE
seg000:34DE dead_loop:                              ; CODE XREF: PARITY_ERROR:dead_loop↓j
seg000:34DE                 jmp     short dead_loop
seg000:34E0 ; ---------------------------------------------------------------------------
seg000:34E0
seg000:34E0 end:                                    ; CODE XREF: PARITY_ERROR+5↑j
seg000:34E0                 pop     ax
seg000:34E1                 iret
seg000:34E1 ; ---------------------------------------------------------------------------
seg000:34E2 aParityError    db 0Dh,0Ah              ; DATA XREF: PARITY_ERROR+D↑o
seg000:34E4                 db 0Ah
seg000:34E5                 db 'PARITY ERROR!!!',0
seg000:34E5 PARITY_ERROR    endp
seg000:34E5
seg000:34F5
seg000:34F5 ; =============== S U B R O U T I N E =======================================
seg000:34F5
seg000:34F5
seg000:34F5 sub_F034F5      proc far                ; CODE XREF: seg000:6034↓j
seg000:34F5                 jmp     sub_F034FA
seg000:34F5 sub_F034F5      endp
seg000:34F5
seg000:34FA
seg000:34FA ; =============== S U B R O U T I N E =======================================
seg000:34FA
seg000:34FA
seg000:34FA sub_F034FA      proc far                ; CODE XREF: sub_F034F5↑J
seg000:34FA                 push    ax
seg000:34FB                 push    si
seg000:34FC                 mov     si, offset unknown_bytecode
seg000:34FF                 call    Sanyo_bytecode_interpreter
seg000:3502                 pop     si
seg000:3503                 pop     ax
seg000:3504                 int     2               ; - external hardware - NMI (NON-MASKABLE INTERRUPT)
seg000:3504                                         ; Generated by NMI signal in hardware.
seg000:3506                 iret
seg000:3506 ; ---------------------------------------------------------------------------
seg000:3507 unknown_bytecode:                       ; DATA XREF: sub_F034FA+2↑o
seg000:3507                 db 40h                  ; 0
seg000:3508                 db 0                    ; 1
seg000:3509                 db 2Ch                  ; 2
seg000:350A                 db 0F0h                 ; 3
seg000:350B                 db 0                    ; 4
seg000:350C                 db 40h                  ; 5
seg000:350D                 db 20h                  ; 6
seg000:350E                 db 2Ch                  ; 7
seg000:350F                 db 0A0h                 ; 8
seg000:3510                 db 0                    ; 9
seg000:3511                 db 40h                  ; 0Ah
seg000:3512                 db 20h                  ; 0Bh
seg000:3513                 db 2Ch                  ; 0Ch
seg000:3514                 db 20h                  ; 0Dh
seg000:3515                 db 0                    ; 0Eh
seg000:3516                 db 36h                  ; 0Fh
seg000:3516 sub_F034FA      endp
seg000:3516
seg000:3517
seg000:3517 ; =============== S U B R O U T I N E =======================================
seg000:3517
seg000:3517
seg000:3517 sub_F03517      proc far                ; CODE XREF: seg000:6000↓p seg000:6004↓p ...
seg000:3517                 jmp     irq_ack
seg000:3517 sub_F03517      endp
seg000:3517
seg000:351C
seg000:351C ; =============== S U B R O U T I N E =======================================
seg000:351C
seg000:351C
seg000:351C irq_ack         proc far                ; CODE XREF: sub_F03517↑J
seg000:351C                 push    ax
seg000:351D                 push    dx
seg000:351E                 push    bp
seg000:351F                 push    ds
seg000:3520                 mov     ds, cs:BDA_Segment
seg000:3525                 assume ds:nothing
seg000:3525                 mov     byte ptr ds:BDA_6Bh_last_irq, 0FFh
seg000:352A                 pop     ds
seg000:352B                 assume ds:seg000
seg000:352B                 mov     dx, IO_Port_20h_PIC1_Command
seg000:352E                 mov     al, IO_Port_PIC_Cmd_READ_ISR
seg000:3530                 out     dx, al
seg000:3531                 push    ax
seg000:3532                 pop     ax
seg000:3533                 in      al, dx          ; IO_Port_20h_PIC1_IRR_ISR
seg000:3534                 and     al, al
seg000:3536                 jz      short end
seg000:3538                 add     dx, 80h
seg000:353C                 mov     al, IO_Port_PIC_Cmd_READ_ISR
seg000:353E                 out     dx, al          ; IO_Port_A0h_PIC2_Command
seg000:353F                 push    ax
seg000:3540                 pop     ax
seg000:3541                 in      al, dx          ; IO_Port_A0h_PIC2_IRR_ISR
seg000:3542                 and     al, al
seg000:3544                 jz      short loc_F03555
seg000:3546                 mov     ah, al
seg000:3548                 inc     dx
seg000:3549                 in      al, dx          ; IO_Port_A1h_PIC2_Interrupt_Mask
seg000:354A                 push    ax
seg000:354B                 pop     ax
seg000:354C                 or      al, ah
seg000:354E                 out     dx, al          ; IO_Port_A1h_PIC2_Interrupt_Mask
seg000:354F                 dec     dx
seg000:3550                 mov     al, IO_Port_PIC_Cmd_NON_SPECIFIC_EOI
seg000:3552                 out     dx, al          ; IO_Port_A0h_PIC2_Command
seg000:3553                 push    ax
seg000:3554                 pop     ax
seg000:3555
seg000:3555 loc_F03555:                             ; CODE XREF: irq_ack+28↑j
seg000:3555                 mov     dx, IO_Port_20h_PIC1_Command
seg000:3558                 mov     al, IO_Port_PIC_Cmd_NON_SPECIFIC_EOI
seg000:355A                 out     dx, al
seg000:355B                 push    ds
seg000:355C                 mov     ds, cs:BDA_Segment
seg000:3561                 assume ds:nothing
seg000:3561                 mov     ds:BDA_6Bh_last_irq, ah
seg000:3565                 pop     ds
seg000:3566                 assume ds:seg000
seg000:3566
seg000:3566 end:                                    ; CODE XREF: irq_ack+1A↑j
seg000:3566                 pop     bp
seg000:3567                 pop     dx
seg000:3568                 pop     ax
seg000:3569                 inc     sp
seg000:356A                 inc     sp
seg000:356B                 iret
seg000:356B irq_ack         endp ; sp-analysis failed
seg000:356B
seg000:356C
seg000:356C ; =============== S U B R O U T I N E =======================================
seg000:356C
seg000:356C
seg000:356C int_16h_keyboard proc near              ; CODE XREF: j_int_16h_keyboard↓J
seg000:356C                 call    near ptr jump_trampoline
seg000:356C ; ---------------------------------------------------------------------------
seg000:356F                 db  13h
seg000:3570                 dw offset int16_0_wait_for_keystroke_read; 0
seg000:3572                 dw offset int16_1_get_keystroke_status; 1
seg000:3574                 dw offset int16_2_get_Shift_status; 2
seg000:3576                 dw offset int16_3_keyb_set_typematic_rate; 3
seg000:3578                 dw offset int16_unsupported; 4
seg000:357A                 dw offset int16_5_Keyboard_buffer_write; 5
seg000:357C                 dw offset int16_unsupported; 6
seg000:357E                 dw offset int16_unsupported; 7
seg000:3580                 dw offset int16_unsupported; 8
seg000:3582                 dw offset int16_unsupported; 9
seg000:3584                 dw offset int16_unsupported; 0Ah
seg000:3586                 dw offset int16_unsupported; 0Bh
seg000:3588                 dw offset int16_unsupported; 0Ch
seg000:358A                 dw offset int16_unsupported; 0Dh
seg000:358C                 dw offset int16_unsupported; 0Eh
seg000:358E                 dw offset int16_unsupported; 0Fh
seg000:3590                 dw offset int16_10_wait_for_keystroke_read; 10h
seg000:3592                 dw offset int16_11_get_keystroke_status; 11h
seg000:3594                 dw offset int16_12_get_extended_keyboard_status; 12h
seg000:3596                 dw offset int16_unsupported; 13h
seg000:3598 ; ---------------------------------------------------------------------------
seg000:3598                 retn
seg000:3598 int_16h_keyboard endp ; sp-analysis failed
seg000:3598
seg000:3599
seg000:3599 ; =============== S U B R O U T I N E =======================================
seg000:3599
seg000:3599
seg000:3599 int16_0_wait_for_keystroke_read proc near ; CODE XREF: int16_0_wait_for_keystroke_read+29↓j int16_0_wait_for_keystroke_read+2E↓j ...
seg000:3599                 call    Keyboard_buffer_bounds_check
seg000:359C                 jnz     short loc_F035A7
seg000:359E                 mov     ax, int15h_9002_keyboard_Device_Busy
seg000:35A1                 mov     bx, IVT_SYSTEM_SERVICES_off
seg000:35A4                 call    call_IVT_off_BX_with_AX
seg000:35A7
seg000:35A7 loc_F035A7:                             ; CODE XREF: int16_0_wait_for_keystroke_read+3↑j int16_0_wait_for_keystroke_read+14↓j
seg000:35A7                 call    Keyboard_LEDs_sync
seg000:35AA                 call    Keyboard_buffer_bounds_check
seg000:35AD                 jz      short loc_F035A7
seg000:35AF                 mov     ax, [si]
seg000:35B1                 call    Keyboard_buffer_rollover
seg000:35B4                 cmp     [bp+Sanyo_int_stack_frame.reg_ah], 10h
seg000:35B8                 jz      short loc_F035D0
seg000:35BA                 call    handle_E0_EXTENDED
seg000:35BD                 jnb     short loc_F035CC
seg000:35BF                 cmp     ah, 0A4h
seg000:35C2                 ja      short int16_0_wait_for_keystroke_read
seg000:35C4                 call    sub_F036AC
seg000:35C7                 jb      short int16_0_wait_for_keystroke_read
seg000:35C9                 call    sub_F036FB
seg000:35CC
seg000:35CC loc_F035CC:                             ; CODE XREF: int16_0_wait_for_keystroke_read+24↑j int16_0_wait_for_keystroke_read+3A↓j
seg000:35CC                 mov     word ptr [bp+Sanyo_int_stack_frame.reg_al], ax
seg000:35CF                 retn
seg000:35D0 ; ---------------------------------------------------------------------------
seg000:35D0
seg000:35D0 loc_F035D0:                             ; CODE XREF: int16_0_wait_for_keystroke_read+1F↑j
seg000:35D0                 call    sub_F0372D
seg000:35D3                 jmp     short loc_F035CC
seg000:35D3 int16_0_wait_for_keystroke_read endp
seg000:35D3
seg000:35D5
seg000:35D5 ; =============== S U B R O U T I N E =======================================
seg000:35D5
seg000:35D5
seg000:35D5 int16_1_get_keystroke_status proc near  ; CODE XREF: int16_1_get_keystroke_status+22↓j int16_11_get_keystroke_status↓j
seg000:35D5                                         ; DATA XREF: ...
seg000:35D5                 call    Keyboard_LEDs_sync
seg000:35D8                 call    Keyboard_buffer_bounds_check
seg000:35DB                 mov     ax, [si]
seg000:35DD                 jz      short loc_F03602
seg000:35DF                 cmp     [bp+Sanyo_int_stack_frame.reg_ah], 11h
seg000:35E3                 jz      short int16_11
seg000:35E5                 call    handle_E0_EXTENDED
seg000:35E8                 jnb     short loc_F035FC
seg000:35EA                 cmp     ah, 0A4h
seg000:35ED                 ja      short loc_F035F4
seg000:35EF                 call    sub_F036AC
seg000:35F2                 jnb     short int16_11
seg000:35F4
seg000:35F4 loc_F035F4:                             ; CODE XREF: int16_1_get_keystroke_status+18↑j
seg000:35F4                 call    Keyboard_buffer_rollover
seg000:35F7                 jmp     short int16_1_get_keystroke_status
seg000:35F9 ; ---------------------------------------------------------------------------
seg000:35F9
seg000:35F9 int16_11:                               ; CODE XREF: int16_1_get_keystroke_status+E↑j int16_1_get_keystroke_status+1D↑j
seg000:35F9                 call    sub_F036FB
seg000:35FC
seg000:35FC loc_F035FC:                             ; CODE XREF: int16_1_get_keystroke_status+13↑j
seg000:35FC                 and     byte ptr [bp+Sanyo_int_stack_frame.int_cs], 10111111b
seg000:3600                 jmp     short loc_F03606
seg000:3602 ; ---------------------------------------------------------------------------
seg000:3602
seg000:3602 loc_F03602:                             ; CODE XREF: int16_1_get_keystroke_status+8↑j
seg000:3602                 or      byte ptr [bp+Sanyo_int_stack_frame.int_cs], 01000000b
seg000:3606
seg000:3606 loc_F03606:                             ; CODE XREF: int16_1_get_keystroke_status+2B↑j
seg000:3606                 mov     word ptr [bp+Sanyo_int_stack_frame.reg_al], ax
seg000:3609                 or      byte ptr [bp+(Sanyo_int_stack_frame.int_cs+1)], 00000010b
seg000:360D                 retn
seg000:360D int16_1_get_keystroke_status endp
seg000:360D
seg000:360E                 assume ds:nothing
seg000:360E
seg000:360E ; =============== S U B R O U T I N E =======================================
seg000:360E
seg000:360E
seg000:360E int16_2_get_Shift_status proc near      ; DATA XREF: int_16h_keyboard+4↑o
seg000:360E                 mov     al, ds:BDA_17h_Keyboard_flags_1
seg000:3611                 mov     ah, 0
seg000:3613                 mov     word ptr [bp+Sanyo_int_stack_frame.reg_al], ax
seg000:3616                 retn
seg000:3616 int16_2_get_Shift_status endp
seg000:3616
seg000:3617
seg000:3617 ; =============== S U B R O U T I N E =======================================
seg000:3617
seg000:3617
seg000:3617 int16_unsupported proc near             ; DATA XREF: int_16h_keyboard+4↑o
seg000:3617                 sub     [bp+Sanyo_int_stack_frame.reg_ah], 12h
seg000:361B                 retn
seg000:361B int16_unsupported endp
seg000:361B
seg000:361C
seg000:361C ; =============== S U B R O U T I N E =======================================
seg000:361C
seg000:361C
seg000:361C Keyboard_buffer_rollover proc near      ; CODE XREF: int16_0_wait_for_keystroke_read+18↑p int16_1_get_keystroke_status:loc_F035F4↑p
seg000:361C                 add     si, 2
seg000:361F                 cmp     si, ds:BDA_82h_Keyboard_buffer_ending_address
seg000:3623                 jnz     short end
seg000:3625                 mov     si, ds:BDA_80h_Keyboard_buffer_starting_address
seg000:3629
seg000:3629 end:                                    ; CODE XREF: Keyboard_buffer_rollover+7↑j
seg000:3629                 mov     ds:BDA_1Ah_Keyboard_buffer_head_offset, si
seg000:362D                 retn
seg000:362D Keyboard_buffer_rollover endp
seg000:362D
seg000:362E
seg000:362E ; =============== S U B R O U T I N E =======================================
seg000:362E
seg000:362E
seg000:362E Keyboard_buffer_bounds_check proc near  ; CODE XREF: int16_0_wait_for_keystroke_read↑p int16_0_wait_for_keystroke_read+11↑p ...
seg000:362E                 mov     si, ds:BDA_1Ah_Keyboard_buffer_head_offset
seg000:3632                 cmp     si, ds:BDA_1Ch_Keyboard_buffer_tail_offset
seg000:3636                 retn
seg000:3636 Keyboard_buffer_bounds_check endp
seg000:3636
seg000:3637
seg000:3637 ; =============== S U B R O U T I N E =======================================
seg000:3637
seg000:3637
seg000:3637 int16_3_keyb_set_typematic_rate proc near ; DATA XREF: int_16h_keyboard+4↑o
seg000:3637                 cmp     [bp+Sanyo_int_stack_frame.reg_al], 5
seg000:363B                 jnz     short end
seg000:363D                 test    [bp+Sanyo_int_stack_frame.reg_bl], 11100000b
seg000:3641                 jnz     short end
seg000:3643                 mov     cl, 3
seg000:3645                 ror     bh, cl
seg000:3647                 test    bh, 10011111b
seg000:364A                 jnz     short end
seg000:364C                 or      bh, bl
seg000:364E                 mov     al, bh
seg000:3650                 mov     [bp+Sanyo_int_stack_frame.reg_al], al
seg000:3653                 push    ax
seg000:3654                 mov     al, IO_Port_60h_KBD_CMD_F3_TYPEMATIC_RATE
seg000:3656                 mov     bx, 18h         ; 18h is BDA_18h_Keyboard_flags_2 and that seems wrong because
seg000:3656                                         ; there is no point pooling its bit7 responsile for insert
seg000:3659                 call    KBD_Command_al_wait_bx_b7
seg000:365C                 pop     ax
seg000:365D                 call    KBD_Command_al_wait_bx_b7
seg000:3660
seg000:3660 end:                                    ; CODE XREF: int16_3_keyb_set_typematic_rate+4↑j int16_3_keyb_set_typematic_rate+A↑j ...
seg000:3660                 mov     [bp+Sanyo_int_stack_frame.reg_ah], 0
seg000:3664                 retn
seg000:3664 int16_3_keyb_set_typematic_rate endp
seg000:3664
seg000:3665
seg000:3665 ; =============== S U B R O U T I N E =======================================
seg000:3665
seg000:3665
seg000:3665 int16_5_Keyboard_buffer_write proc near ; DATA XREF: int_16h_keyboard+4↑o
seg000:3665                 call    wrap_Keyboard_buffer
seg000:3668                 mov     [di], cx        ; BUG - writes to buffer even when full
seg000:366A                 jb      short buffer_full_error
seg000:366C                 mov     ds:BDA_1Ch_Keyboard_buffer_tail_offset, si
seg000:3670                 xor     ax, ax
seg000:3672                 mov     word ptr [bp+Sanyo_int_stack_frame.reg_al], ax
seg000:3675                 retn
seg000:3676 ; ---------------------------------------------------------------------------
seg000:3676
seg000:3676 buffer_full_error:                      ; CODE XREF: int16_5_Keyboard_buffer_write+5↑j
seg000:3676                 mov     ax, 1
seg000:3679                 or      byte ptr [bp+Sanyo_int_stack_frame.int_cs], 00000001b
seg000:367D                 mov     word ptr [bp+Sanyo_int_stack_frame.reg_al], ax
seg000:3680                 retn
seg000:3680 int16_5_Keyboard_buffer_write endp
seg000:3680
seg000:3681
seg000:3681 ; =============== S U B R O U T I N E =======================================
seg000:3681
seg000:3681 ; Attributes: thunk
seg000:3681
seg000:3681 int16_10_wait_for_keystroke_read proc near ; DATA XREF: int_16h_keyboard+4↑o
seg000:3681                 jmp     int16_0_wait_for_keystroke_read
seg000:3681 int16_10_wait_for_keystroke_read endp
seg000:3681
seg000:3684
seg000:3684 ; =============== S U B R O U T I N E =======================================
seg000:3684
seg000:3684 ; Attributes: thunk
seg000:3684
seg000:3684 int16_11_get_keystroke_status proc near ; DATA XREF: int_16h_keyboard+4↑o
seg000:3684                 jmp     int16_1_get_keystroke_status
seg000:3684 int16_11_get_keystroke_status endp
seg000:3684
seg000:3687
seg000:3687 ; =============== S U B R O U T I N E =======================================
seg000:3687
seg000:3687
seg000:3687 int16_12_get_extended_keyboard_status proc near ; DATA XREF: int_16h_keyboard+4↑o
seg000:3687                 mov     dl, ds:BDA_17h_Keyboard_flags_1
seg000:368B                 mov     dh, ds:BDA_18h_Keyboard_flags_2
seg000:368F                 mov     bl, dh
seg000:3691                 and     dh, BDA_18h_flags_2_Left_Ctrl_Pressed or BDA_18h_flags_2_Left_Alt_Pressed or BDA_18h_flags_2_ScrollLock_Pressed or BDA_18h_flags_2_NumLock_Pressed or BDA_18h_flags_2_CapsLock_Pressed
seg000:3694                 and     bl, BDA_17h_flags_1_Ctrl_Pressed
seg000:3697                 ror     bl, 1
seg000:3699                 ror     bl, 1
seg000:369B                 ror     bl, 1
seg000:369D                 or      dh, bl
seg000:369F                 mov     bl, ds:BDA_96h_keyboard_flags_3
seg000:36A3                 and     bl, BDA_96h_flags_3_Right_Ctrl_Pressed or BDA_96h_flags_3_Right_Alt_Pressed
seg000:36A6                 or      dh, bl
seg000:36A8                 mov     word ptr [bp+Sanyo_int_stack_frame.reg_al], dx
seg000:36AB                 retn
seg000:36AB int16_12_get_extended_keyboard_status endp
seg000:36AB
seg000:36AC
seg000:36AC ; =============== S U B R O U T I N E =======================================
seg000:36AC
seg000:36AC
seg000:36AC sub_F036AC      proc near               ; CODE XREF: int16_0_wait_for_keystroke_read+2B↑p int16_1_get_keystroke_status+1A↑p
seg000:36AC                 mov     di, (offset keyb_some_tabley+2)
seg000:36AF                 call    loc_F036C5
seg000:36B2                 jb      short error
seg000:36B4                 mov     cx, 0FF0Fh
seg000:36B7                 xor     cx, ax
seg000:36B9                 inc     cl
seg000:36BB                 jnz     short end_ok
seg000:36BD                 inc     ch
seg000:36BF                 jnz     short error
seg000:36C1
seg000:36C1 end_ok:                                 ; CODE XREF: sub_F036AC+F↑j sub_F036AC+26↓j
seg000:36C1                 clc
seg000:36C2                 retn
seg000:36C3 ; ---------------------------------------------------------------------------
seg000:36C3
seg000:36C3 error:                                  ; CODE XREF: sub_F036AC+6↑j sub_F036AC+13↑j
seg000:36C3                 stc
seg000:36C4                 retn
seg000:36C5 ; ---------------------------------------------------------------------------
seg000:36C5
seg000:36C5 loc_F036C5:                             ; CODE XREF: sub_F036AC+3↑p
seg000:36C5                 mov     cx, cs:[di-2]
seg000:36C9                 push    cs
seg000:36CA                 pop     es
seg000:36CB                 cld
seg000:36CC                 xchg    ah, al
seg000:36CE                 repne scasb
seg000:36D0                 xchg    ah, al
seg000:36D2                 jcxz    short end_ok
seg000:36D4                 stc
seg000:36D5                 retn
seg000:36D5 ; ---------------------------------------------------------------------------
seg000:36D6 keyb_some_tabley:                       ; DATA XREF: sub_F036AC↑o
seg000:36D6                 dw 23h                  ; 0
seg000:36D8                 db scancode_K or scancode_Break_MASK; 0 ; MASK
seg000:36D9                 db scancode_T or scancode_Break_MASK; 1
seg000:36DA                 db scancode_U or scancode_Break_MASK; 2
seg000:36DB                 db scancode_Equals or scancode_Break_MASK; 3
seg000:36DC                 db scancode_BackSpace or scancode_Break_MASK; 4
seg000:36DD                 db scancode_Tab or scancode_Break_MASK; 5
seg000:36DE                 db scancode_Q or scancode_Break_MASK; 6
seg000:36DF                 db scancode_W or scancode_Break_MASK; 7
seg000:36E0                 db scancode_E or scancode_Break_MASK; 8
seg000:36E1                 db scancode_R or scancode_Break_MASK; 9
seg000:36E2                 db scancode_4 or scancode_Break_MASK; 0Ah
seg000:36E3                 db scancode_6 or scancode_Break_MASK; 0Bh
seg000:36E4                 db scancode_0 or scancode_Break_MASK; 0Ch
seg000:36E5                 db scancode_8 or scancode_Break_MASK; 0Dh
seg000:36E6                 db scancode_5 or scancode_Break_MASK; 0Eh
seg000:36E7                 db scancode_7 or scancode_Break_MASK; 0Fh
seg000:36E8                 db scancode_Minus or scancode_Break_MASK; 10h
seg000:36E9                 db scancode_9 or scancode_Break_MASK; 11h
seg000:36EA                 db scancode_Y or scancode_Break_MASK; 12h
seg000:36EB                 db scancode_I or scancode_Break_MASK; 13h
seg000:36EC                 db scancode_O or scancode_Break_MASK; 14h
seg000:36ED                 db scancode_P or scancode_Break_MASK; 15h
seg000:36EE                 db scancode_Closing_Bracket or scancode_Break_MASK; 16h
seg000:36EF                 db scancode_Left_Control_Right_Control_E0_1D or scancode_Break_MASK; 17h
seg000:36F0                 db scancode_S or scancode_Break_MASK; 18h
seg000:36F1                 db scancode_D or scancode_Break_MASK; 19h
seg000:36F2                 db scancode_F or scancode_Break_MASK; 1Ah
seg000:36F3                 db scancode_G or scancode_Break_MASK; 1Bh
seg000:36F4                 db scancode_H or scancode_Break_MASK; 1Ch
seg000:36F5                 db scancode_L or scancode_Break_MASK; 1Dh
seg000:36F6                 db scancode_J or scancode_Break_MASK; 1Eh
seg000:36F7                 db scancode_Opening_Bracket or scancode_Break_MASK; 1Fh
seg000:36F8                 db scancode_Enter_Keypad_Enter_E0_1C or scancode_Break_MASK; 20h
seg000:36F9                 db scancode_A or scancode_Break_MASK; 21h
seg000:36FA                 db scancode_key_MASK or scancode_Break_MASK; 22h
seg000:36FA sub_F036AC      endp
seg000:36FA
seg000:36FB
seg000:36FB ; =============== S U B R O U T I N E =======================================
seg000:36FB
seg000:36FB
seg000:36FB sub_F036FB      proc near               ; CODE XREF: int16_0_wait_for_keystroke_read+30↑p int16_1_get_keystroke_status:int16_11↑p
seg000:36FB                 test    al, 0Fh
seg000:36FD                 jnz     short end
seg000:36FF                 cmp     al, 0E0h
seg000:3701                 jb      short end
seg000:3703                 cmp     ah, 0
seg000:3706                 jz      short end
seg000:3708                 sub     al, al
seg000:370A
seg000:370A end:                                    ; CODE XREF: sub_F036FB+2↑j sub_F036FB+6↑j ...
seg000:370A                 retn
seg000:370A sub_F036FB      endp
seg000:370A
seg000:370B
seg000:370B ; =============== S U B R O U T I N E =======================================
seg000:370B
seg000:370B
seg000:370B handle_E0_EXTENDED proc near            ; CODE XREF: int16_0_wait_for_keystroke_read+21↑p int16_1_get_keystroke_status+10↑p
seg000:370B                 cmp     ah, KBD_PREFIX_E0_EXTENDED
seg000:370E                 jnz     short end
seg000:3710                 mov     di, offset keyb_some_table2d
seg000:3713                 mov     cx, cs:[di-2]
seg000:3717
seg000:3717 loc_F03717:                             ; CODE XREF: handle_E0_EXTENDED+14↓j
seg000:3717                 cmp     ax, cs:[di]
seg000:371A                 jz      short match
seg000:371C                 add     di, 4
seg000:371F                 loop    loc_F03717
seg000:3721                 mov     ah, scancode_Slash
seg000:3723                 jmp     short error
seg000:3725 ; ---------------------------------------------------------------------------
seg000:3725
seg000:3725 match:                                  ; CODE XREF: handle_E0_EXTENDED+F↑j
seg000:3725                 mov     ax, cs:[di+2]
seg000:3729
seg000:3729 error:                                  ; CODE XREF: handle_E0_EXTENDED+18↑j
seg000:3729                 clc
seg000:372A                 retn
seg000:372B ; ---------------------------------------------------------------------------
seg000:372B
seg000:372B end:                                    ; CODE XREF: handle_E0_EXTENDED+3↑j
seg000:372B                 stc
seg000:372C                 retn
seg000:372C handle_E0_EXTENDED endp
seg000:372C
seg000:372D
seg000:372D ; =============== S U B R O U T I N E =======================================
seg000:372D
seg000:372D
seg000:372D sub_F0372D      proc near               ; CODE XREF: int16_0_wait_for_keystroke_read:loc_F035D0↑p
seg000:372D                 cmp     ax, 0F0h
seg000:3730                 jz      short end
seg000:3732                 cmp     al, 0F0h
seg000:3734                 jnz     short end
seg000:3736                 sub     al, al
seg000:3738
seg000:3738 end:                                    ; CODE XREF: sub_F0372D+3↑j sub_F0372D+7↑j
seg000:3738                 retn
seg000:3738 sub_F0372D      endp
seg000:3738
seg000:3738 ; ---------------------------------------------------------------------------
seg000:3739                 dw 3
seg000:373B keyb_some_table2d dw 0E00Dh             ; DATA XREF: handle_E0_EXTENDED+5↑o
seg000:373D                 dw int16_scancode_Enter
seg000:373F                 dw 0E00Ah
seg000:3741                 dw int16_scancode_Enter_Ctrl
seg000:3743                 dw 0E02Fh
seg000:3745                 dw int16_scancode_Slash
seg000:3747                 db    0
seg000:3748
seg000:3748 ; =============== S U B R O U T I N E =======================================
seg000:3748
seg000:3748
seg000:3748 disk_Int_Complete proc far              ; DATA XREF: seg000:2349↑o
seg000:3748                 sti
seg000:3749                 push    ax
seg000:374A                 push    bx
seg000:374B                 push    ds
seg000:374C                 mov     ds, cs:BDA_Segment
seg000:3751                 mov     byte ptr ds:BDA_8Eh_HDD_task_complete_flag, 0FFh
seg000:3756                 pop     ds
seg000:3757                 assume ds:seg000
seg000:3757                 mov     al, IO_Port_PIC_Cmd_NON_SPECIFIC_EOI
seg000:3759                 out     IO_Port_A0h_PIC2_Command, al
seg000:375B                 push    ax
seg000:375C                 pop     ax
seg000:375D                 out     IO_Port_20h_PIC1_Command, al
seg000:375F                 mov     ax, int15h_9100_fixed_disk_Int_Complete
seg000:3762                 mov     bx, IVT_SYSTEM_SERVICES_off
seg000:3765                 call    call_IVT_off_BX_with_AX
seg000:3768                 pop     bx
seg000:3769                 pop     ax
seg000:376A                 iret
seg000:376A disk_Int_Complete endp
seg000:376A
seg000:376A ; ---------------------------------------------------------------------------
seg000:376B                 dw 0EA90h
seg000:376D
seg000:376D ; =============== S U B R O U T I N E =======================================
seg000:376D
seg000:376D
seg000:376D int_0Eh_IRQ6_FDC proc far               ; CODE XREF: j_int_0Eh_IRQ6_FDC↓J
seg000:376D                 sti
seg000:376E                 push    ax
seg000:376F                 push    bx
seg000:3770                 push    ds
seg000:3771                 mov     ds, cs:BDA_Segment
seg000:3776                 assume ds:nothing
seg000:3776                 or      byte ptr ds:BDA_3Eh_floppy_calibration_status, BDA_3Eh_Working_interrupt_flag
seg000:377B                 pop     ds
seg000:377C                 assume ds:seg000
seg000:377C                 mov     al, IO_Port_PIC_Cmd_NON_SPECIFIC_EOI
seg000:377E                 out     IO_Port_20h_PIC1_Command, al
seg000:3780                 mov     ax, int15h_9101_diskette_Int_Complete
seg000:3783                 mov     bx, IVT_SYSTEM_SERVICES_off
seg000:3786                 call    call_IVT_off_BX_with_AX
seg000:3789                 pop     bx
seg000:378A                 pop     ax
seg000:378B                 iret
seg000:378B int_0Eh_IRQ6_FDC endp
seg000:378B
seg000:378C
seg000:378C ; =============== S U B R O U T I N E =======================================
seg000:378C
seg000:378C
seg000:378C int_17h_printing proc near              ; CODE XREF: j_int_17h_printing↓J
seg000:378C                 call    near ptr jump_trampoline
seg000:378C ; ---------------------------------------------------------------------------
seg000:378F                 db    3
seg000:3790                 dw offset Int17h_0_Print_char; 0
seg000:3792                 dw offset Int17h_1_Initialize_printer_port; 1
seg000:3794                 dw offset int_17h_2_Read_printer_port_status; 2
seg000:3796                 dw offset int_17h_unsupported; 3
seg000:3798 ; ---------------------------------------------------------------------------
seg000:3798                 retn
seg000:3798 int_17h_printing endp ; sp-analysis failed
seg000:3798
seg000:3799
seg000:3799 ; =============== S U B R O U T I N E =======================================
seg000:3799
seg000:3799
seg000:3799 int_17h_unsupported proc near           ; DATA XREF: int_17h_printing+4↑o
seg000:3799                 sub     [bp+Sanyo_int_stack_frame.reg_ah], -(IO_Port_379h_LPT_Status_UNUSED_1 or IO_Port_379h_LPT_Status_UNUSED_2 or IO_Port_379h_LPT_Status_IO_ERROR or IO_Port_379h_LPT_Status_SELECTED_online or IO_Port_379h_LPT_Status_Out_of_paper or IO_Port_379h_LPT_Status_ACK or IO_Port_379h_LPT_Status_NOT_BUSY)
seg000:379D                 retn
seg000:379D int_17h_unsupported endp
seg000:379D
seg000:379E
seg000:379E ; =============== S U B R O U T I N E =======================================
seg000:379E
seg000:379E
seg000:379E parallel_port_timeout proc near         ; CODE XREF: Int17h_0_Print_char+6↓p Int17h_1_Initialize_printer_port:loc_F037D7↓p
seg000:379E                 mov     bx, BDA_78h_parallel_port1_timeout
seg000:37A1                 jmp     short loc_F037A6
seg000:37A3 ; ---------------------------------------------------------------------------
seg000:37A3
seg000:37A3 serial_port_timeout:                    ; CODE XREF: int_14h_0_Serial_init↑p int_14h_3_get_Serial_status↑p ...
seg000:37A3                 mov     bx, BDA_7Ch_serial_port1_timeout
seg000:37A6
seg000:37A6 loc_F037A6:                             ; CODE XREF: parallel_port_timeout+3↑j
seg000:37A6                 add     bl, dl
seg000:37A8                 mov     al, [bx]
seg000:37AA                 shl     bl, 1
seg000:37AC                 xor     bl, 0F8h
seg000:37AF                 mov     dx, [bx]
seg000:37B1                 or      dx, dx
seg000:37B3                 jz      short end
seg000:37B5                 retn
seg000:37B6 ; ---------------------------------------------------------------------------
seg000:37B6
seg000:37B6 end:                                    ; CODE XREF: parallel_port_timeout+15↑j
seg000:37B6                 pop     ax
seg000:37B7                 retn
seg000:37B7 parallel_port_timeout endp ; sp-analysis failed
seg000:37B7
seg000:37B8                 assume ds:nothing
seg000:37B8
seg000:37B8 ; =============== S U B R O U T I N E =======================================
seg000:37B8
seg000:37B8
seg000:37B8 Int17h_0_Print_char proc near           ; DATA XREF: int_17h_printing+4↑o
seg000:37B8                 mov     al, [bp+Sanyo_int_stack_frame.reg_al]
seg000:37BB                 mov     ds:0C6h, al
seg000:37BE                 call    parallel_port_timeout
seg000:37C1                 shl     ax, 1
seg000:37C3                 xchg    al, ah
seg000:37C5                 mov     cx, ax
seg000:37C7                 mov     si, offset Print_char_bytecode
seg000:37CA
seg000:37CA loc_F037CA:                             ; CODE XREF: Int17h_1_Initialize_printer_port+7↓j
seg000:37CA                 inc     dx
seg000:37CB                 call    Sanyo_bytecode_interpreter
seg000:37CE
seg000:37CE loc_F037CE:
seg000:37CE                 xor     al, IO_Port_379h_LPT_Status_IO_ERROR or IO_Port_379h_LPT_Status_ACK
seg000:37D0                 mov     [bp+Sanyo_int_stack_frame.reg_ah], al
seg000:37D3                 retn
seg000:37D3 Int17h_0_Print_char endp
seg000:37D3
seg000:37D4
seg000:37D4 ; =============== S U B R O U T I N E =======================================
seg000:37D4
seg000:37D4 ; Attributes: noreturn
seg000:37D4
seg000:37D4 Int17h_1_Initialize_printer_port proc near ; DATA XREF: int_17h_printing+4↑o
seg000:37D4                 mov     si, offset Initialize_printer_bytecode
seg000:37D7
seg000:37D7 loc_F037D7:                             ; CODE XREF: int_17h_2_Read_printer_port_status+3↓j
seg000:37D7                 call    parallel_port_timeout
seg000:37DA                 inc     dx
seg000:37DB                 jmp     short loc_F037CA
seg000:37DB Int17h_1_Initialize_printer_port endp
seg000:37DB
seg000:37DD
seg000:37DD ; =============== S U B R O U T I N E =======================================
seg000:37DD
seg000:37DD ; Attributes: noreturn
seg000:37DD
seg000:37DD int_17h_2_Read_printer_port_status proc near ; DATA XREF: int_17h_printing+4↑o
seg000:37DD                 mov     si, offset Read_printer_port_bytecode
seg000:37E0                 jmp     short loc_F037D7
seg000:37E0 ; ---------------------------------------------------------------------------
seg000:37E2 Initialize_printer_bytecode db 50h                  ; 0 ; DATA XREF: Int17h_1_Initialize_printer_port↑o
seg000:37E3                 db 8                    ; 1
seg000:37E4                 db 0Ch                  ; 2
seg000:37E5                 db 28h                  ; 3
seg000:37E6                 db 5Ch                  ; 4
seg000:37E7                 db 64h                  ; 5
seg000:37E8                 db 0                    ; 6
seg000:37E9                 db 42h                  ; 7
seg000:37EA                 db 28h                  ; 8
seg000:37EB                 db 22h                  ; 9
seg000:37EC                 db 0FFh                 ; 0Ah
seg000:37ED                 db 1Ch                  ; 0Bh
seg000:37EE                 db 50h                  ; 0Ch
seg000:37EF                 db 0FEh                 ; 0Dh
seg000:37F0                 db 90h                  ; 0Eh
seg000:37F1                 db 4Ah                  ; 0Fh
seg000:37F2                 db 15h                  ; 10h
seg000:37F3 Print_char_bytecode db 6Ah                  ; 0 ; DATA XREF: Int17h_0_Print_char+F↑o
seg000:37F4                 db 80h                  ; 1
seg000:37F5                 db 0Ah                  ; 2
seg000:37F6                 db 6Ah                  ; 3
seg000:37F7                 db 80h                  ; 4
seg000:37F8                 db 7                    ; 5
seg000:37F9                 db 48h                  ; 6
seg000:37FA                 db 0F3h                 ; 7
seg000:37FB                 db 5Ah                  ; 8
seg000:37FC                 db 7                    ; 9
seg000:37FD                 db 58h                  ; 0Ah
seg000:37FE                 db 1                    ; 0Bh
seg000:37FF                 db 36h                  ; 0Ch
seg000:3800                 db 44h                  ; 0Dh
seg000:3801                 db 0C6h                 ; 0Eh
seg000:3802                 db 0                    ; 0Fh
seg000:3803                 db 2Ah                  ; 10h
seg000:3804                 db 0FFh                 ; 11h
seg000:3805                 db 50h                  ; 12h
seg000:3806                 db 0Dh                  ; 13h
seg000:3807                 db 0Ch                  ; 14h
seg000:3808                 db 32h                  ; 15h
seg000:3809                 db 2                    ; 16h
seg000:380A Read_printer_port_bytecode:             ; DATA XREF: int_17h_2_Read_printer_port_status↑o
seg000:380A                 db 0Ah                  ; 0
seg000:380B                 db 0FFh                 ; 1
seg000:380C                 db 5Ah                  ; 2
seg000:380D                 db 7                    ; 3
seg000:380E                 db 36h                  ; 4
seg000:380F                 db 0                    ; 5
seg000:380F int_17h_2_Read_printer_port_status endp
seg000:380F
seg000:3810
seg000:3810 ; =============== S U B R O U T I N E =======================================
seg000:3810
seg000:3810 ; Attributes: noreturn
seg000:3810
seg000:3810 sub_F03810      proc near
seg000:3810                 jmp     short int10h_graphic_modes_dispatch
seg000:3810 sub_F03810      endp
seg000:3810
seg000:3812 ; ---------------------------------------------------------------------------
seg000:3812                 nop
seg000:3813
seg000:3813 ; =============== S U B R O U T I N E =======================================
seg000:3813
seg000:3813 ; Attributes: noreturn
seg000:3813
seg000:3813 int_10h_video_  proc near               ; CODE XREF: j_int_10h_video_↓J
seg000:3813                                         ; DATA XREF: init_video+5↑o
seg000:3813                 jmp     short int_10h_video
seg000:3813 int_10h_video_  endp
seg000:3813
seg000:3815 ; ---------------------------------------------------------------------------
seg000:3815                 nop
seg000:3816
seg000:3816 ; =============== S U B R O U T I N E =======================================
seg000:3816
seg000:3816 ; Attributes: noreturn thunk
seg000:3816
seg000:3816 int_10h_video_text_modes_dispatch proc near ; CODE XREF: int_10h_video+42↓j
seg000:3816                 call    near ptr jump_trampoline
seg000:3816 ; ---------------------------------------------------------------------------
seg000:3819                 db  14h
seg000:381A off_F0381A      dw offset int10h_0_Set_video_mode; 0
seg000:381C                 dw offset int10h_1_Set_cursor_type; 1
seg000:381E                 dw offset int10h_2_Set_cursor_position; 2
seg000:3820                 dw offset int10h_3_Read_cursor_position; 3
seg000:3822                 dw offset int10h_4_Read_light_pen_BROKEN; 4
seg000:3824                 dw offset int10h_5_Select_active_display_page; 5
seg000:3826                 dw offset int10h_6_Scroll_Window_up; 6
seg000:3828                 dw offset int10h_7_Scroll_Window_down; 7
seg000:382A                 dw offset int10h_8_Read_character_and_attribute_at_cursor; 8
seg000:382C                 dw offset int10h_9_Write_character_and_attribute_at_cursor; 9
seg000:382E                 dw offset int10h_A_Write_character_at_cursor; 0Ah
seg000:3830                 dw offset int10h_B_Set_color_palette; 0Bh
seg000:3832                 dw offset int10h_unsupported_return; 0Ch
seg000:3834                 dw offset int10h_unsupported_return; 0Dh
seg000:3836                 dw offset int10h_E_Write_Teletype; 0Eh
seg000:3838                 dw offset int10h_F_Get_current_video_state; 0Fh
seg000:383A                 dw offset int10h_unsupported_return; 10h
seg000:383C                 dw offset int10h_unsupported_return; 11h
seg000:383E                 dw offset int10h_unsupported_return; 12h
seg000:3840                 dw offset int10h_13_Write_string; 13h
seg000:3842                 dw offset int10h_unsupported_return; 14h
seg000:3844 ; ---------------------------------------------------------------------------
seg000:3844
seg000:3844 int10h_unsupported_return:              ; DATA XREF: int_10h_video_text_modes_dispatch:off_F0381A↑o int_10h_video_text_modes_dispatch+33↓o
seg000:3844                 retn
seg000:3845 ; ---------------------------------------------------------------------------
seg000:3845
seg000:3845 int10h_graphic_modes_dispatch:          ; CODE XREF: sub_F03810↑j int_10h_video+54↓j
seg000:3845                 call    near ptr jump_trampoline
seg000:3845 ; ---------------------------------------------------------------------------
seg000:3848                 db  14h
seg000:3849                 dw offset int10h_0_Set_video_mode; 0
seg000:384B                 dw offset int10h_1_Set_cursor_type; 1
seg000:384D                 dw offset int10h_2_Set_cursor_position; 2
seg000:384F                 dw offset int10h_3_Read_cursor_position; 3
seg000:3851                 dw offset int10h_4_Read_light_pen_BROKEN; 4
seg000:3853                 dw offset int10h_5_Select_active_display_page; 5
seg000:3855                 dw offset int10h_6_Scroll_Window_up_graphic_modes; 6
seg000:3857                 dw offset int10h_7_Scroll_Window_down_graphic_modes; 7
seg000:3859                 dw offset int10h_8_Read_character_and_attribute_at_cursor_graphic_modes; 8
seg000:385B                 dw offset int10h_9A_Write_character_at_cursor_and_attribute_graphic_modes; 9
seg000:385D                 dw offset int10h_9A_Write_character_at_cursor_and_attribute_graphic_modes; 0Ah
seg000:385F                 dw offset int10h_B_Set_color_palette; 0Bh
seg000:3861                 dw offset int10h_C_Write_graphics_pixel_at_coordinate; 0Ch
seg000:3863                 dw offset int10h_D_Read_graphics_pixel_at_coordinate; 0Dh
seg000:3865                 dw offset int10h_E_Write_Teletype_graphic_modes; 0Eh
seg000:3867                 dw offset int10h_F_Get_current_video_state; 0Fh
seg000:3869                 dw offset int10h_unsupported_return; 10h
seg000:386B                 dw offset int10h_unsupported_return; 11h
seg000:386D                 dw offset int10h_unsupported_return; 12h
seg000:386F                 dw offset int10h_13_Write_string_graphic_modes; 13h
seg000:3871                 dw offset int10h_unsupported_return; 14h
seg000:3873 ; ---------------------------------------------------------------------------
seg000:3873                 retn
seg000:3873 int_10h_video_text_modes_dispatch endp ; sp-analysis failed
seg000:3873
seg000:3874
seg000:3874 ; =============== S U B R O U T I N E =======================================
seg000:3874
seg000:3874
seg000:3874 int_10h_video   proc near               ; CODE XREF: int_10h_video_↑j
seg000:3874                 push    ds
seg000:3875                 mov     ds, cs:BDA_Segment
seg000:387A                 assume ds:nothing
seg000:387A                 push    ax
seg000:387B                 mov     al, ds:BDA_10h_equipment_list
seg000:387E                 and     al, EQ_VIDEO_MONO_80X25
seg000:3880                 cmp     al, EQ_VIDEO_MONO_80X25
seg000:3882                 pop     ax
seg000:3883                 jz      short loc_F0389E
seg000:3885                 test    word ptr ds:BDA_C0h_Sanyo_video_seg, 800h
seg000:388B                 jnz     short check_mode
seg000:388D                 mov     word ptr ds:BDA_63h_CRTC_6845_base_address, IO_Port_3D4h_CRTC_Index_CGA
seg000:3893                 mov     word ptr ds:BDA_C0h_Sanyo_video_seg, 0B800h
seg000:3899                 call    sub_F038CB
seg000:389C                 jmp     short check_mode
seg000:389E ; ---------------------------------------------------------------------------
seg000:389E
seg000:389E loc_F0389E:                             ; CODE XREF: int_10h_video+F↑j
seg000:389E                 test    word ptr ds:BDA_C0h_Sanyo_video_seg, 800h
seg000:38A4                 jz      short text_modes_displatch
seg000:38A6                 mov     word ptr ds:BDA_63h_CRTC_6845_base_address, IO_Port_3B4h_CRTC_Index_Mono
seg000:38AC                 mov     word ptr ds:BDA_C0h_Sanyo_video_seg, 0B000h
seg000:38B2                 call    sub_F038CB
seg000:38B5
seg000:38B5 text_modes_displatch:                   ; CODE XREF: int_10h_video+30↑j int_10h_video+4A↓j ...
seg000:38B5                 pop     ds
seg000:38B6                 assume ds:seg000
seg000:38B6                 jmp     int_10h_video_text_modes_dispatch
seg000:38B9 ; ---------------------------------------------------------------------------
seg000:38B9                 assume ds:nothing
seg000:38B9
seg000:38B9 check_mode:                             ; CODE XREF: int_10h_video+17↑j int_10h_video+28↑j
seg000:38B9                 cmp     byte ptr ds:BDA_49h_video_active_mode, VIDEO_MODE_320x200_Color_GRA
seg000:38BE                 jb      short text_modes_displatch
seg000:38C0                 cmp     byte ptr ds:BDA_49h_video_active_mode, VIDEO_MODE_80x25_MDA_TEXT
seg000:38C5                 jnb     short text_modes_displatch
seg000:38C7                 pop     ds
seg000:38C8                 assume ds:seg000
seg000:38C8                 jmp     int10h_graphic_modes_dispatch
seg000:38C8 int_10h_video   endp
seg000:38C8
seg000:38CB                 assume ds:nothing
seg000:38CB
seg000:38CB ; =============== S U B R O U T I N E =======================================
seg000:38CB
seg000:38CB
seg000:38CB sub_F038CB      proc near               ; CODE XREF: int_10h_video+25↑p int_10h_video+3E↑p
seg000:38CB                 push    ax
seg000:38CC                 push    bx
seg000:38CD                 push    cx
seg000:38CE                 push    dx
seg000:38CF                 push    di
seg000:38D0                 push    ds
seg000:38D1                 push    es
seg000:38D2                 mov     al, ds:BDA_62h_video_active_page
seg000:38D5                 call    set_active_display_page
seg000:38D8                 pop     es
seg000:38D9                 pop     ds
seg000:38DA                 assume ds:seg000
seg000:38DA                 pop     di
seg000:38DB                 pop     dx
seg000:38DC                 pop     cx
seg000:38DD                 pop     bx
seg000:38DE                 pop     ax
seg000:38DF                 retn
seg000:38DF sub_F038CB      endp
seg000:38DF
seg000:38E0
seg000:38E0 ; =============== S U B R O U T I N E =======================================
seg000:38E0
seg000:38E0
seg000:38E0 int10h_8_Read_character_and_attribute_at_cursor proc near ; DATA XREF: int_10h_video_text_modes_dispatch:off_F0381A↑o
seg000:38E0                 call    sub_F03B12
seg000:38E3                 call    sub_F03B6F
seg000:38E6                 mov     word ptr [bp+Sanyo_int_stack_frame.reg_al], ax
seg000:38E9                 retn
seg000:38E9 int10h_8_Read_character_and_attribute_at_cursor endp
seg000:38E9
seg000:38EA                 assume ds:nothing
seg000:38EA
seg000:38EA ; =============== S U B R O U T I N E =======================================
seg000:38EA
seg000:38EA
seg000:38EA int10h_F_Get_current_video_state proc near ; DATA XREF: int_10h_video_text_modes_dispatch:off_F0381A↑o int_10h_video_text_modes_dispatch+33↑o
seg000:38EA                 mov     ax, ds:BDA_49h_video_active_mode
seg000:38ED                 mov     word ptr [bp+Sanyo_int_stack_frame.reg_al], ax
seg000:38F0                 mov     al, ds:BDA_62h_video_active_page
seg000:38F3                 mov     [bp+Sanyo_int_stack_frame.reg_bh], al
seg000:38F6                 retn
seg000:38F6 int10h_F_Get_current_video_state endp
seg000:38F6
seg000:38F7
seg000:38F7 ; =============== S U B R O U T I N E =======================================
seg000:38F7
seg000:38F7
seg000:38F7 int10h_B_Set_color_palette proc near    ; DATA XREF: int_10h_video_text_modes_dispatch:off_F0381A↑o int_10h_video_text_modes_dispatch+33↑o
seg000:38F7                 mov     dx, ds:BDA_63h_CRTC_6845_base_address
seg000:38FB                 mov     ax, ds:BDA_65h_CRTC_Mode_Control
seg000:38FE                 shr     bh, 1
seg000:3900                 mov     bh, 20h ; ' '
seg000:3902                 jnz     short locret_F03922
seg000:3904                 jnb     short near ptr loc_F0390A+1
seg000:3906                 mov     cl, 5
seg000:3908                 shl     bl, cl
seg000:390A
seg000:390A loc_F0390A:
seg000:390A                 cmp     ax, 0CFFEh
seg000:390D                 and     bl, bh
seg000:390F                 not     bh
seg000:3911                 and     ah, bh
seg000:3913                 or      ah, bl
seg000:3915                 add     dx, 4
seg000:3918                 mov     ds:BDA_65h_CRTC_Mode_Control, ax
seg000:391B                 xchg    ah, al
seg000:391D                 inc     dx
seg000:391E                 out     dx, al
seg000:391F                 dec     dx
seg000:3920                 xchg    ah, al
seg000:3922
seg000:3922 locret_F03922:                          ; CODE XREF: int10h_B_Set_color_palette+B↑j
seg000:3922                 retn
seg000:3922 int10h_B_Set_color_palette endp
seg000:3922
seg000:3923
seg000:3923 ; =============== S U B R O U T I N E =======================================
seg000:3923
seg000:3923
seg000:3923 int10h_1_Set_cursor_type proc near      ; DATA XREF: int_10h_video_text_modes_dispatch:off_F0381A↑o int_10h_video_text_modes_dispatch+33↑o
seg000:3923                 mov     ds:BDA_60h_cursor_ending_scanline, cx
seg000:3927                 mov     bx, cx
seg000:3929                 mov     ax, 0B0Ah
seg000:392C                 mov     dx, ds:BDA_63h_CRTC_6845_base_address
seg000:3930                 jmp     CRTC_write_two_AX_registers_with_BX
seg000:3930 int10h_1_Set_cursor_type endp
seg000:3930
seg000:3933
seg000:3933 ; =============== S U B R O U T I N E =======================================
seg000:3933
seg000:3933
seg000:3933 int10h_2_Set_cursor_position proc near  ; DATA XREF: int_10h_video_text_modes_dispatch:off_F0381A↑o int_10h_video_text_modes_dispatch+33↑o
seg000:3933                 call    sub_F03B12
seg000:3936                 push    ds
seg000:3937                 mov     ds, cs:BDA_Segment
seg000:393C                 mov     ax, word ptr [bp+Sanyo_int_stack_frame.reg_dl]
seg000:393F                 mov     [bx], ax
seg000:3941                 pop     ds
seg000:3942                 assume ds:seg000
seg000:3942
seg000:3942 loc_F03942:                             ; CODE XREF: int10h_13_Write_string_graphic_modes+86↑j int10h_13_Write_string+71↓j
seg000:3942                 mov     cx, ax
seg000:3944                 call    cursor_coordinates_to_offset
seg000:3947                 jmp     loc_F03AA6
seg000:3947 int10h_2_Set_cursor_position endp
seg000:3947
seg000:394A                 assume ds:nothing
seg000:394A
seg000:394A ; =============== S U B R O U T I N E =======================================
seg000:394A
seg000:394A
seg000:394A int10h_3_Read_cursor_position proc near ; DATA XREF: int_10h_video_text_modes_dispatch:off_F0381A↑o int_10h_video_text_modes_dispatch+33↑o
seg000:394A                 call    sub_F03B5F
seg000:394D                 mov     word ptr [bp+Sanyo_int_stack_frame.reg_dl], cx
seg000:3950                 mov     ax, ds:BDA_60h_cursor_ending_scanline
seg000:3953                 mov     word ptr [bp+Sanyo_int_stack_frame.reg_cl], ax
seg000:3956                 retn
seg000:3956 int10h_3_Read_cursor_position endp
seg000:3956
seg000:3957
seg000:3957 ; =============== S U B R O U T I N E =======================================
seg000:3957
seg000:3957
seg000:3957 int10h_4_Read_light_pen_BROKEN proc near ; DATA XREF: int_10h_video_text_modes_dispatch:off_F0381A↑o int_10h_video_text_modes_dispatch+33↑o
seg000:3957                 mov     dx, cs:63h      ; broken and probably never caught, should be ds:63h
seg000:3957                                         ; ds is preloaded with 40h, cs is F0000h
seg000:3957                                         ; Plus ist never bothers to actually read Light Pen 3DAh_CRTC_Status and just returns garbage.
seg000:395C                 add     dx, 6
seg000:395F                 mov     word ptr [bp+Sanyo_int_stack_frame.reg_dl], dx
seg000:3962                 mov     word ptr [bp+Sanyo_int_stack_frame.reg_al], 4
seg000:3967                 retn
seg000:3967 int10h_4_Read_light_pen_BROKEN endp
seg000:3967
seg000:3968
seg000:3968 ; =============== S U B R O U T I N E =======================================
seg000:3968
seg000:3968
seg000:3968 int10h_5_Select_active_display_page proc near ; DATA XREF: int_10h_video_text_modes_dispatch:off_F0381A↑o int_10h_video_text_modes_dispatch+33↑o
seg000:3968                 mov     ax, word ptr [bp+Sanyo_int_stack_frame.reg_al]
seg000:396B                 assume ds:nothing
seg000:396B
seg000:396B set_active_display_page:                ; CODE XREF: sub_F038CB+A↑p
seg000:396B                 mov     ds:BDA_62h_video_active_page, al
seg000:396E                 cbw
seg000:396F                 mul     word ptr ds:BDA_4Ch_video_active_page_size
seg000:3973                 shr     ax, 1
seg000:3975                 mov     ds:BDA_C2h_Sanyo_active_display_page_offset, ax
seg000:3978                 mov     bx, ax
seg000:397A                 mov     ax, 0D0Ch       ; IO_Port_3D4h_CRTC_Index_CGA
seg000:397A                                         ; IO_Port_3D4h_CRTC_Idx_d_START_ADDR_L IO_Port_3D4h_CRTC_Idx_c_START_ADDR_H
seg000:397D                 mov     dx, ds:BDA_63h_CRTC_6845_base_address
seg000:3981                 call    CRTC_write_two_AX_registers_with_BX
seg000:3984                 xchg    ah, bl
seg000:3986                 shr     bx, 1
seg000:3988                 shr     bx, 1
seg000:398A                 shr     bx, 1
seg000:398C                 and     word ptr ds:BDA_C0h_Sanyo_video_seg, 0B800h
seg000:3992                 or      ds:BDA_C0h_Sanyo_video_seg, bx
seg000:3996                 call    get_cursor
seg000:3999                 jmp     update_cursor_position_conditional_C5
seg000:3999 int10h_5_Select_active_display_page endp
seg000:3999
seg000:399C
seg000:399C ; =============== S U B R O U T I N E =======================================
seg000:399C
seg000:399C
seg000:399C int10h_A_Write_character_at_cursor proc near ; DATA XREF: int_10h_video_text_modes_dispatch:off_F0381A↑o
seg000:399C                 call    sub_F03B12
seg000:399F                 mov     cx, word ptr [bp+Sanyo_int_stack_frame.reg_cl]
seg000:39A2                 mov     al, [bp+Sanyo_int_stack_frame.reg_al]
seg000:39A5
seg000:39A5 loc_F039A5:                             ; CODE XREF: int10h_A_Write_character_at_cursor+D↓j
seg000:39A5                 call    loc_F03BA2
seg000:39A8                 inc     di
seg000:39A9                 loop    loc_F039A5
seg000:39AB                 retn
seg000:39AB int10h_A_Write_character_at_cursor endp
seg000:39AB
seg000:39AC
seg000:39AC ; =============== S U B R O U T I N E =======================================
seg000:39AC
seg000:39AC
seg000:39AC int10h_13_Write_string proc near        ; DATA XREF: int_10h_video_text_modes_dispatch:off_F0381A↑o
seg000:39AC                 mov     ds:0CBh, cx
seg000:39B0                 mov     ax, [bp+Sanyo_int_stack_frame.reg_bp]
seg000:39B3                 mov     ds:0CDh, ax
seg000:39B6                 mov     word ptr ds:0CFh, es
seg000:39BA                 call    sub_F03B12
seg000:39BD                 mov     cx, word ptr [bp+Sanyo_int_stack_frame.reg_dl]
seg000:39C0                 call    cursor_coordinates_to_offset
seg000:39C3                 push    ds
seg000:39C4                 mov     ds, cs:BDA_Segment
seg000:39C9                 assume ds:nothing
seg000:39C9                 xchg    cx, [bx]
seg000:39CB                 pop     ds
seg000:39CC                 assume ds:seg000
seg000:39CC                 push    cx
seg000:39CD
seg000:39CD loc_F039CD:                             ; CODE XREF: int10h_13_Write_string+5F↓j
seg000:39CD                 push    bx
seg000:39CE                 push    39FFh
seg000:39D1                 mov     ds, cs:BDA_Segment
seg000:39D6                 assume ds:nothing
seg000:39D6                 mov     cx, [bx]
seg000:39D8                 lds     si, ds:0CDh
seg000:39DC                 assume ds:seg000
seg000:39DC                 test    [bp+Sanyo_int_stack_frame.reg_al], 2
seg000:39E0                 jnz     short loc_F039E7
seg000:39E2                 lodsb
seg000:39E3                 mov     ah, [bp+Sanyo_int_stack_frame.reg_bl]
seg000:39E3 ; ---------------------------------------------------------------------------
seg000:39E6                 db  3Ch ; <             ; 3Ch tricks again, disarms inctruction below into harmless "cmp ax, x" allowing reuse
seg000:39E7 ; ---------------------------------------------------------------------------
seg000:39E7
seg000:39E7 loc_F039E7:                             ; CODE XREF: int10h_13_Write_string+34↑j
seg000:39E7                 lodsw
seg000:39E8                 push    ds
seg000:39E9                 mov     ds, cs:BDA_Segment
seg000:39EE                 assume ds:nothing
seg000:39EE                 mov     ds:0CDh, si
seg000:39F2                 pop     ds
seg000:39F3                 assume ds:seg000
seg000:39F3                 push    es
seg000:39F4                 pop     ds
seg000:39F5                 assume ds:nothing
seg000:39F5                 call    handle_control_char_in_al
seg000:39F8                 call    sub_F03B63
seg000:39FB                 call    int10h_something_helper
seg000:39FE                 pop     cx
seg000:39FF                 pop     bx
seg000:3A00                 push    ds
seg000:3A01                 mov     ds, cs:BDA_Segment
seg000:3A06                 assume ds:nothing
seg000:3A06                 dec     word ptr ds:0CBh
seg000:3A0A                 pop     ds
seg000:3A0B                 assume ds:seg000
seg000:3A0B                 jnz     short loc_F039CD
seg000:3A0D                 test    [bp+Sanyo_int_stack_frame.reg_al], 1
seg000:3A11                 pop     ax
seg000:3A12                 jnz     short locret_F03A31
seg000:3A14                 push    ds
seg000:3A15                 mov     ds, cs:BDA_Segment
seg000:3A1A                 assume ds:nothing
seg000:3A1A                 mov     [bx], ax
seg000:3A1C                 pop     ds
seg000:3A1D                 assume ds:seg000
seg000:3A1D                 jmp     loc_F03942
seg000:3A20 ; ---------------------------------------------------------------------------
seg000:3A20
seg000:3A20 int10h_9_Write_character_and_attribute_at_cursor: ; DATA XREF: int_10h_video_text_modes_dispatch:off_F0381A↑o
seg000:3A20                 call    sub_F03B12
seg000:3A23                 mov     cx, word ptr [bp+Sanyo_int_stack_frame.reg_cl]
seg000:3A26                 mov     bl, [bp+Sanyo_int_stack_frame.reg_al]
seg000:3A29                 mov     bh, [bp+Sanyo_int_stack_frame.reg_bl]
seg000:3A2C
seg000:3A2C loc_F03A2C:                             ; CODE XREF: int10h_13_Write_string+83↓j
seg000:3A2C                 call    loc_F03B89
seg000:3A2F                 loop    loc_F03A2C
seg000:3A31
seg000:3A31 locret_F03A31:                          ; CODE XREF: int10h_13_Write_string+66↑j
seg000:3A31                 retn
seg000:3A31 int10h_13_Write_string endp ; sp-analysis failed
seg000:3A31
seg000:3A32
seg000:3A32 ; =============== S U B R O U T I N E =======================================
seg000:3A32
seg000:3A32
seg000:3A32 handle_control_char proc near           ; CODE XREF: int10h_E_Write_Teletype_graphic_modes+6↑p int10h_E_Write_Teletype+6↓p
seg000:3A32                 mov     al, [bp+Sanyo_int_stack_frame.reg_al]
seg000:3A35
seg000:3A35 handle_control_char_in_al:              ; CODE XREF: int10h_13_Write_string_graphic_modes+4B↑p int10h_13_Write_string+49↑p
seg000:3A35                 cmp     al, ASCII_CR_Enter
seg000:3A37                 jbe     short control_char
seg000:3A39
seg000:3A39 end:                                    ; CODE XREF: handle_control_char+C↓j
seg000:3A39                 retn
seg000:3A3A ; ---------------------------------------------------------------------------
seg000:3A3A
seg000:3A3A control_char:                           ; CODE XREF: handle_control_char+5↑j
seg000:3A3A                 jz      short Carriage_Return
seg000:3A3C                 cmp     al, ASCII_BELL
seg000:3A3E                 jb      short end
seg000:3A40                 jz      short BELL
seg000:3A42                 cmp     al, ASCII_Tab
seg000:3A44                 jb      short BackSpace
seg000:3A46                 cmp     al, ASCII_LF_Line_Feed
seg000:3A48                 pop     ax
seg000:3A49                 call    loc_F03AF1
seg000:3A4C                 push    ds
seg000:3A4D                 mov     ds, cs:BDA_Segment
seg000:3A52                 assume ds:nothing
seg000:3A52                 mov     [bx+1], ch
seg000:3A55                 jnb     short loc_F03A61
seg000:3A57                 mov     ax, ds:BDA_4Ah_video_columns_per_row
seg000:3A5A                 shl     ax, 1
seg000:3A5C                 add     di, ax
seg000:3A5E                 pop     ds
seg000:3A5F                 jmp     short update_cursor_position_conditional_C5
seg000:3A61 ; ---------------------------------------------------------------------------
seg000:3A61
seg000:3A61 loc_F03A61:                             ; CODE XREF: handle_control_char+23↑j
seg000:3A61                 mov     ax, ds:BDA_4Ah_video_columns_per_row
seg000:3A64                 shl     ax, 1
seg000:3A66                 add     di, ax
seg000:3A68                 pop     ds
seg000:3A69                 assume ds:seg000
seg000:3A69                 retn
seg000:3A6A ; ---------------------------------------------------------------------------
seg000:3A6A
seg000:3A6A BELL:                                   ; CODE XREF: handle_control_char+E↑j
seg000:3A6A                 pop     ax
seg000:3A6B                 jmp     ring_BELL
seg000:3A6E ; ---------------------------------------------------------------------------
seg000:3A6E
seg000:3A6E Carriage_Return:                        ; CODE XREF: handle_control_char:control_char↑j
seg000:3A6E                 pop     ax
seg000:3A6F                 push    ds
seg000:3A70                 mov     ds, cs:BDA_Segment
seg000:3A75                 assume ds:nothing
seg000:3A75                 mov     byte ptr [bx], 0
seg000:3A78                 pop     ds
seg000:3A79                 assume ds:seg000
seg000:3A79                 xor     ch, ch
seg000:3A7B                 sub     di, cx
seg000:3A7D                 sub     di, cx
seg000:3A7F                 jmp     short update_cursor_position_conditional_C5
seg000:3A81 ; ---------------------------------------------------------------------------
seg000:3A81
seg000:3A81 BackSpace:                              ; CODE XREF: handle_control_char+12↑j
seg000:3A81                 pop     ax
seg000:3A82                 push    ds
seg000:3A83                 mov     ds, cs:BDA_Segment
seg000:3A88                 assume ds:nothing
seg000:3A88                 dec     byte ptr [bx]
seg000:3A8A                 js      short loc_F03A91
seg000:3A8C                 dec     di
seg000:3A8D                 dec     di
seg000:3A8E                 pop     ds
seg000:3A8F                 assume ds:seg000
seg000:3A8F                 jmp     short update_cursor_position_conditional_C5
seg000:3A91 ; ---------------------------------------------------------------------------
seg000:3A91
seg000:3A91 loc_F03A91:                             ; CODE XREF: handle_control_char+58↑j
seg000:3A91                 mov     byte ptr [bx], 0
seg000:3A94                 pop     ds
seg000:3A95                 retn
seg000:3A95 handle_control_char endp ; sp-analysis failed
seg000:3A95
seg000:3A96
seg000:3A96 ; =============== S U B R O U T I N E =======================================
seg000:3A96
seg000:3A96
seg000:3A96 int10h_E_Write_Teletype proc near       ; DATA XREF: int_10h_video_text_modes_dispatch:off_F0381A↑o
seg000:3A96                 call    get_cursor
seg000:3A99                 mov     al, [bp+Sanyo_int_stack_frame.reg_al]
seg000:3A9C                 call    handle_control_char
seg000:3A9F                 call    loc_F03BA2
seg000:3AA2
seg000:3AA2 loc_F03AA2:                             ; CODE XREF: int10h_E_Write_Teletype_graphic_modes+21↑j
seg000:3AA2                 inc     di
seg000:3AA2 int10h_E_Write_Teletype endp
seg000:3AA2
seg000:3AA3                 assume ds:nothing
seg000:3AA3
seg000:3AA3 ; =============== S U B R O U T I N E =======================================
seg000:3AA3
seg000:3AA3
seg000:3AA3 int10h_something_helper proc near       ; CODE XREF: int10h_13_Write_string_graphic_modes+64↑p int10h_13_Write_string+4F↑p
seg000:3AA3                 call    sub_F03AE0
seg000:3AA6
seg000:3AA6 loc_F03AA6:                             ; CODE XREF: int10h_2_Set_cursor_position+14↑j
seg000:3AA6                 push    ds
seg000:3AA7                 mov     ds, cs:BDA_Segment
seg000:3AAC                 mov     [bx], cx
seg000:3AAE                 pop     ds
seg000:3AAF
seg000:3AAF update_cursor_position_conditional_C5:  ; CODE XREF: int10h_5_Select_active_display_page+31↑j handle_control_char+2D↑j ...
seg000:3AAF                 push    ds
seg000:3AB0                 mov     ds, cs:BDA_Segment
seg000:3AB5                 test    byte ptr ds:BDA_C5h_Sanyo_Video_Flags, BDA_C5h_b5_update_cursor_position
seg000:3ABA                 jnz     short update_cursor_position
seg000:3ABC                 pop     ds
seg000:3ABD                 jmp     short end
seg000:3ABF ; ---------------------------------------------------------------------------
seg000:3ABF
seg000:3ABF update_cursor_position:                 ; CODE XREF: int10h_something_helper+17↑j
seg000:3ABF                 mov     bx, di
seg000:3AC1                 shr     bx, 1
seg000:3AC3                 add     bx, ds:BDA_C2h_Sanyo_active_display_page_offset
seg000:3AC7                 mov     ax, 0F0Eh       ; IO_Port_3D4h_CRTC_Index_CGA
seg000:3AC7                                         ; IO_Port_3D4h_CRTC_Idx_f_CURSOR_ADDR_L IO_Port_3D4h_CRTC_Idx_e_CURSOR_ADDR_H
seg000:3ACA                 pop     ds
seg000:3ACB
seg000:3ACB CRTC_write_two_AX_registers_with_BX:    ; CODE XREF: int10h_1_Set_cursor_type+D↑j int10h_5_Select_active_display_page+19↑p
seg000:3ACB                 out     dx, al          ; IO_Port_3D4h_CRTC_Index_CGA
seg000:3ACC                 inc     dx
seg000:3ACD                 xchg    al, bh
seg000:3ACF                 out     dx, al          ; IO_Port_3D5h_CRTC_Data
seg000:3AD0                 xchg    al, bh
seg000:3AD2                 dec     dx
seg000:3AD3                 xchg    al, bl
seg000:3AD5                 xchg    al, ah
seg000:3AD7                 out     dx, al          ; IO_Port_3D4h_CRTC_Index_CGA
seg000:3AD8                 inc     dx
seg000:3AD9                 xchg    ah, al
seg000:3ADB                 out     dx, al          ; IO_Port_3D5h_CRTC_Data
seg000:3ADC                 dec     dx
seg000:3ADD                 xchg    ah, al
seg000:3ADF
seg000:3ADF end:                                    ; CODE XREF: int10h_something_helper+1A↑j
seg000:3ADF                 retn
seg000:3ADF int10h_something_helper endp
seg000:3ADF
seg000:3AE0
seg000:3AE0 ; =============== S U B R O U T I N E =======================================
seg000:3AE0
seg000:3AE0
seg000:3AE0 sub_F03AE0      proc near               ; CODE XREF: int10h_something_helper↑p
seg000:3AE0                 inc     cx
seg000:3AE1                 push    ds
seg000:3AE2                 mov     ds, cs:BDA_Segment
seg000:3AE7                 cmp     cl, ds:BDA_4Ah_video_columns_per_row
seg000:3AEB                 pop     ds
seg000:3AEC                 assume ds:seg000
seg000:3AEC                 jz      short loc_F03AEF
seg000:3AEE
seg000:3AEE end:                                    ; CODE XREF: sub_F03AE0+16↓j
seg000:3AEE                 retn
seg000:3AEF ; ---------------------------------------------------------------------------
seg000:3AEF
seg000:3AEF loc_F03AEF:                             ; CODE XREF: sub_F03AE0+C↑j
seg000:3AEF                 mov     cl, 0
seg000:3AF1
seg000:3AF1 loc_F03AF1:                             ; CODE XREF: handle_control_char+17↑p
seg000:3AF1                 inc     ch
seg000:3AF3                 cmp     ch, 25
seg000:3AF6                 jnz     short end
seg000:3AF8                 push    cx
seg000:3AF9                 push    di
seg000:3AFA                 call    sub_F03D60
seg000:3AFD                 pop     di
seg000:3AFE                 push    ds
seg000:3AFF                 mov     ds, cs:BDA_Segment
seg000:3B04                 assume ds:nothing
seg000:3B04                 mov     cx, ds:BDA_4Ah_video_columns_per_row
seg000:3B08                 pop     ds
seg000:3B09                 assume ds:nothing
seg000:3B09                 shl     cx, 1
seg000:3B0B                 sub     di, cx
seg000:3B0D                 pop     cx
seg000:3B0E                 sub     ch, 1
seg000:3B11                 retn
seg000:3B11 sub_F03AE0      endp
seg000:3B11
seg000:3B12
seg000:3B12 ; =============== S U B R O U T I N E =======================================
seg000:3B12
seg000:3B12
seg000:3B12 sub_F03B12      proc near               ; CODE XREF: int10h_8_Read_character_and_attribute_at_cursor↑p int10h_2_Set_cursor_position↑p ...
seg000:3B12                 mov     bl, bh
seg000:3B14
seg000:3B14 loc_F03B14:                             ; CODE XREF: int10h_13_Write_string_graphic_modes+10↑p int10h_9A_Write_character_at_cursor_and_attribute_graphic_modes+3↑p
seg000:3B14                 cmp     bl, ds:BDA_62h_video_active_page
seg000:3B18                 jz      short loc_F03B3B
seg000:3B1A                 mov     al, ds:BDA_4Dh_video_active_page_size_High_byte
seg000:3B1D                 mul     bl
seg000:3B1F                 shl     ax, 1
seg000:3B21                 shl     ax, 1
seg000:3B23                 shl     ax, 1
seg000:3B25                 shl     ax, 1
seg000:3B27                 mov     bh, ds:0C1h
seg000:3B2B                 and     bh, 10111000b
seg000:3B2E                 or      ah, bh
seg000:3B30                 and     byte ptr ds:BDA_C5h_Sanyo_Video_Flags, not (BDA_C5h_b5_update_cursor_position)
seg000:3B35                 jmp     short loc_F03B43
seg000:3B35 sub_F03B12      endp
seg000:3B35
seg000:3B37
seg000:3B37 ; =============== S U B R O U T I N E =======================================
seg000:3B37
seg000:3B37
seg000:3B37 get_cursor      proc near               ; CODE XREF: int10h_E_Write_Teletype_graphic_modes↑p int10h_5_Select_active_display_page+2E↑p ...
seg000:3B37                 mov     bl, ds:BDA_62h_video_active_page
seg000:3B3B
seg000:3B3B loc_F03B3B:                             ; CODE XREF: sub_F03B12+6↑j
seg000:3B3B                 mov     ax, ds:BDA_C0h_Sanyo_video_seg
seg000:3B3E                 or      byte ptr ds:BDA_C5h_Sanyo_Video_Flags, BDA_C5h_b5_update_cursor_position
seg000:3B43
seg000:3B43 loc_F03B43:                             ; CODE XREF: sub_F03B12+23↑j
seg000:3B43                 mov     ds, ax
seg000:3B45                 assume ds:seg000
seg000:3B45                 mov     es, ax
seg000:3B47                 assume es:seg000
seg000:3B47
seg000:3B47 get_cursor_page_bl:                     ; CODE XREF: sub_F03B5F+2↓j
seg000:3B47                 xor     bh, bh
seg000:3B49                 push    ds
seg000:3B4A                 mov     ds, cs:BDA_Segment
seg000:3B4F                 assume ds:nothing
seg000:3B4F                 mov     dx, ds:BDA_63h_CRTC_6845_base_address
seg000:3B53                 shl     bx, 1
seg000:3B55                 add     bx, BDA_50h_cursor_pos_page0
seg000:3B59                 mov     cx, [bx]
seg000:3B5B                 pop     ds
seg000:3B5C                 assume ds:seg000
seg000:3B5C                 jmp     cursor_coordinates_to_offset
seg000:3B5C get_cursor      endp
seg000:3B5C
seg000:3B5F
seg000:3B5F ; =============== S U B R O U T I N E =======================================
seg000:3B5F
seg000:3B5F
seg000:3B5F sub_F03B5F      proc near               ; CODE XREF: int10h_3_Read_cursor_position↑p
seg000:3B5F                 xchg    bh, bl
seg000:3B61                 jmp     short get_cursor_page_bl
seg000:3B61 sub_F03B5F      endp
seg000:3B61
seg000:3B63                 assume ds:nothing
seg000:3B63
seg000:3B63 ; =============== S U B R O U T I N E =======================================
seg000:3B63
seg000:3B63
seg000:3B63 sub_F03B63      proc near               ; CODE XREF: int10h_13_Write_string+4C↑p
seg000:3B63                 test    byte ptr ds:BDA_C5h_Sanyo_Video_Flags, BDA_C5h_b6_CRTC_no_readback or BDA_C5h_b4_MDA
seg000:3B68                 jnz     short loc_F03BA0
seg000:3B6A                 push    bx
seg000:3B6B                 mov     bx, ax
seg000:3B6D                 jmp     short loc_F03B98
seg000:3B6D sub_F03B63      endp
seg000:3B6D
seg000:3B6F
seg000:3B6F ; =============== S U B R O U T I N E =======================================
seg000:3B6F
seg000:3B6F
seg000:3B6F sub_F03B6F      proc near               ; CODE XREF: int10h_8_Read_character_and_attribute_at_cursor+3↑p sub_F042EC+10↓p
seg000:3B6F                 push    ds
seg000:3B70                 mov     ds, cs:BDA_Segment
seg000:3B75                 assume ds:nothing
seg000:3B75                 test    byte ptr ds:BDA_C5h_Sanyo_Video_Flags, BDA_C5h_b6_CRTC_no_readback or BDA_C5h_b4_MDA
seg000:3B7A                 pop     ds
seg000:3B7B                 assume ds:seg000
seg000:3B7B                 jnz     short loc_F03B84
seg000:3B7D                 push    bx
seg000:3B7E                 push    cx
seg000:3B7F                 mov     cx, offset read_word
seg000:3B82                 jmp     short CGA_snow_protected_dispatch_cx
seg000:3B84 ; ---------------------------------------------------------------------------
seg000:3B84
seg000:3B84 loc_F03B84:                             ; CODE XREF: sub_F03B6F+C↑j
seg000:3B84                 mov     ax, [di]
seg000:3B86                 inc     di
seg000:3B87                 inc     di
seg000:3B88                 retn
seg000:3B89 ; ---------------------------------------------------------------------------
seg000:3B89
seg000:3B89 loc_F03B89:                             ; CODE XREF: int10h_13_Write_string:loc_F03A2C↑p
seg000:3B89                 push    ds
seg000:3B8A                 mov     ds, cs:BDA_Segment
seg000:3B8F                 assume ds:nothing
seg000:3B8F                 test    byte ptr ds:BDA_C5h_Sanyo_Video_Flags, BDA_C5h_b6_CRTC_no_readback or BDA_C5h_b4_MDA
seg000:3B94                 pop     ds
seg000:3B95                 assume ds:seg000
seg000:3B95                 jnz     short loc_F03B9E
seg000:3B97                 push    bx
seg000:3B98
seg000:3B98 loc_F03B98:                             ; CODE XREF: sub_F03B63+A↑j
seg000:3B98                 push    cx
seg000:3B99                 mov     cx, offset store_word
seg000:3B9C                 jmp     short CGA_snow_protected_dispatch_cx
seg000:3B9E ; ---------------------------------------------------------------------------
seg000:3B9E
seg000:3B9E loc_F03B9E:                             ; CODE XREF: sub_F03B6F+26↑j
seg000:3B9E                 mov     ax, bx
seg000:3BA0
seg000:3BA0 loc_F03BA0:                             ; CODE XREF: sub_F03B63+5↑j
seg000:3BA0                 stosw
seg000:3BA1                 retn
seg000:3BA2 ; ---------------------------------------------------------------------------
seg000:3BA2
seg000:3BA2 loc_F03BA2:                             ; CODE XREF: int10h_A_Write_character_at_cursor:loc_F039A5↑p int10h_E_Write_Teletype+9↑p
seg000:3BA2                 push    ds
seg000:3BA3                 mov     ds, cs:BDA_Segment
seg000:3BA8                 assume ds:nothing
seg000:3BA8                 test    byte ptr ds:BDA_C5h_Sanyo_Video_Flags, BDA_C5h_b6_CRTC_no_readback or BDA_C5h_b4_MDA
seg000:3BAD                 pop     ds
seg000:3BAE                 assume ds:seg000
seg000:3BAE                 jnz     short store_byte_immediate
seg000:3BB0                 push    bx
seg000:3BB1                 push    cx
seg000:3BB2                 mov     bl, [bp+Sanyo_int_stack_frame.reg_al]
seg000:3BB5                 mov     cx, offset store_byte
seg000:3BB8                 jmp     short CGA_snow_protected_dispatch_cx
seg000:3BBA ; ---------------------------------------------------------------------------
seg000:3BBA
seg000:3BBA store_byte_immediate:                   ; CODE XREF: sub_F03B6F+3F↑j
seg000:3BBA                 mov     al, [bp+Sanyo_int_stack_frame.reg_al]
seg000:3BBD                 stosb
seg000:3BBE                 retn
seg000:3BBF ; ---------------------------------------------------------------------------
seg000:3BBF
seg000:3BBF CGA_snow_protected_dispatch_cx:         ; CODE XREF: sub_F03B6F+13↑j sub_F03B6F+2D↑j ...
seg000:3BBF                 add     dx, 6
seg000:3BC2                 push    cx
seg000:3BC3                 cli
seg000:3BC4
seg000:3BC4 RETRACE_wait_loop:                      ; CODE XREF: sub_F03B6F+58↓j
seg000:3BC4                 in      al, dx          ; IO_Port_3DAh_CRTC_Status
seg000:3BC5                 shr     ax, IO_Port_3DAh_RETRACE ; or EGA_FC0_write
seg000:3BC7                 jnb     short RETRACE_wait_loop
seg000:3BC9                 mov     cx, 1Eh
seg000:3BCC
seg000:3BCC RETRACE_end_wait_loop:                  ; CODE XREF: sub_F03B6F+60↓j
seg000:3BCC                 in      al, dx
seg000:3BCD                 test    al, IO_Port_3DAh_RETRACE ; or EGA_FC0_write
seg000:3BCF                 loopne  RETRACE_end_wait_loop
seg000:3BD1                 xor     cx, cx
seg000:3BD3                 push    ds
seg000:3BD4                 mov     ds, cs:BDA_Segment
seg000:3BD9                 assume ds:nothing
seg000:3BD9                 mov     cl, ds:BDA_C4h_Sanyo_CPU_tuned_delay_constant_25_40us
seg000:3BDD                 pop     ds
seg000:3BDE                 assume ds:seg000
seg000:3BDE
seg000:3BDE cpu_compensated_delay_around_30us_loop: ; CODE XREF: sub_F03B6F:cpu_compensated_delay_around_30us_loop↓j
seg000:3BDE                 loop    cpu_compensated_delay_around_30us_loop
seg000:3BE0                 pop     cx
seg000:3BE1                 jmp     cx
seg000:3BE3 ; ---------------------------------------------------------------------------
seg000:3BE3
seg000:3BE3 read_word:                              ; DATA XREF: sub_F03B6F+10↑o
seg000:3BE3                 mov     ax, [di]
seg000:3BE3 ; ---------------------------------------------------------------------------
seg000:3BE5                 db 3Dh                  ; 3Dh tricks again, disarms inctruction below into harmless "cmp ax, x" allowing reuse
seg000:3BE6 ; ---------------------------------------------------------------------------
seg000:3BE6
seg000:3BE6 store_word:                             ; DATA XREF: sub_F03B6F+2A↑o
seg000:3BE6                 mov     [di], bx
seg000:3BE8                 inc     di
seg000:3BE8 ; ---------------------------------------------------------------------------
seg000:3BE9                 db 3Dh                  ; 3Dh tricks again, disarms inctruction below into harmless "cmp ax, x" allowing reuse
seg000:3BEA ; ---------------------------------------------------------------------------
seg000:3BEA
seg000:3BEA store_byte:                             ; DATA XREF: sub_F03B6F+46↑o
seg000:3BEA                 mov     [di], bl
seg000:3BEC                 sti
seg000:3BED                 inc     di
seg000:3BEE                 pop     cx
seg000:3BEF                 pop     bx
seg000:3BF0                 sub     dx, 6
seg000:3BF3                 retn
seg000:3BF3 sub_F03B6F      endp
seg000:3BF3
seg000:3BF4
seg000:3BF4 ; =============== S U B R O U T I N E =======================================
seg000:3BF4
seg000:3BF4
seg000:3BF4 int10h_6_Scroll_Window_up proc near     ; DATA XREF: int_10h_video_text_modes_dispatch:off_F0381A↑o
seg000:3BF4                 call    sub_F03CB0
seg000:3BF7                 push    ds
seg000:3BF8                 mov     ds, cs:BDA_Segment
seg000:3BFD                 assume ds:nothing
seg000:3BFD                 call    somwething_columnsa
seg000:3C00                 mov     cl, ds:BDA_4Ah_video_columns_per_row
seg000:3C04                 sub     cl, bl
seg000:3C06                 sbb     ch, ch
seg000:3C08                 sbb     bh, 0
seg000:3C0B                 jnb     short loc_F03C24
seg000:3C0D                 mov     bh, 0
seg000:3C0F                 cmp     byte ptr ds:BDA_4Ah_video_columns_per_row, 80
seg000:3C14                 jnz     short loc_F03C19
seg000:3C16                 sub     si, 80
seg000:3C19
seg000:3C19 loc_F03C19:                             ; CODE XREF: int10h_6_Scroll_Window_up+20↑j
seg000:3C19                 sub     si, 80
seg000:3C1C                 cmp     si, di
seg000:3C1E                 jnb     short loc_F03C24
seg000:3C20                 add     si, 4000
seg000:3C24
seg000:3C24 loc_F03C24:                             ; CODE XREF: int10h_6_Scroll_Window_up+17↑j int10h_6_Scroll_Window_up+2A↑j
seg000:3C24                 shl     cx, 1
seg000:3C26                 jmp     short loc_F03C7D
seg000:3C28 ; ---------------------------------------------------------------------------
seg000:3C28
seg000:3C28 int10h_7_Scroll_Window_down:            ; DATA XREF: int_10h_video_text_modes_dispatch:off_F0381A↑o
seg000:3C28                 call    sub_F03CB0
seg000:3C2B                 push    ds
seg000:3C2C                 mov     ds, cs:BDA_Segment
seg000:3C31                 add     ah, bh
seg000:3C33                 add     ch, bh
seg000:3C35                 call    somwething_columnsa
seg000:3C38                 mov     ah, 0
seg000:3C3A                 push    ax
seg000:3C3B                 inc     ax
seg000:3C3C                 inc     ax
seg000:3C3D                 mov     cl, ds:BDA_4Ah_video_columns_per_row
seg000:3C41                 mov     ch, 0
seg000:3C43                 cmp     cl, bl
seg000:3C45                 jnb     short loc_F03C73
seg000:3C47                 sub     cl, bl
seg000:3C49                 pushf
seg000:3C4A                 mov     al, cl
seg000:3C4C                 inc     ax
seg000:3C4D                 shl     ax, 1
seg000:3C4F                 popf
seg000:3C50                 sbb     ch, ch
seg000:3C52                 sbb     bh, 0
seg000:3C55                 jnb     short loc_F03C6E
seg000:3C57                 mov     bh, 0
seg000:3C59                 cmp     byte ptr ds:BDA_4Ah_video_columns_per_row, 80
seg000:3C5E                 jnz     short loc_F03C63
seg000:3C60                 add     di, 80
seg000:3C63
seg000:3C63 loc_F03C63:                             ; CODE XREF: int10h_6_Scroll_Window_up+6A↑j
seg000:3C63                 add     di, 80
seg000:3C66                 cmp     di, si
seg000:3C68                 jb      short loc_F03C6E
seg000:3C6A                 sub     di, 4000
seg000:3C6E
seg000:3C6E loc_F03C6E:                             ; CODE XREF: int10h_6_Scroll_Window_up+61↑j int10h_6_Scroll_Window_up+74↑j
seg000:3C6E                 shl     cx, 1
seg000:3C70                 inc     sp
seg000:3C71                 inc     sp
seg000:3C71 ; ---------------------------------------------------------------------------
seg000:3C72                 db 3Ch
seg000:3C73 ; ---------------------------------------------------------------------------
seg000:3C73
seg000:3C73 loc_F03C73:                             ; CODE XREF: int10h_6_Scroll_Window_up+51↑j
seg000:3C73                 pop     cx
seg000:3C74                 sub     si, ax
seg000:3C76                 sub     di, ax
seg000:3C78                 neg     cx
seg000:3C7A                 std
seg000:3C7B                 xchg    si, di
seg000:3C7D
seg000:3C7D loc_F03C7D:                             ; CODE XREF: int10h_6_Scroll_Window_up+32↑j
seg000:3C7D                 pop     ds
seg000:3C7E                 assume ds:seg000
seg000:3C7E                 jmp     short sub_F03CFD
seg000:3C7E int10h_6_Scroll_Window_up endp
seg000:3C7E
seg000:3C80 ; ---------------------------------------------------------------------------
seg000:3C80                 nop
seg000:3C81
seg000:3C81 ; =============== S U B R O U T I N E =======================================
seg000:3C81
seg000:3C81
seg000:3C81 somwething_columnsa proc near           ; CODE XREF: int10h_6_Scroll_Window_up+9↑p int10h_6_Scroll_Window_up+41↑p
seg000:3C81                 push    ds
seg000:3C82                 mov     ds, cs:BDA_Segment
seg000:3C87                 assume ds:nothing
seg000:3C87                 mov     si, ax
seg000:3C89                 mov     al, ah
seg000:3C8B                 mul     byte ptr ds:BDA_4Ah_video_columns_per_row
seg000:3C8F                 add     al, cl
seg000:3C91                 adc     ah, 0
seg000:3C94                 shl     ax, 1
seg000:3C96                 xchg    ax, si
seg000:3C97                 pop     ds
seg000:3C97 somwething_columnsa endp
seg000:3C97
seg000:3C98
seg000:3C98 ; =============== S U B R O U T I N E =======================================
seg000:3C98
seg000:3C98
seg000:3C98 cursor_coordinates_to_offset proc near  ; CODE XREF: int10h_2_Set_cursor_position+11↑p int10h_13_Write_string+14↑p ...
seg000:3C98                 push    ds
seg000:3C99                 mov     ds, cs:BDA_Segment
seg000:3C9E                 mov     di, ax
seg000:3CA0                 mov     al, ch
seg000:3CA2                 mul     byte ptr ds:BDA_4Ah_video_columns_per_row
seg000:3CA6                 add     al, cl
seg000:3CA8                 adc     ah, 0
seg000:3CAB                 shl     ax, 1
seg000:3CAD                 xchg    ax, di
seg000:3CAE                 pop     ds
seg000:3CAF                 retn
seg000:3CAF cursor_coordinates_to_offset endp
seg000:3CAF
seg000:3CB0
seg000:3CB0 ; =============== S U B R O U T I N E =======================================
seg000:3CB0
seg000:3CB0
seg000:3CB0 sub_F03CB0      proc near               ; CODE XREF: sub_F02953↑p int10h_6_Scroll_Window_up↑p ...
seg000:3CB0                 call    get_cursor
seg000:3CB3                 mov     cx, word ptr [bp+Sanyo_int_stack_frame.reg_cl]
seg000:3CB6                 mov     bx, word ptr [bp+Sanyo_int_stack_frame.reg_dl]
seg000:3CB9                 push    ds
seg000:3CBA                 mov     ds, cs:BDA_Segment
seg000:3CBF                 cmp     byte ptr ds:BDA_49h_video_active_mode, VIDEO_MODE_320x200_Color_GRA
seg000:3CC4                 jb      short loc_F03CCC
seg000:3CC6                 cmp     cl, bl
seg000:3CC8                 jbe     short loc_F03CCC
seg000:3CCA                 xchg    cl, bl
seg000:3CCC
seg000:3CCC loc_F03CCC:                             ; CODE XREF: sub_F03CB0+14↑j sub_F03CB0+18↑j
seg000:3CCC                 mov     al, ds:BDA_4Ah_video_columns_per_row
seg000:3CCF                 call    sub_F03CF2
seg000:3CD2                 mov     ah, bh
seg000:3CD4                 sub     bl, cl
seg000:3CD6                 sub     bh, ch
seg000:3CD8                 add     bx, 101h
seg000:3CDC                 cmp     [bp+Sanyo_int_stack_frame.reg_al], 0
seg000:3CE0                 jz      short loc_F03CE6
seg000:3CE2                 sub     bh, [bp+Sanyo_int_stack_frame.reg_al]
seg000:3CE2 ; ---------------------------------------------------------------------------
seg000:3CE5                 db 3Dh                  ; 3Dh tricks again, disarms inctruction below into harmless "cmp ax, x" allowing reuse
seg000:3CE6 ; ---------------------------------------------------------------------------
seg000:3CE6
seg000:3CE6 loc_F03CE6:
seg000:3CE6                 xor     bh, bh
seg000:3CE8                 sub     al, bl
seg000:3CEA                 shl     al, 1
seg000:3CEC                 sub     ah, bh
seg000:3CEE                 inc     ah
seg000:3CF0                 pop     ds
seg000:3CF1                 retn
seg000:3CF1 sub_F03CB0      endp ; sp-analysis failed
seg000:3CF1
seg000:3CF2
seg000:3CF2 ; =============== S U B R O U T I N E =======================================
seg000:3CF2
seg000:3CF2
seg000:3CF2 sub_F03CF2      proc near               ; CODE XREF: sub_F03CB0+1F↑p
seg000:3CF2                 mov     al, ds:BDA_4Ah_video_columns_per_row
seg000:3CF5                 cmp     bl, al
seg000:3CF7                 jb      short end
seg000:3CF9                 mov     bl, al
seg000:3CFB                 dec     bx
seg000:3CFC
seg000:3CFC end:                                    ; CODE XREF: sub_F03CF2+5↑j
seg000:3CFC                 retn
seg000:3CFC sub_F03CF2      endp
seg000:3CFC
seg000:3CFD
seg000:3CFD ; =============== S U B R O U T I N E =======================================
seg000:3CFD
seg000:3CFD
seg000:3CFD sub_F03CFD      proc near               ; CODE XREF: int10h_6_Scroll_Window_up+8A↑j
seg000:3CFD                 call    optional_VERT_RETRACE_blank_screen_CRTC_Mode_Control_to_ah
seg000:3D00                 push    ax
seg000:3D01                 push    dx
seg000:3D02                 mov     dx, cx
seg000:3D04                 xor     cx, cx
seg000:3D06                 or      bh, bh
seg000:3D08                 jz      short loc_F03D16
seg000:3D0A
seg000:3D0A loc_F03D0A:                             ; CODE XREF: sub_F03CFD+17↓j
seg000:3D0A                 mov     cl, bl
seg000:3D0C                 rep movsw
seg000:3D0E                 add     si, dx
seg000:3D10                 add     di, dx
seg000:3D12                 dec     bh
seg000:3D14                 jnz     short loc_F03D0A
seg000:3D16
seg000:3D16 loc_F03D16:                             ; CODE XREF: sub_F03CFD+B↑j
seg000:3D16                 mov     al, 20h
seg000:3D18                 mov     ah, [bp+Sanyo_int_stack_frame.reg_bh]
seg000:3D1B
seg000:3D1B loc_F03D1B:                             ; CODE XREF: sub_F03CFD+26↓j
seg000:3D1B                 mov     cl, bl
seg000:3D1D                 rep stosw
seg000:3D1F                 add     di, dx
seg000:3D21                 cmp     di, si
seg000:3D23                 jnz     short loc_F03D1B
seg000:3D25                 pop     dx
seg000:3D26                 pop     ax
seg000:3D27                 call    optional_restore_CRTC_Mode_Control_from_ah
seg000:3D2A                 cld
seg000:3D2B                 retn
seg000:3D2B sub_F03CFD      endp
seg000:3D2B
seg000:3D2C
seg000:3D2C ; =============== S U B R O U T I N E =======================================
seg000:3D2C
seg000:3D2C
seg000:3D2C sub_F03D2C      proc near               ; CODE XREF: sub_F03D60+C↓j
seg000:3D2C                 xor     di, di
seg000:3D2E                 mov     ax, di
seg000:3D30                 mov     si, 320
seg000:3D33                 mov     cx, 24
seg000:3D36
seg000:3D36 loc_F03D36:                             ; CODE XREF: sub_F03D2C+D↓j
seg000:3D36                 call    sub_F03D47
seg000:3D39                 loop    loc_F03D36
seg000:3D3B                 inc     ch
seg000:3D3D                 rep stosw
seg000:3D3F                 inc     ch
seg000:3D41                 mov     di, 3E00h
seg000:3D44                 rep stosw
seg000:3D46                 retn
seg000:3D46 sub_F03D2C      endp
seg000:3D46
seg000:3D47
seg000:3D47 ; =============== S U B R O U T I N E =======================================
seg000:3D47
seg000:3D47
seg000:3D47 sub_F03D47      proc near               ; CODE XREF: sub_F03D2C:loc_F03D36↑p
seg000:3D47                 push    cx
seg000:3D48                 mov     cx, 160
seg000:3D4B                 rep movsw
seg000:3D4D                 push    si
seg000:3D4E                 push    di
seg000:3D4F                 add     si, 1EC0h
seg000:3D53                 add     di, 1EC0h
seg000:3D57                 mov     cx, 160
seg000:3D5A                 rep movsw
seg000:3D5C                 pop     di
seg000:3D5D                 pop     si
seg000:3D5E                 pop     cx
seg000:3D5F                 retn
seg000:3D5F sub_F03D47      endp
seg000:3D5F
seg000:3D60
seg000:3D60 ; =============== S U B R O U T I N E =======================================
seg000:3D60
seg000:3D60
seg000:3D60 sub_F03D60      proc near               ; CODE XREF: sub_F03AE0+1A↑p
seg000:3D60                 push    ds
seg000:3D61                 mov     ds, cs:BDA_Segment
seg000:3D66                 test    byte ptr ds:BDA_C5h_Sanyo_Video_Flags, BDA_C5h_b7_CGA_mode456
seg000:3D6B                 pop     ds
seg000:3D6C                 assume ds:seg000
seg000:3D6C                 jnz     short sub_F03D2C
seg000:3D6E                 call    optional_VERT_RETRACE_blank_screen_CRTC_Mode_Control_to_ah
seg000:3D71                 push    ax
seg000:3D72                 xor     di, di
seg000:3D74                 push    ds
seg000:3D75                 mov     ds, cs:BDA_Segment
seg000:3D7A                 assume ds:nothing
seg000:3D7A                 mov     ax, ds:BDA_4Ah_video_columns_per_row
seg000:3D7D                 pop     ds
seg000:3D7E                 assume ds:seg000
seg000:3D7E                 push    ax
seg000:3D7F                 shl     ax, 1
seg000:3D81                 mov     si, ax
seg000:3D83                 shl     ax, 1
seg000:3D85                 shl     ax, 1
seg000:3D87                 mov     cx, ax
seg000:3D89                 shl     ax, 1
seg000:3D8B                 add     cx, ax
seg000:3D8D                 rep movsw
seg000:3D8F                 mov     si, di
seg000:3D91                 mov     ax, [di]
seg000:3D93                 pop     cx
seg000:3D94                 mov     al, ' '
seg000:3D96                 rep stosw
seg000:3D98                 pop     ax
seg000:3D99                 call    optional_restore_CRTC_Mode_Control_from_ah
seg000:3D9C                 mov     di, si
seg000:3D9E                 retn
seg000:3D9E sub_F03D60      endp
seg000:3D9E
seg000:3D9F
seg000:3D9F ; =============== S U B R O U T I N E =======================================
seg000:3D9F
seg000:3D9F
seg000:3D9F optional_restore_CRTC_Mode_Control_from_ah proc near ; CODE XREF: sub_F03CFD+2A↑p sub_F03D60+39↑p ...
seg000:3D9F                 push    ds
seg000:3DA0                 mov     ds, cs:BDA_Segment
seg000:3DA5                 assume ds:nothing
seg000:3DA5                 test    byte ptr ds:BDA_C5h_Sanyo_Video_Flags, BDA_C5h_b6_CRTC_no_readback or BDA_C5h_b4_MDA
seg000:3DAA                 jnz     short end
seg000:3DAC
seg000:3DAC restore_CRTC_Mode_Control_from_ah:      ; CODE XREF: int10h_0_Set_video_mode+129↓j
seg000:3DAC                 mov     al, ah
seg000:3DAE                 out     dx, al          ; IO_Port_3D8h_CRTC_Mode_Control
seg000:3DAF                 sub     dx, 4
seg000:3DB2
seg000:3DB2 end:                                    ; CODE XREF: optional_restore_CRTC_Mode_Control_from_ah+B↑j
seg000:3DB2                 pop     ds
seg000:3DB3                 assume ds:seg000
seg000:3DB3                 retn
seg000:3DB3 optional_restore_CRTC_Mode_Control_from_ah endp
seg000:3DB3
seg000:3DB4
seg000:3DB4 ; =============== S U B R O U T I N E =======================================
seg000:3DB4
seg000:3DB4
seg000:3DB4 optional_VERT_RETRACE_blank_screen_CRTC_Mode_Control_to_ah proc near ; CODE XREF: sub_F03CFD↑p sub_F03D60+E↑p
seg000:3DB4                 push    es
seg000:3DB5                 mov     es, cs:BDA_Segment
seg000:3DBA                 assume es:nothing
seg000:3DBA                 test    byte ptr es:BDA_C5h_Sanyo_Video_Flags, BDA_C5h_b6_CRTC_no_readback or BDA_C5h_b4_MDA
seg000:3DC0                 jnz     short end
seg000:3DC2                 pop     es
seg000:3DC3                 assume es:seg000
seg000:3DC3
seg000:3DC3 VERT_RETRACE_blank_screen_CRTC_Mode_Control_to_ah: ; CODE XREF: int10h_0_Set_video_mode+109↓p
seg000:3DC3                 push    es
seg000:3DC4                 mov     es, cs:BDA_Segment
seg000:3DC9                 assume es:nothing
seg000:3DC9                 push    cx
seg000:3DCA                 xor     cx, cx
seg000:3DCC                 add     dx, 6
seg000:3DCF
seg000:3DCF VERT_RETRACE_loop:                      ; CODE XREF: optional_VERT_RETRACE_blank_screen_CRTC_Mode_Control_to_ah+1E↓j
seg000:3DCF                 in      al, dx          ; IO_Port_3DAh_CRTC_Status
seg000:3DD0                 test    al, IO_Port_3DAh_VERT_RETRACE
seg000:3DD2                 loope   VERT_RETRACE_loop
seg000:3DD4                 pop     cx
seg000:3DD5                 mov     al, es:BDA_65h_CRTC_Mode_Control
seg000:3DD9                 mov     ah, al
seg000:3DDB                 and     al, not (IO_Port_3D8h_Mode_VIDEO_ENABLE)
seg000:3DDD                 dec     dx
seg000:3DDE                 dec     dx
seg000:3DDF                 out     dx, al          ; IO_Port_3D8h_CRTC_Mode_Control
seg000:3DE0
seg000:3DE0 end:                                    ; CODE XREF: optional_VERT_RETRACE_blank_screen_CRTC_Mode_Control_to_ah+C↑j
seg000:3DE0                 pop     es
seg000:3DE1                 assume es:seg000
seg000:3DE1                 retn
seg000:3DE1 optional_VERT_RETRACE_blank_screen_CRTC_Mode_Control_to_ah endp
seg000:3DE1
seg000:3DE2
seg000:3DE2 ; =============== S U B R O U T I N E =======================================
seg000:3DE2
seg000:3DE2
seg000:3DE2 restore_CRTC_Mode_Control proc near     ; CODE XREF: Ctrl_Break_Pause_handler:loc_F02FAA↑p
seg000:3DE2                 push    ax
seg000:3DE3                 push    dx
seg000:3DE4                 push    ds
seg000:3DE5                 mov     ds, cs:BDA_Segment
seg000:3DEA                 assume ds:nothing
seg000:3DEA                 mov     ah, ds:BDA_65h_CRTC_Mode_Control
seg000:3DEE                 mov     dx, ds:BDA_63h_CRTC_6845_base_address
seg000:3DF2                 add     dx, 4
seg000:3DF5                 call    optional_restore_CRTC_Mode_Control_from_ah
seg000:3DF8                 pop     ds
seg000:3DF9                 assume ds:seg000
seg000:3DF9                 pop     dx
seg000:3DFA                 pop     ax
seg000:3DFB                 retn
seg000:3DFB restore_CRTC_Mode_Control endp
seg000:3DFB
seg000:3DFC
seg000:3DFC ; =============== S U B R O U T I N E =======================================
seg000:3DFC
seg000:3DFC ; Attributes: bp-based frame bp==sp
seg000:3DFC
seg000:3DFC jump_trampoline proc far                ; CODE XREF: int_15h_system+1E↑p sub_F00CFF:loc_F00D07↑p ...
seg000:3DFC
seg000:3DFC trampoline_max_index= word ptr  12h
seg000:3DFC
seg000:3DFC                 cld
seg000:3DFD                 sti
seg000:3DFE
seg000:3DFE jump_trampoline_:                       ; CODE XREF: int_13h_diskIO+C↑p
seg000:3DFE                 push    ax
seg000:3DFF                 push    bx
seg000:3E00                 push    cx
seg000:3E01                 push    dx
seg000:3E02                 push    si
seg000:3E03                 push    di
seg000:3E04                 push    bp
seg000:3E05                 push    ds
seg000:3E06                 push    es
seg000:3E07                 mov     bp, sp
seg000:3E09                 mov     si, [bp+trampoline_max_index]
seg000:3E0C                 push    cs
seg000:3E0D                 pop     ds
seg000:3E0E                 assume ds:nothing
seg000:3E0E                 mov     al, cs:[si]
seg000:3E11                 push    ax
seg000:3E12                 cmp     ah, al
seg000:3E14                 jbe     short calculate_jump_and_return_targets
seg000:3E16                 mov     ah, cs:[si]
seg000:3E19
seg000:3E19 calculate_jump_and_return_targets:      ; CODE XREF: jump_trampoline+18↑j
seg000:3E19                 inc     si
seg000:3E1A                 mov     al, ah
seg000:3E1C                 xor     ah, ah
seg000:3E1E                 shl     ax, 1
seg000:3E20                 add     si, ax
seg000:3E22                 pop     ax
seg000:3E23                 xor     ah, ah
seg000:3E25                 shl     ax, 1
seg000:3E27                 add     ax, 3
seg000:3E2A                 add     ax, [bp+trampoline_max_index]
seg000:3E2D                 mov     ds, cs:BDA_Segment
seg000:3E32                 assume ds:nothing
seg000:3E32                 call    jump_jumptable_push_ax_return
seg000:3E35                 pop     es
seg000:3E36                 pop     ds
seg000:3E37                 assume ds:seg000
seg000:3E37                 pop     bp
seg000:3E38                 pop     di
seg000:3E39                 pop     si
seg000:3E3A                 pop     dx
seg000:3E3B                 pop     cx
seg000:3E3C                 pop     bx
seg000:3E3D                 pop     ax
seg000:3E3E                 add     sp, 2
seg000:3E41                 iret
seg000:3E41 jump_trampoline endp ; sp-analysis failed
seg000:3E41
seg000:3E42
seg000:3E42 ; =============== S U B R O U T I N E =======================================
seg000:3E42
seg000:3E42
seg000:3E42 jump_jumptable_push_ax_return proc near ; CODE XREF: jump_trampoline+36↑p
seg000:3E42                 push    ax
seg000:3E43                 jmp     word ptr cs:[si]
seg000:3E43 jump_jumptable_push_ax_return endp
seg000:3E43
seg000:3E43 ; ---------------------------------------------------------------------------
seg000:3E46 i8_16_64        db      8               ; 0 ; DATA XREF: int10h_0_Set_video_mode+BD↓r
seg000:3E47                 db     16               ; 1
seg000:3E48                 db     64               ; 2
seg000:3E49 mode_to_Mode_Control db    0Eh               ; 0 ; DATA XREF: int10h_0_Set_video_mode+88↓r
seg000:3E4A                 db    0Ah               ; 1
seg000:3E4B                 db    0Fh               ; 2
seg000:3E4C                 db    0Bh               ; 3
seg000:3E4D                 db    0Ch               ; 4
seg000:3E4E                 db    10h               ; 5
seg000:3E4F                 db      0               ; 6
seg000:3E50                 db    0Bh               ; 7
seg000:3E51 CRTC_low_byte   db   0D4h               ; 0 ; DATA XREF: int10h_0_Set_video_mode+44↓o
seg000:3E52                 db   0D4h               ; 1 ; CGA_40X25
seg000:3E53                 db   0D4h               ; 2 ; CGA_80X25
seg000:3E54                 db   0B4h               ; 3 ; MDA
seg000:3E55
seg000:3E55 ; =============== S U B R O U T I N E =======================================
seg000:3E55
seg000:3E55 ; Attributes: bp-based frame
seg000:3E55
seg000:3E55 int10h_0_Set_video_mode proc near       ; DATA XREF: int_10h_video_text_modes_dispatch:off_F0381A↑o int_10h_video_text_modes_dispatch+33↑o
seg000:3E55
seg000:3E55 reg_al_requested_mode= byte ptr  10h
seg000:3E55
seg000:3E55                 mov     es, cs:BDA_Segment
seg000:3E5A                 assume es:nothing
seg000:3E5A                 mov     cx, 15
seg000:3E5D                 mov     di, BDA_49h_video_active_mode
seg000:3E60                 xor     ax, ax
seg000:3E62                 rep stosw               ; zero out video BDA registers
seg000:3E64                 mov     es:BDA_C2h_Sanyo_active_display_page_offset, ax
seg000:3E68                 and     byte ptr es:BDA_C5h_Sanyo_Video_Flags, BDA_C5h_b6_CRTC_no_readback or BDA_C5h_b3_already_tested_CRTC
seg000:3E6E                 mov     si, 48h
seg000:3E71                 mov     cl, VIDEO_MODE_80x25_MDA_TEXT
seg000:3E73                 mov     al, es:BDA_10h_equipment_list
seg000:3E77                 and     al, EQ_VIDEO_MONO_80X25
seg000:3E79                 cmp     al, EQ_VIDEO_MONO_80X25
seg000:3E7B                 jz      short override_requested_mode
seg000:3E7D                 mov     cl, VIDEO_MODE_40x25_BW_TEXT
seg000:3E7F                 cmp     [bp+reg_al_requested_mode], VIDEO_MODE_80x25_MDA_TEXT
seg000:3E83                 jb      short init_CRTC_base_address
seg000:3E85                 cmp     al, EQ_VIDEO_CGA_80X25
seg000:3E87                 jz      short override_requested_mode
seg000:3E89                 mov     cl, VIDEO_MODE_80x25_BW_TEXT
seg000:3E8B
seg000:3E8B override_requested_mode:                ; CODE XREF: int10h_0_Set_video_mode+26↑j int10h_0_Set_video_mode+32↑j
seg000:3E8B                 mov     [bp+reg_al_requested_mode], cl
seg000:3E8E
seg000:3E8E init_CRTC_base_address:                 ; CODE XREF: int10h_0_Set_video_mode+2E↑j
seg000:3E8E                 mov     cx, 304h
seg000:3E91                 mov     al, es:BDA_10h_equipment_list
seg000:3E95                 shr     al, cl
seg000:3E97                 and     al, ch
seg000:3E99                 mov     bx, offset CRTC_low_byte
seg000:3E9C                 xlat    byte ptr cs:[bx]
seg000:3E9E                 mov     dl, al
seg000:3EA0                 mov     dh, ch
seg000:3EA2                 mov     es:BDA_63h_CRTC_6845_base_address, dx
seg000:3EA7                 mov     al, [bp+reg_al_requested_mode]
seg000:3EAA                 test    dx, si
seg000:3EAC                 mov     bx, 0B800h
seg000:3EAF                 jnz     short init_video_seg_mode_columns
seg000:3EB1                 or      al, 7
seg000:3EB3                 mov     bx, 0B000h
seg000:3EB6
seg000:3EB6 init_video_seg_mode_columns:            ; CODE XREF: int10h_0_Set_video_mode+5A↑j
seg000:3EB6                 mov     es:BDA_C0h_Sanyo_video_seg, bx
seg000:3EBB                 push    bx
seg000:3EBC                 mov     ds, cs:IVT_segment
seg000:3EC1                 assume ds:nothing
seg000:3EC1                 mov     bx, IVT_Video_Initialization_Table_off
seg000:3EC4                 lds     bx, [bx]
seg000:3EC6                 assume ds:seg000
seg000:3EC6                 and     al, 7
seg000:3EC8                 cbw
seg000:3EC9                 mov     es:BDA_49h_video_active_mode, al
seg000:3ECD                 mov     si, ax
seg000:3ECF                 mov     cx, ax
seg000:3ED1                 and     al, 2
seg000:3ED3                 inc     ax
seg000:3ED4                 inc     ax
seg000:3ED5                 mov     ah, 20
seg000:3ED7                 mul     ah
seg000:3ED9                 mov     es:BDA_4Ah_video_columns_per_row, al
seg000:3EDD                 mov     al, cs:mode_to_Mode_Control[si]
seg000:3EE2                 or      al, al
seg000:3EE4                 jnz     short loc_F03EE8
seg000:3EE6                 mov     ah, IO_Port_3D9h_BLUE_BORDER_BG or IO_Port_3D9h_GREEN_BORDER_BG or IO_Port_3D9h_RED_BORDER_BG or IO_Port_3D9h_INTENSITY_ALT
seg000:3EE8
seg000:3EE8 loc_F03EE8:                             ; CODE XREF: int10h_0_Set_video_mode+8F↑j
seg000:3EE8                 add     ax, 301Eh
seg000:3EEB                 mov     si, ax
seg000:3EED                 mov     es:BDA_65h_CRTC_Mode_Control, ax
seg000:3EF1                 add     dx, 6
seg000:3EF4                 push    cx
seg000:3EF5                 mov     cx, 10000
seg000:3EF8
seg000:3EF8 VERT_RETRACE_loop:                      ; CODE XREF: int10h_0_Set_video_mode+A6↓j
seg000:3EF8                 in      al, dx          ; IO_Port_3DAh_CRTC_Status
seg000:3EF9                 and     al, IO_Port_3DAh_VERT_RETRACE
seg000:3EFB                 loope   VERT_RETRACE_loop
seg000:3EFD                 pop     cx
seg000:3EFE                 add     dx, -2
seg000:3F01                 mov     ax, si
seg000:3F03                 out     dx, al          ; IO_Port_3D8h_CRTC_Mode_Control
seg000:3F04                 xchg    ah, al
seg000:3F06                 inc     dx
seg000:3F07                 out     dx, al          ; IO_Port_3D9h_CGA_Color_Control
seg000:3F08                 xchg    ah, al
seg000:3F0A                 dec     dx
seg000:3F0B                 add     dx, -4
seg000:3F0E                 and     si, 3
seg000:3F12                 mov     al, cs:i8_16_64[si]
seg000:3F17                 mov     es:BDA_4Dh_video_active_page_size_High_byte, al
seg000:3F1B                 push    ax
seg000:3F1C                 shl     cx, 1
seg000:3F1E                 mov     si, cx
seg000:3F20                 shl     si, 1
seg000:3F22                 add     si, cx
seg000:3F24                 add     si, 8
seg000:3F27                 and     si, 30h
seg000:3F2B                 cmp     si, 20h
seg000:3F2E                 jnz     short not_CGA_mode456
seg000:3F30                 or      byte ptr es:BDA_C5h_Sanyo_Video_Flags, BDA_C5h_b7_CGA_mode456
seg000:3F36
seg000:3F36 not_CGA_mode456:                        ; CODE XREF: int10h_0_Set_video_mode+D9↑j
seg000:3F36                 jb      short CGA_text_mode01
seg000:3F38                 or      byte ptr es:BDA_C5h_Sanyo_Video_Flags, BDA_C5h_b4_MDA
seg000:3F3E
seg000:3F3E CGA_text_mode01:                        ; CODE XREF: int10h_0_Set_video_mode:not_CGA_mode456↑j
seg000:3F3E                 call    probe_crtc_readback_capability_maybe
seg000:3F41                 add     si, bx
seg000:3F43                 mov     cx, 10h
seg000:3F46                 xor     ax, ax
seg000:3F48
seg000:3F48 loc_F03F48:                             ; CODE XREF: int10h_0_Set_video_mode+FB↓j
seg000:3F48                 mov     al, ah
seg000:3F4A                 out     dx, al          ; IO_Port_3D4h_CRTC_Index_CGA
seg000:3F4B                 inc     dx
seg000:3F4C                 outsb
seg000:3F4D                 dec     dx
seg000:3F4E                 inc     ah
seg000:3F50                 loop    loc_F03F48
seg000:3F52                 call    CPU_speed_to_C4
seg000:3F55                 mov     ax, [si-6]
seg000:3F58                 xchg    al, ah
seg000:3F5A                 mov     es:BDA_60h_cursor_ending_scanline, ax
seg000:3F5E                 call    VERT_RETRACE_blank_screen_CRTC_Mode_Control_to_ah
seg000:3F61                 mov     bx, ax
seg000:3F63                 pop     ax
seg000:3F64                 cbw
seg000:3F65                 xchg    al, ah
seg000:3F67                 shr     ax, 1
seg000:3F69                 test    byte ptr es:BDA_C5h_Sanyo_Video_Flags, BDA_C5h_b7_CGA_mode456
seg000:3F6F                 xchg    ax, cx
seg000:3F70                 mov     di, ax
seg000:3F72                 mov     ch, 20h
seg000:3F74                 jnz     short loc_F03F79
seg000:3F76                 mov     ax, 720h
seg000:3F79
seg000:3F79 loc_F03F79:                             ; CODE XREF: int10h_0_Set_video_mode+11F↑j
seg000:3F79                 pop     es
seg000:3F7A                 assume es:seg000
seg000:3F7A                 rep stosw
seg000:3F7C                 mov     ax, bx
seg000:3F7E                 jmp     restore_CRTC_Mode_Control_from_ah
seg000:3F7E int10h_0_Set_video_mode endp
seg000:3F7E
seg000:3F81                 assume es:nothing
seg000:3F81
seg000:3F81 ; =============== S U B R O U T I N E =======================================
seg000:3F81
seg000:3F81
seg000:3F81 CPU_speed_to_C4 proc near               ; CODE XREF: int10h_0_Set_video_mode+FD↑p
seg000:3F81                 mov     ah, es:BDA_D5h_Sanyo_CPU_speed_index_waitstate
seg000:3F86                 sub     ah, 6
seg000:3F89                 and     ah, 6
seg000:3F8C                 in      al, IO_Port_63h_Sanyo_waitstates
seg000:3F8E                 and     al, IO_Port_63h_Sanyo_1_waitstate
seg000:3F90                 or      al, ah
seg000:3F92                 cbw
seg000:3F93                 xchg    ax, bx
seg000:3F94                 mov     al, cs:CPU_tuned_delay_constants_about_25_40us[bx]
seg000:3F99                 mov     es:BDA_C4h_Sanyo_CPU_tuned_delay_constant_25_40us, al
seg000:3F9D                 retn
seg000:3F9D CPU_speed_to_C4 endp
seg000:3F9D
seg000:3F9E                 assume es:nothing
seg000:3F9E
seg000:3F9E ; =============== S U B R O U T I N E =======================================
seg000:3F9E
seg000:3F9E
seg000:3F9E probe_crtc_readback_capability_maybe proc near ; CODE XREF: int10h_0_Set_video_mode:CGA_text_mode01↑p
seg000:3F9E                 test    byte ptr es:BDA_C5h_Sanyo_Video_Flags, BDA_C5h_b3_already_tested_CRTC
seg000:3FA4                 jnz     short end
seg000:3FA6                 cmp     si, 30h         ; MDA would be 30h here
seg000:3FA9                 jz      short end
seg000:3FAB                 mov     al, IO_Port_3D4h_CRTC_Idx_e_CURSOR_ADDR_H
seg000:3FAD                 out     dx, al          ; IO_Port_3D4h_CRTC_Index_CGA
seg000:3FAE                 inc     dx
seg000:3FAF                 mov     al, 0FFh
seg000:3FB1                 out     dx, al          ; IO_Port_3D5h_CRTC_Data
seg000:3FB2                 nop
seg000:3FB3                 nop
seg000:3FB4                 aam
seg000:3FB6                 in      al, dx          ; IO_Port_3D5h_CRTC_Data
seg000:3FB7                 dec     dx
seg000:3FB8                 and     al, 00100000b
seg000:3FBA                 jz      short no_readback
seg000:3FBC                 mov     al, BDA_C5h_b6_CRTC_no_readback
seg000:3FBE
seg000:3FBE no_readback:                            ; CODE XREF: probe_crtc_readback_capability_maybe+1C↑j
seg000:3FBE                 xor     al, BDA_C5h_b6_CRTC_no_readback or BDA_C5h_b3_already_tested_CRTC
seg000:3FC0                 or      es:BDA_C5h_Sanyo_Video_Flags, al
seg000:3FC5
seg000:3FC5 end:                                    ; CODE XREF: probe_crtc_readback_capability_maybe+6↑j probe_crtc_readback_capability_maybe+B↑j
seg000:3FC5                 retn
seg000:3FC5 probe_crtc_readback_capability_maybe endp
seg000:3FC5
seg000:3FC6
seg000:3FC6 ; =============== S U B R O U T I N E =======================================
seg000:3FC6
seg000:3FC6
seg000:3FC6 Sanyo_bytecode_interpreter proc near    ; CODE XREF: sub_F0043B+22A↑p int15h_83_Event_Wait_Interval+4E↑p ...
seg000:3FC6                 push    bp
seg000:3FC7                 push    ds
seg000:3FC8                 push    es
seg000:3FC9                 mov     bp, cs
seg000:3FCB                 mov     ds, bp
seg000:3FCD                 assume ds:nothing
seg000:3FCD                 mov     bp, 40h
seg000:3FD0                 mov     es, bp
seg000:3FD2                 assume es:nothing
seg000:3FD2
seg000:3FD2 loc_F03FD2:                             ; CODE XREF: Sanyo_bytecode_interpreter+18↓j
seg000:3FD2                 mov     bp, [si]
seg000:3FD4                 inc     si
seg000:3FD5                 and     bp, 7Eh
seg000:3FD9                 call    cs:Sanyo_internals[bp]
seg000:3FDE                 jmp     short loc_F03FD2
seg000:3FDE Sanyo_bytecode_interpreter endp
seg000:3FDE
seg000:3FE0
seg000:3FE0 ; =============== S U B R O U T I N E =======================================
seg000:3FE0
seg000:3FE0
seg000:3FE0 sub_F03FE0      proc near               ; DATA XREF: seg000:Sanyo_internals↓o
seg000:3FE0                 call    increment_DL_fromSI_table_inc_si
seg000:3FE3                 jmp     short sub_F03FE8
seg000:3FE3 sub_F03FE0      endp
seg000:3FE3
seg000:3FE5
seg000:3FE5 ; =============== S U B R O U T I N E =======================================
seg000:3FE5
seg000:3FE5
seg000:3FE5 sub_F03FE5      proc near               ; DATA XREF: seg000:Sanyo_internals↓o
seg000:3FE5                 call    DX_from_SI_table_inc_si_twice
seg000:3FE5 sub_F03FE5      endp
seg000:3FE5
seg000:3FE8
seg000:3FE8 ; =============== S U B R O U T I N E =======================================
seg000:3FE8
seg000:3FE8
seg000:3FE8 sub_F03FE8      proc near               ; CODE XREF: sub_F03FE0+3↑j
seg000:3FE8                                         ; DATA XREF: seg000:Sanyo_internals↓o
seg000:3FE8                 push    cx
seg000:3FE9                 xor     cx, cx
seg000:3FEB
seg000:3FEB in_test_loop:                           ; CODE XREF: sub_F03FE8+6↓j
seg000:3FEB                 in      al, dx
seg000:3FEC                 test    [si], al
seg000:3FEE                 loope   in_test_loop
seg000:3FF0                 pop     cx
seg000:3FF1                 jz      short Sanyo_int_exit_error
seg000:3FF3                 inc     si
seg000:3FF4                 retn
seg000:3FF4 sub_F03FE8      endp
seg000:3FF4
seg000:3FF5
seg000:3FF5 ; =============== S U B R O U T I N E =======================================
seg000:3FF5
seg000:3FF5
seg000:3FF5 sub_F03FF5      proc near               ; DATA XREF: seg000:Sanyo_internals↓o
seg000:3FF5                 call    increment_DL_fromSI_table_inc_si
seg000:3FF8                 jmp     short sub_F03FFD
seg000:3FF8 sub_F03FF5      endp
seg000:3FF8
seg000:3FFA
seg000:3FFA ; =============== S U B R O U T I N E =======================================
seg000:3FFA
seg000:3FFA
seg000:3FFA sub_F03FFA      proc near               ; DATA XREF: seg000:Sanyo_internals↓o
seg000:3FFA                 call    DX_from_SI_table_inc_si_twice
seg000:3FFA sub_F03FFA      endp
seg000:3FFA
seg000:3FFD
seg000:3FFD ; =============== S U B R O U T I N E =======================================
seg000:3FFD
seg000:3FFD
seg000:3FFD sub_F03FFD      proc near               ; CODE XREF: Sanyo_bytecode_interpreter+13↑p sub_F03FF5+3↑j
seg000:3FFD                                         ; DATA XREF: ...
seg000:3FFD                 push    cx
seg000:3FFE                 xor     cx, cx
seg000:4000
seg000:4000 in_test_loop:                           ; CODE XREF: sub_F03FFD+6↓j
seg000:4000                 in      al, dx
seg000:4001                 test    [si], al
seg000:4003                 loopne  in_test_loop
seg000:4005                 pop     cx
seg000:4006                 jnz     short Sanyo_int_exit_error
seg000:4008                 inc     si
seg000:4009                 retn
seg000:400A ; ---------------------------------------------------------------------------
seg000:400A
seg000:400A Sanyo_int_exit_error:                   ; CODE XREF: sub_F03FE8+9↑j sub_F03FFD+9↑j
seg000:400A                 stc
seg000:400B                 jmp     short Sanyo_int_exit
seg000:400B sub_F03FFD      endp
seg000:400B
seg000:400D
seg000:400D ; =============== S U B R O U T I N E =======================================
seg000:400D
seg000:400D
seg000:400D Sanyo_int_exit_ok proc near             ; DATA XREF: seg000:Sanyo_internals↓o
seg000:400D                 clc
seg000:400E
seg000:400E Sanyo_int_exit:                         ; CODE XREF: sub_F03FFD+E↑j
seg000:400E                 inc     sp
seg000:400F                 inc     sp
seg000:4010                 pop     es
seg000:4011                 assume es:seg000
seg000:4011                 pop     ds
seg000:4012                 assume ds:seg000
seg000:4012                 pop     bp
seg000:4013                 retn
seg000:4013 Sanyo_int_exit_ok endp ; sp-analysis failed
seg000:4013
seg000:4014
seg000:4014 ; =============== S U B R O U T I N E =======================================
seg000:4014
seg000:4014
seg000:4014 DX_from_SI_table_inc_si_twice proc near ; CODE XREF: sub_F03FE5↑p sub_F03FFA↑p ...
seg000:4014                 mov     dx, [si]
seg000:4016                 inc     si
seg000:4017                 inc     si
seg000:4018                 retn
seg000:4018 DX_from_SI_table_inc_si_twice endp
seg000:4018
seg000:4019
seg000:4019 ; =============== S U B R O U T I N E =======================================
seg000:4019
seg000:4019
seg000:4019 increment_DL_fromSI_table_inc_si proc near ; CODE XREF: sub_F03FE0↑p sub_F03FF5↑p ...
seg000:4019                 add     dl, [si]
seg000:401B                 inc     si
seg000:401C                 retn
seg000:401C increment_DL_fromSI_table_inc_si endp
seg000:401C
seg000:401D
seg000:401D ; =============== S U B R O U T I N E =======================================
seg000:401D
seg000:401D
seg000:401D IO_in_DX_from_SI_table_twice_to_al_ah proc near ; DATA XREF: seg000:Sanyo_internals↓o
seg000:401D                 call    DX_from_SI_table_inc_si_twice
seg000:401D IO_in_DX_from_SI_table_twice_to_al_ah endp
seg000:401D
seg000:4020
seg000:4020 ; =============== S U B R O U T I N E =======================================
seg000:4020
seg000:4020
seg000:4020 IO_in_DX_al_ah  proc near               ; CODE XREF: IO_in_DX_added_from_SI_table_twice_to_al_ah+3↓j
seg000:4020                                         ; DATA XREF: seg000:Sanyo_internals↓o
seg000:4020                 in      al, dx
seg000:4021                 xchg    al, ah
seg000:4023                 push    cx
seg000:4024                 pop     cx
seg000:4025                 in      al, dx
seg000:4026                 xchg    al, ah
seg000:4028                 retn
seg000:4028 IO_in_DX_al_ah  endp
seg000:4028
seg000:4029
seg000:4029 ; =============== S U B R O U T I N E =======================================
seg000:4029
seg000:4029
seg000:4029 IO_in_DX_added_from_SI_table_twice_to_al_ah proc near ; DATA XREF: seg000:Sanyo_internals↓o
seg000:4029                 call    increment_DL_fromSI_table_inc_si
seg000:402C                 jmp     short IO_in_DX_al_ah
seg000:402C IO_in_DX_added_from_SI_table_twice_to_al_ah endp
seg000:402C
seg000:402E
seg000:402E ; =============== S U B R O U T I N E =======================================
seg000:402E
seg000:402E
seg000:402E IO_out_DX_from_SI_table_twice_with_al_ah proc near ; DATA XREF: seg000:Sanyo_internals↓o
seg000:402E                 call    DX_from_SI_table_inc_si_twice
seg000:402E IO_out_DX_from_SI_table_twice_with_al_ah endp
seg000:402E
seg000:4031
seg000:4031 ; =============== S U B R O U T I N E =======================================
seg000:4031
seg000:4031
seg000:4031 IO_out_DX_al_ah proc near               ; CODE XREF: IO_out_DX_added_from_SI_table_twice_with_al_ah+3↓j
seg000:4031                                         ; DATA XREF: seg000:Sanyo_internals↓o
seg000:4031                 out     dx, al
seg000:4032                 xchg    al, ah
seg000:4034                 push    cx
seg000:4035                 pop     cx
seg000:4036                 push    cx
seg000:4037                 pop     cx
seg000:4038                 out     dx, al
seg000:4039                 xchg    al, ah
seg000:403B                 retn
seg000:403B IO_out_DX_al_ah endp
seg000:403B
seg000:403C
seg000:403C ; =============== S U B R O U T I N E =======================================
seg000:403C
seg000:403C
seg000:403C IO_out_DX_added_from_SI_table_twice_with_al_ah proc near ; DATA XREF: seg000:Sanyo_internals↓o
seg000:403C                 call    increment_DL_fromSI_table_inc_si
seg000:403F                 jmp     short IO_out_DX_al_ah
seg000:403F IO_out_DX_added_from_SI_table_twice_with_al_ah endp
seg000:403F
seg000:4041
seg000:4041 ; =============== S U B R O U T I N E =======================================
seg000:4041
seg000:4041
seg000:4041 lodsb_twice_IO_out_DX_from_SI_table proc near ; DATA XREF: seg000:Sanyo_internals↓o
seg000:4041                 lodsb
seg000:4041 lodsb_twice_IO_out_DX_from_SI_table endp
seg000:4041
seg000:4042
seg000:4042 ; =============== S U B R O U T I N E =======================================
seg000:4042
seg000:4042
seg000:4042 sub_F04042      proc near               ; DATA XREF: seg000:Sanyo_internals↓o
seg000:4042                 call    DX_from_SI_table_inc_si_twice
seg000:4042 ; ---------------------------------------------------------------------------
seg000:4045                 db  3Ch ; <             ; 3Ch prefix trick disarming subsequent instruction
seg000:4045 sub_F04042      endp                    ; lodsb with 3Ch prefix becomes inert "cmp al, 0ACh"
seg000:4045
seg000:4046
seg000:4046 ; =============== S U B R O U T I N E =======================================
seg000:4046
seg000:4046
seg000:4046 lodsb_out_DX_byte proc near             ; DATA XREF: seg000:Sanyo_internals↓o
seg000:4046                 lodsb
seg000:4046 lodsb_out_DX_byte endp
seg000:4046
seg000:4047
seg000:4047 ; =============== S U B R O U T I N E =======================================
seg000:4047
seg000:4047
seg000:4047 IO_out_DX_byte  proc near               ; CODE XREF: sub_F0404F+3↓j
seg000:4047                                         ; DATA XREF: seg000:Sanyo_internals↓o
seg000:4047                 out     dx, al
seg000:4048                 retn
seg000:4048 IO_out_DX_byte  endp
seg000:4048
seg000:4049
seg000:4049 ; =============== S U B R O U T I N E =======================================
seg000:4049
seg000:4049
seg000:4049 lodsw_IO_out_DX_from_SI_table_word proc near ; DATA XREF: seg000:Sanyo_internals↓o
seg000:4049                 lodsw
seg000:4049 lodsw_IO_out_DX_from_SI_table_word endp
seg000:4049
seg000:404A
seg000:404A ; =============== S U B R O U T I N E =======================================
seg000:404A
seg000:404A
seg000:404A out_AX_to_DX_fromSI_table_inc_si_twice proc near ; DATA XREF: seg000:Sanyo_internals↓o
seg000:404A                 call    DX_from_SI_table_inc_si_twice
seg000:404A out_AX_to_DX_fromSI_table_inc_si_twice endp
seg000:404A
seg000:404D
seg000:404D ; =============== S U B R O U T I N E =======================================
seg000:404D
seg000:404D
seg000:404D IO_out_DX_word  proc near               ; CODE XREF: sub_F04054+3↓j
seg000:404D                                         ; DATA XREF: seg000:Sanyo_internals↓o
seg000:404D                 out     dx, ax
seg000:404E                 retn
seg000:404E IO_out_DX_word  endp
seg000:404E
seg000:404F
seg000:404F ; =============== S U B R O U T I N E =======================================
seg000:404F
seg000:404F
seg000:404F sub_F0404F      proc near               ; DATA XREF: seg000:Sanyo_internals↓o
seg000:404F                 call    increment_DL_fromSI_table_inc_si
seg000:4052                 jmp     short IO_out_DX_byte
seg000:4052 sub_F0404F      endp
seg000:4052
seg000:4054
seg000:4054 ; =============== S U B R O U T I N E =======================================
seg000:4054
seg000:4054
seg000:4054 sub_F04054      proc near               ; DATA XREF: seg000:Sanyo_internals↓o
seg000:4054                 call    increment_DL_fromSI_table_inc_si
seg000:4057                 jmp     short IO_out_DX_word
seg000:4057 sub_F04054      endp
seg000:4057
seg000:4059
seg000:4059 ; =============== S U B R O U T I N E =======================================
seg000:4059
seg000:4059
seg000:4059 sub_F04059      proc near               ; DATA XREF: seg000:Sanyo_internals↓o
seg000:4059                 push    cx
seg000:405A                 mov     cl, [si]
seg000:405C                 inc     si
seg000:405D                 call    DX_from_SI_table_inc_si_twice
seg000:4060
seg000:4060 loc_F04060:                             ; CODE XREF: sub_F04059+D↓j
seg000:4060                 mov     al, [di]
seg000:4062                 inc     di
seg000:4063                 out     dx, al
seg000:4064                 dec     cl
seg000:4066                 jnz     short loc_F04060
seg000:4068                 pop     cx
seg000:4069                 retn
seg000:4069 sub_F04059      endp
seg000:4069
seg000:406A
seg000:406A ; =============== S U B R O U T I N E =======================================
seg000:406A
seg000:406A
seg000:406A sub_F0406A      proc near               ; DATA XREF: seg000:Sanyo_internals↓o
seg000:406A                 call    DX_from_SI_table_inc_si_twice
seg000:406A sub_F0406A      endp
seg000:406A
seg000:406D
seg000:406D ; =============== S U B R O U T I N E =======================================
seg000:406D
seg000:406D
seg000:406D IO_in_DX_byte   proc near               ; CODE XREF: sub_F0406F+3↓j
seg000:406D                                         ; DATA XREF: seg000:Sanyo_internals↓o
seg000:406D                 in      al, dx
seg000:406E                 retn
seg000:406E IO_in_DX_byte   endp
seg000:406E
seg000:406F
seg000:406F ; =============== S U B R O U T I N E =======================================
seg000:406F
seg000:406F
seg000:406F sub_F0406F      proc near               ; DATA XREF: seg000:Sanyo_internals↓o
seg000:406F                 call    increment_DL_fromSI_table_inc_si
seg000:4072                 jmp     short IO_in_DX_byte
seg000:4072 sub_F0406F      endp
seg000:4072
seg000:4074
seg000:4074 ; =============== S U B R O U T I N E =======================================
seg000:4074
seg000:4074
seg000:4074 sub_F04074      proc near               ; DATA XREF: seg000:Sanyo_internals↓o
seg000:4074                 call    DX_from_SI_table_inc_si_twice
seg000:4074 sub_F04074      endp
seg000:4074
seg000:4077
seg000:4077 ; =============== S U B R O U T I N E =======================================
seg000:4077
seg000:4077
seg000:4077 IO_in_DX_word   proc near               ; CODE XREF: sub_F04079+3↓j
seg000:4077                                         ; DATA XREF: seg000:Sanyo_internals↓o
seg000:4077                 in      ax, dx
seg000:4078                 retn
seg000:4078 IO_in_DX_word   endp
seg000:4078
seg000:4079
seg000:4079 ; =============== S U B R O U T I N E =======================================
seg000:4079
seg000:4079
seg000:4079 sub_F04079      proc near               ; DATA XREF: seg000:Sanyo_internals↓o
seg000:4079                 call    increment_DL_fromSI_table_inc_si
seg000:407C                 jmp     short IO_in_DX_word
seg000:407C sub_F04079      endp
seg000:407C
seg000:407E
seg000:407E ; =============== S U B R O U T I N E =======================================
seg000:407E
seg000:407E
seg000:407E sub_F0407E      proc near               ; DATA XREF: seg000:Sanyo_internals↓o
seg000:407E                 push    cx
seg000:407F                 mov     cl, [si]
seg000:4081                 inc     cl
seg000:4083                 call    DX_from_SI_table_inc_si_twice
seg000:4086
seg000:4086 loc_F04086:                             ; CODE XREF: sub_F0407E+E↓j
seg000:4086                 in      al, dx
seg000:4087                 mov     [di], al
seg000:4089                 inc     di
seg000:408A                 dec     cl
seg000:408C                 jnz     short loc_F04086
seg000:408E                 pop     cx
seg000:408F                 retn
seg000:408F sub_F0407E      endp
seg000:408F
seg000:4090
seg000:4090 ; =============== S U B R O U T I N E =======================================
seg000:4090
seg000:4090
seg000:4090 sub_F04090      proc near               ; DATA XREF: seg000:Sanyo_internals↓o
seg000:4090                 test    [si], al
seg000:4092                 jnz     short loc_F0409E
seg000:4094
seg000:4094 loc_F04094:                             ; CODE XREF: sub_F040AE+4↓j
seg000:4094                 inc     sp
seg000:4095                 inc     sp
seg000:4096                 pop     ds
seg000:4097                 pop     bp
seg000:4098                 inc     sp
seg000:4099                 inc     sp
seg000:409A                 jmp     word ptr cs:[si+1]
seg000:409E ; ---------------------------------------------------------------------------
seg000:409E
seg000:409E loc_F0409E:                             ; CODE XREF: sub_F04090+2↑j sub_F040AE+2↓j
seg000:409E                 inc     si
seg000:409F
seg000:409F inc_si_twice_and_ret:                   ; CODE XREF: sub_F040A2+2↓j sub_F040B4+2↓j ...
seg000:409F                 inc     si
seg000:40A0                 inc     si
seg000:40A1                 retn
seg000:40A1 sub_F04090      endp ; sp-analysis failed
seg000:40A1
seg000:40A2
seg000:40A2 ; =============== S U B R O U T I N E =======================================
seg000:40A2
seg000:40A2
seg000:40A2 sub_F040A2      proc near               ; DATA XREF: seg000:Sanyo_internals↓o
seg000:40A2                 test    [si], al
seg000:40A4                 jnz     short inc_si_twice_and_ret
seg000:40A6
seg000:40A6 loc_F040A6:                             ; CODE XREF: sub_F040B4+4↓j probe_IO_fixed_time+20↓j
seg000:40A6                 inc     si
seg000:40A7
seg000:40A7 loc_F040A7:                             ; CODE XREF: sub_F040BA+1↓j
seg000:40A7                 xchg    ax, bp
seg000:40A8                 lodsb
seg000:40A9                 cbw
seg000:40AA                 add     si, ax
seg000:40AC                 xchg    ax, bp
seg000:40AD                 retn
seg000:40AD sub_F040A2      endp
seg000:40AD
seg000:40AE
seg000:40AE ; =============== S U B R O U T I N E =======================================
seg000:40AE
seg000:40AE
seg000:40AE sub_F040AE      proc near               ; DATA XREF: seg000:Sanyo_internals↓o
seg000:40AE                 test    [si], al
seg000:40B0                 jz      short loc_F0409E
seg000:40B2                 jmp     short loc_F04094
seg000:40B2 sub_F040AE      endp
seg000:40B2
seg000:40B4
seg000:40B4 ; =============== S U B R O U T I N E =======================================
seg000:40B4
seg000:40B4
seg000:40B4 sub_F040B4      proc near               ; DATA XREF: seg000:Sanyo_internals↓o
seg000:40B4                 test    [si], al
seg000:40B6                 jz      short inc_si_twice_and_ret
seg000:40B8                 jmp     short loc_F040A6
seg000:40B8 sub_F040B4      endp
seg000:40B8
seg000:40BA
seg000:40BA ; =============== S U B R O U T I N E =======================================
seg000:40BA
seg000:40BA
seg000:40BA sub_F040BA      proc near               ; DATA XREF: seg000:Sanyo_internals↓o
seg000:40BA                 dec     cx
seg000:40BB                 jnz     short loc_F040A7
seg000:40BD                 inc     si
seg000:40BE                 retn
seg000:40BE sub_F040BA      endp
seg000:40BE
seg000:40BF
seg000:40BF ; =============== S U B R O U T I N E =======================================
seg000:40BF
seg000:40BF
seg000:40BF lodsb           proc near               ; DATA XREF: seg000:Sanyo_internals↓o
seg000:40BF                 lodsb
seg000:40C0                 retn
seg000:40C0 lodsb           endp
seg000:40C0
seg000:40C1
seg000:40C1 ; =============== S U B R O U T I N E =======================================
seg000:40C1
seg000:40C1
seg000:40C1 lodsw           proc near               ; DATA XREF: seg000:Sanyo_internals↓o
seg000:40C1                 lodsw
seg000:40C2                 retn
seg000:40C2 lodsw           endp
seg000:40C2
seg000:40C3
seg000:40C3 ; =============== S U B R O U T I N E =======================================
seg000:40C3
seg000:40C3
seg000:40C3 sub_F040C3      proc near               ; DATA XREF: seg000:Sanyo_internals↓o
seg000:40C3                 call    sub_F04145
seg000:40C6                 mov     al, es:[bp+0]
seg000:40CA                 retn
seg000:40CA sub_F040C3      endp
seg000:40CA
seg000:40CB
seg000:40CB ; =============== S U B R O U T I N E =======================================
seg000:40CB
seg000:40CB
seg000:40CB sub_F040CB      proc near               ; DATA XREF: seg000:Sanyo_internals↓o
seg000:40CB                 call    sub_F04145
seg000:40CE                 mov     ax, es:[bp+0]
seg000:40D2                 retn
seg000:40D2 sub_F040CB      endp
seg000:40D2
seg000:40D3
seg000:40D3 ; =============== S U B R O U T I N E =======================================
seg000:40D3
seg000:40D3
seg000:40D3 sub_F040D3      proc near               ; DATA XREF: seg000:Sanyo_internals↓o
seg000:40D3                 call    sub_F04145
seg000:40D6                 mov     es:[bp+0], al
seg000:40DA                 retn
seg000:40DA sub_F040D3      endp
seg000:40DA
seg000:40DB
seg000:40DB ; =============== S U B R O U T I N E =======================================
seg000:40DB
seg000:40DB
seg000:40DB sub_F040DB      proc near               ; DATA XREF: seg000:Sanyo_internals↓o
seg000:40DB                 call    sub_F04145
seg000:40DE                 mov     es:[bp+0], ax
seg000:40E2                 retn
seg000:40E2 sub_F040DB      endp
seg000:40E2
seg000:40E3
seg000:40E3 ; =============== S U B R O U T I N E =======================================
seg000:40E3
seg000:40E3
seg000:40E3 xchg_al_ah      proc near               ; DATA XREF: seg000:Sanyo_internals↓o
seg000:40E3                 xchg    al, ah
seg000:40E5                 retn
seg000:40E5 xchg_al_ah      endp
seg000:40E5
seg000:40E6
seg000:40E6 ; =============== S U B R O U T I N E =======================================
seg000:40E6
seg000:40E6
seg000:40E6 xchg_ax_cx      proc near               ; DATA XREF: seg000:Sanyo_internals↓o
seg000:40E6                 xchg    ax, cx
seg000:40E7                 retn
seg000:40E7 xchg_ax_cx      endp
seg000:40E7
seg000:40E8
seg000:40E8 ; =============== S U B R O U T I N E =======================================
seg000:40E8
seg000:40E8
seg000:40E8 sub_F040E8      proc near               ; DATA XREF: seg000:Sanyo_internals↓o
seg000:40E8                 call    sub_F04145
seg000:40EB                 test    byte ptr es:[bp+0], 0FFh
seg000:40F0                 jz      short sub_F040FA
seg000:40F2                 dec     byte ptr es:[bp+0]
seg000:40F6                 jnz     short sub_F040FA
seg000:40F8                 inc     si
seg000:40F9                 retn
seg000:40F9 sub_F040E8      endp
seg000:40F9
seg000:40FA
seg000:40FA ; =============== S U B R O U T I N E =======================================
seg000:40FA
seg000:40FA
seg000:40FA sub_F040FA      proc near               ; CODE XREF: sub_F040E8+8↑j sub_F040E8+E↑j
seg000:40FA                                         ; DATA XREF: ...
seg000:40FA                 xchg    ax, bp
seg000:40FB                 lodsb
seg000:40FC                 cbw
seg000:40FD                 add     si, ax
seg000:40FF                 xchg    ax, bp
seg000:4100                 retn
seg000:4100 sub_F040FA      endp
seg000:4100
seg000:4101
seg000:4101 ; =============== S U B R O U T I N E =======================================
seg000:4101
seg000:4101
seg000:4101 sub_F04101      proc near               ; DATA XREF: seg000:Sanyo_internals↓o
seg000:4101                 call    sub_F04145
seg000:4104                 inc     byte ptr es:[bp+0]
seg000:4108                 retn
seg000:4108 sub_F04101      endp
seg000:4108
seg000:4109
seg000:4109 ; =============== S U B R O U T I N E =======================================
seg000:4109
seg000:4109
seg000:4109 call_IVT_from_SI proc near              ; DATA XREF: seg000:Sanyo_internals↓o
seg000:4109                 push    ax
seg000:410A                 push    bp
seg000:410B                 mov     bp, [si]
seg000:410D                 inc     si
seg000:410E                 and     bp, 0FFh
seg000:4112                 shl     bp, 1
seg000:4114                 shl     bp, 1
seg000:4116                 push    dx
seg000:4117                 push    si
seg000:4118                 push    ds
seg000:4119                 mov     ds, cs:IVT_segment
seg000:411E                 assume ds:nothing
seg000:411E                 pushf
seg000:411F                 call    dword ptr ds:[bp+0]
seg000:4123                 pop     ds
seg000:4124                 assume ds:seg000
seg000:4124                 pop     si
seg000:4125                 pop     dx
seg000:4126                 pop     bp
seg000:4127                 pop     ax
seg000:4128                 retn
seg000:4128 call_IVT_from_SI endp
seg000:4128
seg000:4129
seg000:4129 ; =============== S U B R O U T I N E =======================================
seg000:4129
seg000:4129
seg000:4129 sub_F04129      proc near               ; DATA XREF: seg000:Sanyo_internals↓o
seg000:4129                 call    sub_F04145
seg000:412C                 push    ax
seg000:412D                 lodsb
seg000:412E                 or      es:[bp+0], al
seg000:4132                 pop     ax
seg000:4133                 retn
seg000:4133 sub_F04129      endp
seg000:4133
seg000:4134
seg000:4134 ; =============== S U B R O U T I N E =======================================
seg000:4134
seg000:4134
seg000:4134 sub_F04134      proc near               ; DATA XREF: seg000:Sanyo_internals↓o
seg000:4134                 call    sub_F04145
seg000:4137                 push    ax
seg000:4138                 lodsb
seg000:4139                 not     al
seg000:413B                 and     es:[bp+0], al
seg000:413F                 pop     ax
seg000:4140                 retn
seg000:4140 sub_F04134      endp
seg000:4140
seg000:4141
seg000:4141 ; =============== S U B R O U T I N E =======================================
seg000:4141
seg000:4141
seg000:4141 OR_byte_from_SI proc near               ; DATA XREF: seg000:Sanyo_internals↓o
seg000:4141                 or      al, [si]
seg000:4143                 inc     si
seg000:4144                 retn
seg000:4144 OR_byte_from_SI endp
seg000:4144
seg000:4145
seg000:4145 ; =============== S U B R O U T I N E =======================================
seg000:4145
seg000:4145
seg000:4145 sub_F04145      proc near               ; CODE XREF: sub_F040C3↑p sub_F040CB↑p ...
seg000:4145                 mov     bp, [si]
seg000:4147                 inc     si
seg000:4148                 inc     si
seg000:4149                 retn
seg000:4149 sub_F04145      endp
seg000:4149
seg000:414A
seg000:414A ; =============== S U B R O U T I N E =======================================
seg000:414A
seg000:414A
seg000:414A delay_dssi_CPU_tuned proc near          ; DATA XREF: seg000:Sanyo_internals↓o
seg000:414A                 push    ax
seg000:414B                 lodsw
seg000:414C                 jmp     short delay_ax_CPU_tuned_no_ax_push
seg000:414C delay_dssi_CPU_tuned endp
seg000:414C
seg000:414E
seg000:414E ; =============== S U B R O U T I N E =======================================
seg000:414E
seg000:414E
seg000:414E delay_CPU_tuned proc near               ; DATA XREF: seg000:Sanyo_internals↓o
seg000:414E                 push    ax
seg000:414F                 mov     ax, 1
seg000:414F ; ---------------------------------------------------------------------------
seg000:4152                 db  3Ch ; <             ; 3Ch prefix trick disarming subsequent instruction
seg000:4152                                         ; "push ax" with 3Ch prefix becomes inert "cmp al, 50h"
seg000:4153 ; ---------------------------------------------------------------------------
seg000:4153
seg000:4153 delay_ax_CPU_tuned:                     ; CODE XREF: sub_F023E7+11↑p
seg000:4153                 push    ax
seg000:4154
seg000:4154 delay_ax_CPU_tuned_no_ax_push:          ; CODE XREF: delay_dssi_CPU_tuned+2↑j
seg000:4154                 xchg    ax, cx
seg000:4155                 call    delay_cx_CPU_tuned
seg000:4158                 xchg    ax, cx
seg000:4159                 pop     ax
seg000:415A                 retn
seg000:415A delay_CPU_tuned endp ; sp-analysis failed
seg000:415A
seg000:415B
seg000:415B ; =============== S U B R O U T I N E =======================================
seg000:415B
seg000:415B
seg000:415B probe_IO_fixed_time proc near           ; DATA XREF: seg000:Sanyo_internals↓o
seg000:415B                 push    ax
seg000:415C                 push    cx
seg000:415D                 push    dx
seg000:415E                 call    CPU_speed_score
seg000:4161                 mov     cx, ax
seg000:4163                 dec     cx
seg000:4164                 shr     cx, 1
seg000:4166                 shr     cx, 1
seg000:4168
seg000:4168 test_loop:                              ; CODE XREF: probe_IO_fixed_time+15↓j
seg000:4168                 jmp     short $+2
seg000:416A ; ---------------------------------------------------------------------------
seg000:416A
seg000:416A loc_F0416A:                             ; CODE XREF: probe_IO_fixed_time:test_loop↑j
seg000:416A                 nop
seg000:416B                 in      al, dx
seg000:416C                 test    [si], al
seg000:416E                 jnz     short loc_F04178
seg000:4170                 loop    test_loop
seg000:4172                 pop     dx
seg000:4173                 pop     cx
seg000:4174                 pop     ax
seg000:4175                 jmp     inc_si_twice_and_ret
seg000:4178 ; ---------------------------------------------------------------------------
seg000:4178
seg000:4178 loc_F04178:                             ; CODE XREF: probe_IO_fixed_time+13↑j
seg000:4178                 pop     dx
seg000:4179                 pop     cx
seg000:417A                 pop     ax
seg000:417B                 jmp     loc_F040A6
seg000:417B probe_IO_fixed_time endp
seg000:417B
seg000:417B ; ---------------------------------------------------------------------------
seg000:417E Sanyo_internals dw offset sub_F03FFD    ; 0 ; DATA XREF: Sanyo_bytecode_interpreter+13↑r
seg000:4180                 dw offset sub_F03FE8    ; 1
seg000:4182                 dw offset sub_F03FFA    ; 2
seg000:4184                 dw offset sub_F03FE5    ; 3
seg000:4186                 dw offset IO_in_DX_byte ; 4
seg000:4188                 dw offset sub_F0406F    ; 5
seg000:418A                 dw offset sub_F0406A    ; 6
seg000:418C                 dw offset sub_F0407E    ; 7
seg000:418E                 dw offset IO_in_DX_al_ah; 8
seg000:4190                 dw offset IO_in_DX_added_from_SI_table_twice_to_al_ah; 9
seg000:4192                 dw offset IO_in_DX_from_SI_table_twice_to_al_ah; 0Ah
seg000:4194                 dw offset delay_CPU_tuned; 0Bh
seg000:4196                 dw offset IO_in_DX_word ; 0Ch
seg000:4198                 dw offset sub_F04079    ; 0Dh
seg000:419A                 dw offset sub_F04074    ; 0Eh
seg000:419C                 dw offset lodsb_twice_IO_out_DX_from_SI_table; 0Fh
seg000:419E                 dw offset sub_F040A2    ; 10h
seg000:41A0                 dw offset sub_F040B4    ; 11h
seg000:41A2                 dw offset sub_F04090    ; 12h
seg000:41A4                 dw offset sub_F040AE    ; 13h
seg000:41A6                 dw offset IO_out_DX_byte; 14h
seg000:41A8                 dw offset sub_F0404F    ; 15h
seg000:41AA                 dw offset sub_F04042    ; 16h
seg000:41AC                 dw offset sub_F04059    ; 17h
seg000:41AE                 dw offset IO_out_DX_al_ah; 18h
seg000:41B0                 dw offset IO_out_DX_added_from_SI_table_twice_with_al_ah; 19h
seg000:41B2                 dw offset IO_out_DX_from_SI_table_twice_with_al_ah; 1Ah
seg000:41B4                 dw offset Sanyo_int_exit_ok; 1Bh
seg000:41B6                 dw offset IO_out_DX_word; 1Ch
seg000:41B8                 dw offset sub_F04054    ; 1Dh
seg000:41BA                 dw offset out_AX_to_DX_fromSI_table_inc_si_twice; 1Eh
seg000:41BC                 dw offset lodsw_IO_out_DX_from_SI_table_word; 1Fh
seg000:41BE                 dw offset lodsb         ; 20h
seg000:41C0                 dw offset xchg_al_ah    ; 21h
seg000:41C2                 dw offset sub_F040C3    ; 22h
seg000:41C4                 dw offset sub_F040D3    ; 23h
seg000:41C6                 dw offset sub_F040BA    ; 24h
seg000:41C8                 dw offset call_IVT_from_SI; 25h
seg000:41CA                 dw offset sub_F040E8    ; 26h
seg000:41CC                 dw offset sub_F04101    ; 27h
seg000:41CE                 dw offset lodsw         ; 28h
seg000:41D0                 dw offset xchg_ax_cx    ; 29h
seg000:41D2                 dw offset sub_F040CB    ; 2Ah
seg000:41D4                 dw offset sub_F040DB    ; 2Bh
seg000:41D6                 dw offset OR_byte_from_SI; 2Ch
seg000:41D8                 dw offset sub_F033AF    ; 2Dh
seg000:41DA                 dw offset delay_dssi_CPU_tuned; 2Eh
seg000:41DC                 dw offset lodsb_out_DX_byte; 2Fh
seg000:41DE                 dw offset sub_F04129    ; 30h
seg000:41E0                 dw offset sub_F04134    ; 31h
seg000:41E2                 dw offset sub_F03FF5    ; 32h
seg000:41E4                 dw offset sub_F03FE0    ; 33h
seg000:41E6                 dw offset sub_F040FA    ; 34h
seg000:41E8                 dw offset probe_IO_fixed_time; 35h
seg000:41EA
seg000:41EA ; =============== S U B R O U T I N E =======================================
seg000:41EA
seg000:41EA
seg000:41EA int_08h_IRQ0_timer18Hz proc far         ; CODE XREF: j_int_08h_IRQ0_timer18Hz↓J
seg000:41EA                 sti
seg000:41EB                 cld
seg000:41EC                 push    ax
seg000:41ED                 push    dx
seg000:41EE                 push    ds
seg000:41EF                 mov     ds, cs:BDA_Segment
seg000:41F4                 assume ds:nothing
seg000:41F4                 cli
seg000:41F5                 push    si
seg000:41F6                 mov     si, BDA_6Ch_Timer_ticks_since_midnight
seg000:41F9                 add     word ptr [si], 1
seg000:41FC                 adc     byte ptr [si+2], 0
seg000:4200                 mov     al, [si]
seg000:4202                 mov     ah, [si+2]
seg000:4205                 sbb     ax, 18B0h
seg000:4208                 jb      short loc_F04212
seg000:420A                 mov     [si], al
seg000:420C                 mov     [si+2], al
seg000:420F                 inc     byte ptr [si+4]
seg000:4212
seg000:4212 loc_F04212:                             ; CODE XREF: int_08h_IRQ0_timer18Hz+1E↑j
seg000:4212                 pop     si
seg000:4213                 sti
seg000:4214                 call    floppy_motor_timeout_tick
seg000:4217                 jnb     short loc_F04224
seg000:4219                 and     byte ptr ds:BDA_3Fh_floppy_motor_status, 0F0h
seg000:421E                 mov     dx, IO_Port_3F2h_FDC_Digital_Output
seg000:4221                 mov     al, 0Ch
seg000:4223                 out     dx, al
seg000:4224
seg000:4224 loc_F04224:                             ; CODE XREF: int_08h_IRQ0_timer18Hz+2D↑j
seg000:4224                 int     1Ch             ; CLOCK TICK
seg000:4226                 mov     al, IO_Port_PIC_Cmd_NON_SPECIFIC_EOI
seg000:4228                 out     IO_Port_20h_PIC1_Command, al
seg000:422A                 pop     ds
seg000:422B                 assume ds:seg000
seg000:422B                 pop     dx
seg000:422C                 pop     ax
seg000:422D                 iret
seg000:422D int_08h_IRQ0_timer18Hz endp
seg000:422D
seg000:422E                 assume ds:nothing
seg000:422E
seg000:422E ; =============== S U B R O U T I N E =======================================
seg000:422E
seg000:422E
seg000:422E floppy_motor_timeout_tick proc near     ; CODE XREF: int_08h_IRQ0_timer18Hz+2A↑p
seg000:422E                 dec     byte ptr ds:BDA_40h_floppy_motor_timeout
seg000:4232                 jnz     short end
seg000:4234                 stc
seg000:4235                 retn
seg000:4236 ; ---------------------------------------------------------------------------
seg000:4236
seg000:4236 end:                                    ; CODE XREF: floppy_motor_timeout_tick+4↑j
seg000:4236                 clc
seg000:4237                 retn
seg000:4237 floppy_motor_timeout_tick endp
seg000:4237
seg000:4237 ; ---------------------------------------------------------------------------
seg000:4238 IVT_Table       dw offset nullsub_5     ; 0 ; DATA XREF: IVT_init_0_1F+6↑o
seg000:423A                 dw offset nullsub_5     ; 1
seg000:423C                 dw offset j_PARITY_ERROR; 2
seg000:423E                 dw offset nullsub_5     ; 3
seg000:4240                 dw offset nullsub_5     ; 4
seg000:4242                 dw offset j_int_05h_Print_Screen; 5
seg000:4244                 dw offset nullsub_5     ; 6
seg000:4246                 dw offset nullsub_5     ; 7
seg000:4248                 dw offset j_int_08h_IRQ0_timer18Hz; 8
seg000:424A                 dw offset j_int_09h_IRQ1_keyboard; 9
seg000:424C                 dw offset loc_F06008    ; 0Ah
seg000:424E                 dw offset loc_F0600C    ; 0Bh
seg000:4250                 dw offset loc_F06010    ; 0Ch
seg000:4252                 dw offset loc_F06014    ; 0Dh
seg000:4254                 dw offset j_int_0Eh_IRQ6_FDC; 0Eh
seg000:4256                 dw offset sub_F0601C    ; 0Fh
seg000:4258                 dw offset j_int_10h_video_; 10h
seg000:425A                 dw offset j_int_11h_BIOS_Equipment_Flags; 11h
seg000:425C                 dw offset j_int_12h_ram_size; 12h
seg000:425E                 dw offset j_int_13h_diskIO; 13h
seg000:4260                 dw offset j_int_14h_serial; 14h
seg000:4262                 dw offset j_int_15h_system; 15h
seg000:4264                 dw offset j_int_16h_keyboard; 16h
seg000:4266                 dw offset j_int_17h_printing; 17h
seg000:4268                 dw offset nullsub_5     ; 18h
seg000:426A                 dw offset jump_Bootstrap; 19h
seg000:426C                 dw offset j_int_1Ah_RTC ; 1Ah
seg000:426E                 dw offset nullsub_5     ; 1Bh
seg000:4270                 dw offset nullsub_5     ; 1Ch
seg000:4272                 dw offset cga_40x25     ; 1Dh
seg000:4274                 dw offset Diskette_Parameter_Table; 1Eh
seg000:4276                 dw offset bios_8x8_font ; 1Fh
seg000:4278
seg000:4278 ; =============== S U B R O U T I N E =======================================
seg000:4278
seg000:4278
seg000:4278 int_05h_Print_Screen proc far           ; CODE XREF: j_int_05h_Print_Screen↓J
seg000:4278                 push    ds
seg000:4279                 push    ax
seg000:427A                 mov     ds, cs:BDA_Segment
seg000:427F                 mov     al, 1
seg000:4281                 test    ds:100h, al
seg000:4285                 jnz     short end
seg000:4287                 or      ds:100h, al
seg000:428B                 pop     ax
seg000:428C                 pop     ds
seg000:428D                 assume ds:seg000
seg000:428D                 call    near ptr jump_trampoline
seg000:428D ; ---------------------------------------------------------------------------
seg000:4290                 db    0
seg000:4291                 dw offset something_printing
seg000:4293 ; ---------------------------------------------------------------------------
seg000:4293                 push    ds
seg000:4294                 mov     ds, cs:BDA_Segment
seg000:4299                 assume ds:nothing
seg000:4299                 and     byte ptr ds:100h, 0FEh
seg000:429E                 pop     ds
seg000:429F                 assume ds:seg000
seg000:429F                 retn
seg000:42A0 ; ---------------------------------------------------------------------------
seg000:42A0
seg000:42A0 end:                                    ; CODE XREF: int_05h_Print_Screen+D↑j
seg000:42A0                 pop     ax
seg000:42A1                 pop     ds
seg000:42A2                 iret
seg000:42A2 int_05h_Print_Screen endp ; sp-analysis failed
seg000:42A2
seg000:42A3
seg000:42A3 ; =============== S U B R O U T I N E =======================================
seg000:42A3
seg000:42A3
seg000:42A3 something_printing proc near            ; DATA XREF: int_05h_Print_Screen+19↑o
seg000:42A3                 mov     ds, cs:BDA_Segment
seg000:42A8                 assume ds:nothing
seg000:42A8                 mov     ah, 2
seg000:42AA                 xor     dx, dx
seg000:42AC                 int     17h             ; PRINTER - GET STATUS
seg000:42AC                                         ; DX = printer port (0-3)
seg000:42AC                                         ; Return: AH = status
seg000:42AE                 and     ah, 0A0h
seg000:42B1                 cmp     ah, 80h
seg000:42B4                 jz      short loc_F042BD
seg000:42B6                 mov     byte ptr ds:100h, 0FFh
seg000:42BB                 jmp     short end
seg000:42BD ; ---------------------------------------------------------------------------
seg000:42BD
seg000:42BD loc_F042BD:                             ; CODE XREF: something_printing+11↑j
seg000:42BD                 call    update_Sanyo_Cx_video_regs
seg000:42C0                 mov     dx, ds:BDA_63h_CRTC_6845_base_address
seg000:42C4                 mov     ds, word ptr ds:BDA_C0h_Sanyo_video_seg
seg000:42C8                 assume ds:seg000
seg000:42C8                 push    cs
seg000:42C9                 pop     es
seg000:42CA                 assume es:nothing
seg000:42CA                 xor     si, si
seg000:42CC                 mov     bx, si
seg000:42CE
seg000:42CE loc_F042CE:                             ; CODE XREF: something_printing+46↓j
seg000:42CE                 push    ds
seg000:42CF                 mov     ds, cs:BDA_Segment
seg000:42D4                 assume ds:nothing
seg000:42D4                 mov     cx, ds:BDA_4Ah_video_columns_per_row
seg000:42D8                 pop     ds
seg000:42D9                 assume ds:seg000
seg000:42D9
seg000:42D9 loc_F042D9:                             ; CODE XREF: something_printing+39↓j
seg000:42D9                 call    sub_F042EC
seg000:42DC                 loope   loc_F042D9
seg000:42DE                 jnz     short end
seg000:42E0                 call    Print_newline
seg000:42E3                 jnz     short end
seg000:42E5                 inc     bx
seg000:42E6                 cmp     bl, 19h
seg000:42E9                 jb      short loc_F042CE
seg000:42EB
seg000:42EB end:                                    ; CODE XREF: something_printing+18↑j something_printing+3B↑j ...
seg000:42EB                 retn
seg000:42EB something_printing endp
seg000:42EB
seg000:42EC
seg000:42EC ; =============== S U B R O U T I N E =======================================
seg000:42EC
seg000:42EC
seg000:42EC sub_F042EC      proc near               ; CODE XREF: something_printing:loc_F042D9↑p
seg000:42EC                 push    ds
seg000:42ED                 mov     ds, cs:BDA_Segment
seg000:42F2                 assume ds:nothing
seg000:42F2                 test    byte ptr ds:BDA_C5h_Sanyo_Video_Flags, BDA_C5h_b7_CGA_mode456
seg000:42F7                 pop     ds
seg000:42F8                 assume ds:seg000
seg000:42F8                 jnz     short loc_F04303
seg000:42FA                 xchg    si, di
seg000:42FC                 call    sub_F03B6F
seg000:42FF                 xchg    si, di
seg000:4301                 jmp     short Print_char
seg000:4303 ; ---------------------------------------------------------------------------
seg000:4303
seg000:4303 loc_F04303:                             ; CODE XREF: sub_F042EC+C↑j
seg000:4303                 push    bx
seg000:4304                 push    cx
seg000:4305                 push    si
seg000:4306                 push    ds
seg000:4307                 call    sub_F029D5
seg000:430A                 call    Print_char
seg000:430D                 pop     ds
seg000:430E                 pop     si
seg000:430F                 pop     cx
seg000:4310                 inc     si
seg000:4311                 push    ds
seg000:4312                 mov     ds, cs:BDA_Segment
seg000:4317                 assume ds:nothing
seg000:4317                 test    byte ptr ds:BDA_49h_video_active_mode, 2
seg000:431C                 pop     ds
seg000:431D                 assume ds:seg000
seg000:431D                 jnz     short loc_F04320
seg000:431F                 inc     si
seg000:4320
seg000:4320 loc_F04320:                             ; CODE XREF: sub_F042EC+31↑j
seg000:4320                 cmp     cl, 1
seg000:4323                 jnz     short loc_F04329
seg000:4325                 add     si, 0F0h
seg000:4329
seg000:4329 loc_F04329:                             ; CODE XREF: sub_F042EC+37↑j
seg000:4329                 pop     bx
seg000:432A                 jmp     short loc_F04342
seg000:432A sub_F042EC      endp
seg000:432A
seg000:432C
seg000:432C ; =============== S U B R O U T I N E =======================================
seg000:432C
seg000:432C
seg000:432C Print_newline   proc near               ; CODE XREF: something_printing+3D↑p
seg000:432C                 mov     al, ASCII_CR_Enter
seg000:432E                 call    Print_char
seg000:4331                 jnz     short end
seg000:4333                 mov     al, ASCII_LF_Line_Feed
seg000:4335
seg000:4335 Print_char:                             ; CODE XREF: sub_F042EC+15↑j sub_F042EC+1E↑p ...
seg000:4335                 push    dx
seg000:4336                 xor     dx, dx
seg000:4338                 and     ax, 0FFh
seg000:433B                 jnz     short print
seg000:433D                 mov     al, ' '
seg000:433F
seg000:433F print:                                  ; CODE XREF: Print_newline+F↑j
seg000:433F                 int     17h
seg000:4341                 pop     dx
seg000:4342
seg000:4342 loc_F04342:                             ; CODE XREF: sub_F042EC+3E↑j
seg000:4342                 and     ah, 29h
seg000:4345
seg000:4345 end:                                    ; CODE XREF: Print_newline+5↑j
seg000:4345                 retn
seg000:4345 Print_newline   endp
seg000:4345
seg000:4345 ; ---------------------------------------------------------------------------
seg000:4346 BDA_Segment     dw 40h                  ; DATA XREF: ColdWarm_Boot+10↑r ColdWarm_Boot+192↑r ...
seg000:4348 IVT_segment     dw 0                    ; DATA XREF: sub_F00852+1D↑r int13h_0_Reset_disk_system+11↑r ...
seg000:434A aVer200         db ' Ver 2.00',0        ; DATA XREF: SETUP_menu+15A↓o
seg000:4354 word_F04354     dw   302h               ; 0 ; DATA XREF: SETUP_main_check+11↓o
seg000:4356                 dw 706h
seg000:4358                 dw 1008h
seg000:435A Sanyo_segment   dw 70h                  ; DATA XREF: SETUP_menu↓r SETUP_print_Date_Time+C↓r ...
seg000:435C IVT_segment2    dw 0                    ; DATA XREF: SETUP_menu+25↓r SETUP_Exit+8↓r
seg000:435E BDA_Segment2    dw 40h                  ; DATA XREF: SETUP_Exit+8F↓r
seg000:4360
seg000:4360 ; =============== S U B R O U T I N E =======================================
seg000:4360
seg000:4360
seg000:4360 SETUP_main_check proc near              ; CODE XREF: sub_F0043B+245↑p
seg000:4360                 cld
seg000:4361                 push    es
seg000:4362                 push    ds
seg000:4363                 call    Diag_test_CHECKSUM_BAD_RTC_POWER_LOST
seg000:4366                 jnz     short SETUP_menu
seg000:4368                 mov     ah, CMOS_0Fh_Shutdown_Status
seg000:436A                 call    cmos_read3
seg000:436D                 push    di
seg000:436E                 push    cx
seg000:436F                 push    cs
seg000:4370                 pop     es
seg000:4371                 mov     di, offset word_F04354
seg000:4374                 mov     cx, 6
seg000:4377                 repne scasb
seg000:4379                 pop     cx
seg000:437A                 pop     di
seg000:437B                 jz      short SETUP_menu
seg000:437D                 mov     ah, 1
seg000:437F                 int     16h             ; KEYBOARD - CHECK BUFFER, DO NOT CLEAR
seg000:437F                                         ; Return: ZF clear if character in buffer
seg000:437F                                         ; AH = scan code, AL = character
seg000:437F                                         ; ZF set if no character in buffer
seg000:4381                 jz      short end
seg000:4383                 cmp     ah, scancode_S
seg000:4386                 jz      short SETUP_menu
seg000:4388
seg000:4388 end:                                    ; CODE XREF: SETUP_main_check+21↑j
seg000:4388                 pop     es
seg000:4389                 assume es:seg000
seg000:4389                 pop     ds
seg000:438A                 retn
seg000:438A SETUP_main_check endp
seg000:438A
seg000:438B
seg000:438B ; =============== S U B R O U T I N E =======================================
seg000:438B
seg000:438B ; Attributes: noreturn
seg000:438B
seg000:438B SETUP_menu      proc near               ; CODE XREF: SETUP_main_check+6↑j SETUP_main_check+1B↑j ...
seg000:438B                 mov     ax, cs:Sanyo_segment
seg000:438F                 mov     ds, ax
seg000:4391                 assume ds:nothing
seg000:4391                 mov     es, ax
seg000:4393                 assume es:nothing
seg000:4393                 call    clear_Sanyo_segment_data
seg000:4396                 cli
seg000:4397                 mov     word ptr ds:73h, ss
seg000:439B                 mov     ds:71h, sp
seg000:439F                 mov     sp, 4FEh
seg000:43A2                 mov     ss, ax
seg000:43A4                 assume ss:nothing
seg000:43A4                 sti
seg000:43A5                 call    SETUP_read_Sys_Config
seg000:43A8                 call    SETUP_read_VidMode_Cursor_position
seg000:43AB                 call    SETUP_init_RTC
seg000:43AE                 cli
seg000:43AF                 push    es
seg000:43B0                 mov     es, cs:IVT_segment2
seg000:43B5                 assume es:nothing
seg000:43B5                 mov     si, IVT_TIMER_off
seg000:43B8                 mov     bx, es:[si]
seg000:43BB                 mov     dx, es:[si+2]
seg000:43BF                 mov     ds:7Bh, bx
seg000:43C3                 mov     ds:7Dh, dx
seg000:43C7                 mov     word ptr es:[si], offset SETUP_timer_int_handler
seg000:43CC                 mov     word ptr es:[si+2], cs
seg000:43D0                 pop     es
seg000:43D1                 assume es:seg000
seg000:43D1                 sti
seg000:43D2                 mov     byte ptr ds:63h, No_Blink or Bg_Black or Fg_Light_Gray
seg000:43D7                 call    SETUP_print_String_below
seg000:43D7 ; ---------------------------------------------------------------------------
seg000:43DA                 dw Row__0 or Column_20
seg000:43DC aSystemInformat db '***** SYSTEM INFORMATION *****',0
seg000:43FB                 dw Row__2 or Column_30
seg000:43FD aCurrentData    db 'Current Data',0
seg000:440A                 dw Row__2 or Column_50
seg000:440C aNewData        db 'New Data',0
seg000:4415                 dw Row__4 or Column__5
seg000:4417 aF1DateMmDdYyyy db 'F1   Date (MM-DD-YYYY)',0
seg000:442E                 dw Row__5 or Column__5
seg000:4430 aF2TimeHhMmSs   db 'F2   Time (HH:MM:SS)',0
seg000:4445                 dw Row__7 or Column__5
seg000:4447 aF3DriveTypeA   db 'F3   Drive Type  A:',0
seg000:445B                 dw Row__8 or Column__5
seg000:445D aF4             db 'F4',0
seg000:4460                 dw Row__8 or Column_22
seg000:4462 aB              db 'B:',0
seg000:4465                 dw Row_10 or Column__5
seg000:4467 aF5FixedTypeC   db 'F5   Fixed Type  C:',0
seg000:447B                 dw Row_11 or Column__5
seg000:447D aF6             db 'F6',0
seg000:4480                 dw Row_11 or Column_22
seg000:4482 aD              db 'D:',0
seg000:4485                 dw Row_13 or Column__5
seg000:4487 aF7MemoryBase   db 'F7   Memory   Base ',0
seg000:449B                 dw Row_14 or Column__5
seg000:449D aF8             db 'F8',0
seg000:44A0                 dw Row_14 or Column_19
seg000:44A2 aExtended       db 'Extended',0
seg000:44AB                 dw Row_16 or Column__5
seg000:44AD aF9VideoAdapter db 'F9   Video Adapter',0
seg000:44C0                 dw Row_19 or Column__5
seg000:44C2 aWWriteCmos     db '[W]  Write CMOS',0
seg000:44D2                 dw Row_20 or Column__5
seg000:44D4 aEscExit        db 'ESC  Exit',0
seg000:44DE                 dw 0FFFFh
seg000:44E0 ; ---------------------------------------------------------------------------
seg000:44E0                 call    SETUP_print_Offset_below
seg000:44E0 ; ---------------------------------------------------------------------------
seg000:44E3                 dw Row__0 or Column_55
seg000:44E5                 dw offset aVer200       ; " Ver 2.00"
seg000:44E7                 dw 0FFFFh
seg000:44E9 ; ---------------------------------------------------------------------------
seg000:44E9
seg000:44E9 loc_F044E9:                             ; CODE XREF: SETUP_Write+29↓j
seg000:44E9                                         ; DATA XREF: SETUP_confirm_data_entered+50↓o
seg000:44E9                 call    SETUP_print_Date_Time
seg000:44EC                 call    load_cmos_and_something
seg000:44EF                 call    sub_F05260
seg000:44F2
seg000:44F2 SETUP_main_input_loop:                  ; CODE XREF: SETUP_menu+1D6↓j SETUP_Date+4B↓j ...
seg000:44F2                 call    SETUP_print_Help
seg000:44F5                 call    keyboard_wait_key
seg000:44F8                 call    SETUP_Switch_ax_below
seg000:44F8 ; ---------------------------------------------------------------------------
seg000:44FB                 dw int16_scancode_F1
seg000:44FD                 dw offset SETUP_Date
seg000:44FF                 dw int16_scancode_F2
seg000:4501                 dw offset SETUP_Time
seg000:4503                 dw int16_scancode_F3
seg000:4505                 dw offset SETUP_Drive_A
seg000:4507                 dw int16_scancode_F4
seg000:4509                 dw offset SETUP_Drive_B
seg000:450B                 dw int16_scancode_F5
seg000:450D                 dw offset SETUP_Drive_C
seg000:450F                 dw int16_scancode_F6
seg000:4511                 dw offset SETUP_Drive_D
seg000:4513                 dw int16_scancode_F7
seg000:4515                 dw offset SETUP_Memory_Base_
seg000:4517                 dw int16_scancode_F8
seg000:4519                 dw offset SETUP_Memory_Extended_
seg000:451B                 dw int16_scancode_F9
seg000:451D                 dw offset SETUP_Video_Adapter_
seg000:451F                 dw int16_scancode_Esc
seg000:4521                 dw offset SETUP_confirm_data_entered
seg000:4523                 dw 0FFFFh
seg000:4525 ; ---------------------------------------------------------------------------
seg000:4525                 and     ax, 0FFh
seg000:4528                 call    SETUP_Switch_ax_below
seg000:4528 ; ---------------------------------------------------------------------------
seg000:452B                 dw '1'
seg000:452D                 dw offset SETUP_Date
seg000:452F                 dw '2'
seg000:4531                 dw offset SETUP_Time
seg000:4533                 dw '3'
seg000:4535                 dw offset SETUP_Drive_A
seg000:4537                 dw '4'
seg000:4539                 dw offset SETUP_Drive_B
seg000:453B                 dw '5'
seg000:453D                 dw offset SETUP_Drive_C
seg000:453F                 dw '6'
seg000:4541                 dw offset SETUP_Drive_D
seg000:4543                 dw '7'
seg000:4545                 dw offset SETUP_Memory_Base_
seg000:4547                 dw '8'
seg000:4549                 dw offset SETUP_Memory_Extended_
seg000:454B                 dw '9'
seg000:454D                 dw offset SETUP_Video_Adapter_
seg000:454F                 dw 'W'
seg000:4551                 dw offset SETUP_Write
seg000:4553                 dw 'w'
seg000:4555                 dw offset SETUP_Write
seg000:4557                 dw 'Z'
seg000:4559                 dw offset SETUP_Write
seg000:455B                 dw 'z'
seg000:455D                 dw offset SETUP_Write
seg000:455F                 dw 0FFFFh
seg000:4561 ; ---------------------------------------------------------------------------
seg000:4561                 jmp     short SETUP_main_input_loop
seg000:4561 SETUP_menu      endp
seg000:4561
seg000:4563
seg000:4563 ; =============== S U B R O U T I N E =======================================
seg000:4563
seg000:4563 ; Attributes: noreturn thunk
seg000:4563
seg000:4563 SETUP_Date      proc near               ; DATA XREF: SETUP_menu+172↑o SETUP_menu+1A2↑o
seg000:4563                 call    SETUP_print_Help_change_Data
seg000:4566                 mov     byte ptr ds:41h, 1
seg000:456B                 mov     byte ptr ds:45h, 1
seg000:4570                 mov     byte ptr ds:42h, 1
seg000:4575                 mov     byte ptr ds:46h, 1
seg000:457A                 mov     byte ptr ds:43h, 19h
seg000:457F                 mov     byte ptr ds:44h, 85h
seg000:4584                 mov     word ptr ds:47h, 1985
seg000:458A                 mov     word ptr ds:49h, 0
seg000:4590                 mov     word ptr ds:58h, 12
seg000:4596                 mov     word ptr ds:5Ah, 1
seg000:459C                 mov     bh, 0
seg000:459E                 mov     bl, ds:45h
seg000:45A2                 mov     word ptr ds:65h, Row__4 or Column_50
seg000:45A8                 call    SETUP_print_Date
seg000:45AB                 call    SETUP_Date_input_handler
seg000:45AE                 jmp     SETUP_main_input_loop
seg000:45AE SETUP_Date      endp
seg000:45AE
seg000:45B1
seg000:45B1 ; =============== S U B R O U T I N E =======================================
seg000:45B1
seg000:45B1
seg000:45B1 SETUP_Date_input_handler proc near      ; CODE XREF: SETUP_Date+48↑p SETUP_set_Date_prev+FE↓j
seg000:45B1                 mov     word ptr ds:61h, 1
seg000:45B7                 call    keyboard_wait_key
seg000:45BA                 call    SETUP_Switch_ax_below
seg000:45BA ; ---------------------------------------------------------------------------
seg000:45BD                 dw int16_scancode_Enter
seg000:45BF                 dw offset SETUP_set_Date
seg000:45C1                 dw int16_scancode_Esc
seg000:45C3                 dw offset SETUP_set_Date_exit
seg000:45C5                 dw int16_scancode_Left_Arrow
seg000:45C7                 dw offset SETUP_set_Date_prev
seg000:45C9                 dw int16_scancode_Right_Arrow
seg000:45CB                 dw offset SETUP_set_Date_next
seg000:45CD                 dw 0FFFFh
seg000:45CF ; ---------------------------------------------------------------------------
seg000:45CF                 call    SETUP_UpDown_Arrow_input_handler
seg000:45D2                 jmp     loc_F0465A
seg000:45D2 SETUP_Date_input_handler endp
seg000:45D2
seg000:45D5
seg000:45D5 ; =============== S U B R O U T I N E =======================================
seg000:45D5
seg000:45D5
seg000:45D5 SETUP_set_Date_prev proc near           ; DATA XREF: SETUP_Date_input_handler+16↑o
seg000:45D5                 sub     word ptr ds:49h, 1
seg000:45DA                 jnb     short switch_field_context
seg000:45DC                 mov     word ptr ds:49h, 2
seg000:45E2                 jmp     short switch_field_context
seg000:45E4 ; ---------------------------------------------------------------------------
seg000:45E4
seg000:45E4 SETUP_set_Date_next:                    ; DATA XREF: SETUP_Date_input_handler+1A↑o
seg000:45E4                 add     word ptr ds:49h, 1
seg000:45E9                 cmp     word ptr ds:49h, 2
seg000:45EE                 jle     short switch_field_context
seg000:45F0                 mov     word ptr ds:49h, 0
seg000:45F6
seg000:45F6 switch_field_context:                   ; CODE XREF: SETUP_set_Date_prev+5↑j SETUP_set_Date_prev+D↑j ...
seg000:45F6                 mov     ax, ds:49h
seg000:45F9                 mov     bx, 0
seg000:45FC                 call    SETUP_Switch_ax_below
seg000:45FC ; ---------------------------------------------------------------------------
seg000:45FF                 dw 0
seg000:4601                 dw offset clamp_month
seg000:4603                 dw 1
seg000:4605                 dw offset clamp_days
seg000:4607                 dw 2
seg000:4609                 dw offset clamp_year
seg000:460B                 dw 0FFFFh
seg000:460D ; ---------------------------------------------------------------------------
seg000:460D
seg000:460D clamp_year:                             ; DATA XREF: SETUP_set_Date_prev+34↑o
seg000:460D                 mov     word ptr ds:5Ah, 1980
seg000:4613                 mov     word ptr ds:58h, 2099
seg000:4619                 mov     bx, ds:47h
seg000:461D                 jmp     short loc_F0465A
seg000:461F ; ---------------------------------------------------------------------------
seg000:461F
seg000:461F clamp_month:                            ; DATA XREF: SETUP_set_Date_prev+2C↑o
seg000:461F                 mov     word ptr ds:5Ah, 1
seg000:4625                 mov     word ptr ds:58h, 12
seg000:462B                 jmp     short load_active_field_value
seg000:462D ; ---------------------------------------------------------------------------
seg000:462D
seg000:462D clamp_days:                             ; DATA XREF: SETUP_set_Date_prev+30↑o
seg000:462D                 mov     word ptr ds:5Ah, 1
seg000:4633                 cmp     byte ptr ds:45h, 2
seg000:4638                 jnz     short get_std_month_max_days
seg000:463A                 test    byte ptr ds:47h, 3
seg000:463F                 jz      short set_day_max_limit
seg000:4641
seg000:4641 get_std_month_max_days:                 ; CODE XREF: SETUP_set_Date_prev+63↑j
seg000:4641                 mov     bl, ds:45h
seg000:4645
seg000:4645 set_day_max_limit:                      ; CODE XREF: SETUP_set_Date_prev+6A↑j
seg000:4645                 mov     ax, 0
seg000:4648                 mov     al, cs:month_days_LUT[bx]
seg000:464D                 mov     ds:58h, ax
seg000:4650
seg000:4650 load_active_field_value:                ; CODE XREF: SETUP_set_Date_prev+56↑j
seg000:4650                 xor     bx, bx
seg000:4652                 mov     si, ds:49h
seg000:4656                 mov     bl, [si+45h]
seg000:465A
seg000:465A loc_F0465A:                             ; CODE XREF: SETUP_Date_input_handler+21↑j SETUP_set_Date_prev+48↑j
seg000:465A                 mov     si, ds:49h
seg000:465E                 cmp     si, 2
seg000:4661                 jnz     short loc_F04669
seg000:4663                 mov     [si+45h], bx
seg000:4667                 jmp     short loc_F0466D
seg000:4669 ; ---------------------------------------------------------------------------
seg000:4669
seg000:4669 loc_F04669:                             ; CODE XREF: SETUP_set_Date_prev+8C↑j
seg000:4669                 mov     [si+45h], bl
seg000:466D
seg000:466D loc_F0466D:                             ; CODE XREF: SETUP_set_Date_prev+92↑j
seg000:466D                 mov     al, ds:45h
seg000:4670                 mov     di, offset non_31_day_LUT
seg000:4673                 mov     cx, cs:non_31_day_len
seg000:4678                 push    ds
seg000:4679                 push    cs
seg000:467A                 pop     ds
seg000:467B                 assume ds:nothing
seg000:467B                 repne scasb
seg000:467D                 pop     ds
seg000:467E                 assume ds:nothing
seg000:467E                 jnz     short format_and_print_date
seg000:4680                 cmp     al, 2
seg000:4682                 jnz     short clamp_to_30_days
seg000:4684                 test    byte ptr ds:47h, 3
seg000:4689                 jnz     short load_feb_non_leap_max
seg000:468B                 mov     al, cs:month_days_LUT
seg000:468F                 jmp     short clamp_day
seg000:4691 ; ---------------------------------------------------------------------------
seg000:4691
seg000:4691 load_feb_non_leap_max:                  ; CODE XREF: SETUP_set_Date_prev+B4↑j
seg000:4691                 mov     al, cs:month_days_LUT+2
seg000:4695
seg000:4695 clamp_day:                              ; CODE XREF: SETUP_set_Date_prev+BA↑j
seg000:4695                 cmp     ds:46h, al
seg000:4699                 jb      short format_and_print_date
seg000:469B                 mov     ds:46h, al
seg000:469E                 jmp     short format_and_print_date
seg000:46A0 ; ---------------------------------------------------------------------------
seg000:46A0
seg000:46A0 clamp_to_30_days:                       ; CODE XREF: SETUP_set_Date_prev+AD↑j
seg000:46A0                 cmp     byte ptr ds:46h, 31
seg000:46A5                 jb      short format_and_print_date
seg000:46A7                 mov     byte ptr ds:46h, 30
seg000:46AC
seg000:46AC format_and_print_date:                  ; CODE XREF: SETUP_set_Date_prev+A9↑j SETUP_set_Date_prev+C4↑j ...
seg000:46AC                 mov     si, 41h
seg000:46AF                 mov     cx, 1
seg000:46B2                 mov     ah, 0
seg000:46B4                 mov     al, ds:45h
seg000:46B7                 call    SETUP_binary_to_BCD
seg000:46BA                 inc     si
seg000:46BB                 mov     cx, 1
seg000:46BE                 mov     ah, 0
seg000:46C0                 mov     al, ds:46h
seg000:46C3                 call    SETUP_binary_to_BCD
seg000:46C6                 inc     si
seg000:46C7                 mov     cx, 2
seg000:46CA                 mov     ax, ds:47h
seg000:46CD                 call    SETUP_binary_to_BCD
seg000:46D0                 call    SETUP_print_Date
seg000:46D3                 jmp     SETUP_Date_input_handler
seg000:46D3 SETUP_set_Date_prev endp
seg000:46D3
seg000:46D6
seg000:46D6 ; =============== S U B R O U T I N E =======================================
seg000:46D6
seg000:46D6
seg000:46D6 SETUP_set_Date  proc near               ; DATA XREF: SETUP_Date_input_handler+E↑o
seg000:46D6                 mov     ah, 5
seg000:46D8                 mov     dh, ds:41h
seg000:46DC                 mov     dl, ds:42h
seg000:46E0                 mov     ch, ds:43h
seg000:46E4                 mov     cl, ds:44h
seg000:46E8                 int     1Ah             ; CLOCK - SET DATE IN REAL TIME CLOCK (AT,XT286,CONV,PS)
seg000:46E8                                         ; DL = day in BCD, DH = month in BCD, CL = year in BCD
seg000:46E8                                         ; CH = century (19h or 20h)
seg000:46E8                                         ; Return: CMOS clock set
seg000:46EA                 or      byte ptr ds:40h, 4
seg000:46EF
seg000:46EF SETUP_set_Date_exit:                    ; DATA XREF: SETUP_Date_input_handler+12↑o
seg000:46EF                 call    print_15_SPACEs_at_es65
seg000:46F2                 retn
seg000:46F2 SETUP_set_Date  endp
seg000:46F2
seg000:46F2 ; ---------------------------------------------------------------------------
seg000:46F3 month_days_LUT  db 29                   ; 0 ; DATA XREF: SETUP_set_Date_prev+73↑r SETUP_set_Date_prev+B6↑r ...
seg000:46F4                 db 31                   ; 1
seg000:46F5                 db 28                   ; 2
seg000:46F6                 db 31                   ; 3
seg000:46F7                 db 30                   ; 4
seg000:46F8                 db 31                   ; 5
seg000:46F9                 db 30                   ; 6
seg000:46FA                 db 31                   ; 7
seg000:46FB                 db 31                   ; 8
seg000:46FC                 db 30                   ; 9
seg000:46FD                 db 31                   ; 10
seg000:46FE                 db 30                   ; 11
seg000:46FF                 db 31                   ; 12
seg000:4700 non_31_day_LUT  db 2                    ; DATA XREF: SETUP_set_Date_prev+9B↑o
seg000:4701                 db 4
seg000:4702                 db 6
seg000:4703                 db 9
seg000:4704                 db 11
seg000:4705 non_31_day_len  dw 5                    ; DATA XREF: SETUP_set_Date_prev+9E↑r
seg000:4707
seg000:4707 ; =============== S U B R O U T I N E =======================================
seg000:4707
seg000:4707
seg000:4707 SETUP_print_Date proc near              ; CODE XREF: SETUP_Date+45↑p SETUP_set_Date_prev+FB↑p
seg000:4707                 push    bx
seg000:4708                 mov     bx, ds:65h
seg000:470C                 cmp     word ptr ds:49h, 0
seg000:4711                 jnz     short month
seg000:4713                 mov     byte ptr ds:63h, No_Blink or Bg_Light_Gray or Fg_Black
seg000:4718
seg000:4718 month:                                  ; CODE XREF: SETUP_print_Date+A↑j
seg000:4718                 mov     al, ds:41h
seg000:471B                 call    SETUP_print_BCD
seg000:471E                 add     bx, 2
seg000:4721                 mov     al, '-'
seg000:4723                 call    set_cursor_and_print
seg000:4726                 cmp     word ptr ds:49h, 1
seg000:472B                 jnz     short day
seg000:472D                 mov     byte ptr ds:63h, No_Blink or Bg_Light_Gray or Fg_Black
seg000:4732
seg000:4732 day:                                    ; CODE XREF: SETUP_print_Date+24↑j
seg000:4732                 inc     bx
seg000:4733                 mov     al, ds:42h
seg000:4736                 call    SETUP_print_BCD
seg000:4739                 add     bx, 2
seg000:473C                 mov     al, '-'
seg000:473E                 call    set_cursor_and_print
seg000:4741                 cmp     word ptr ds:49h, 2
seg000:4746                 jnz     short year
seg000:4748                 mov     byte ptr ds:63h, No_Blink or Bg_Light_Gray or Fg_Black
seg000:474D
seg000:474D year:                                   ; CODE XREF: SETUP_print_Date+3F↑j
seg000:474D                 mov     al, ds:63h
seg000:4750                 push    ax
seg000:4751                 inc     bx
seg000:4752                 mov     al, ds:43h
seg000:4755                 call    SETUP_print_BCD
seg000:4758                 pop     ax
seg000:4759                 mov     ds:63h, al
seg000:475C                 add     bx, 2
seg000:475F                 mov     al, ds:44h
seg000:4762                 call    SETUP_print_BCD
seg000:4765                 pop     bx
seg000:4766                 retn
seg000:4766 SETUP_print_Date endp
seg000:4766
seg000:4767
seg000:4767 ; =============== S U B R O U T I N E =======================================
seg000:4767
seg000:4767
seg000:4767 SETUP_binary_to_BCD proc near           ; CODE XREF: SETUP_set_Date_prev+E2↑p SETUP_set_Date_prev+EE↑p ...
seg000:4767                 push    bx
seg000:4768                 push    si
seg000:4769                 mov     bx, cx
seg000:476B
seg000:476B convert_loop:                           ; CODE XREF: SETUP_binary_to_BCD+1F↓j
seg000:476B                 dec     bx
seg000:476C                 push    cx
seg000:476D                 mov     dx, 0
seg000:4770                 div     cs:divider_10
seg000:4775                 mov     [bx+si], dl
seg000:4777                 mov     dx, 0
seg000:477A                 div     cs:divider_10
seg000:477F                 mov     cl, 4
seg000:4781                 shl     dl, cl
seg000:4783                 or      [bx+si], dl
seg000:4785                 pop     cx
seg000:4786                 loop    convert_loop
seg000:4788                 pop     si
seg000:4789                 pop     bx
seg000:478A                 retn
seg000:478A SETUP_binary_to_BCD endp
seg000:478A
seg000:478B
seg000:478B ; =============== S U B R O U T I N E =======================================
seg000:478B
seg000:478B
seg000:478B SETUP_Time      proc near               ; DATA XREF: SETUP_menu+176↑o SETUP_menu+1A6↑o
seg000:478B                 call    SETUP_print_Help_change_Data
seg000:478E                 mov     bx, 0
seg000:4791                 mov     di, 41h
seg000:4794                 mov     al, 0
seg000:4796                 mov     cx, 3
seg000:4799                 rep stosb
seg000:479B                 mov     di, 45h
seg000:479E                 mov     cx, 3
seg000:47A1                 rep stosb
seg000:47A3                 mov     word ptr ds:49h, 0
seg000:47A9                 mov     word ptr ds:58h, 23
seg000:47AF                 mov     word ptr ds:5Ah, 0
seg000:47B5                 mov     word ptr ds:65h, Row__5 or Column_50
seg000:47BB                 call    SETUP_print_Time
seg000:47BE                 call    SETUP_Time_input_handler
seg000:47C1                 jmp     SETUP_main_input_loop
seg000:47C1 SETUP_Time      endp
seg000:47C1
seg000:47C4
seg000:47C4 ; =============== S U B R O U T I N E =======================================
seg000:47C4
seg000:47C4
seg000:47C4 SETUP_Time_input_handler proc near      ; CODE XREF: SETUP_Time+33↑p SETUP_Time_input_handler+7D↓j
seg000:47C4                 mov     word ptr ds:61h, 1
seg000:47CA                 call    keyboard_wait_key
seg000:47CD                 call    SETUP_Switch_ax_below
seg000:47CD ; ---------------------------------------------------------------------------
seg000:47D0                 dw int16_scancode_Enter
seg000:47D2                 dw offset SETUP_set_Time
seg000:47D4                 dw int16_scancode_Esc
seg000:47D6                 dw offset loc_F0485A
seg000:47D8                 dw int16_scancode_Left_Arrow
seg000:47DA                 dw offset loc_F047E7
seg000:47DC                 dw int16_scancode_Right_Arrow
seg000:47DE                 dw offset loc_F047F6
seg000:47E0                 dw 0FFFFh
seg000:47E2 ; ---------------------------------------------------------------------------
seg000:47E2                 call    SETUP_UpDown_Arrow_input_handler
seg000:47E5                 jmp     short loc_F04827
seg000:47E7 ; ---------------------------------------------------------------------------
seg000:47E7
seg000:47E7 loc_F047E7:                             ; DATA XREF: SETUP_Time_input_handler+16↑o
seg000:47E7                 sub     word ptr ds:49h, 1
seg000:47EC                 jnb     short loc_F04808
seg000:47EE                 mov     word ptr ds:49h, 2
seg000:47F4                 jmp     short loc_F04808
seg000:47F6 ; ---------------------------------------------------------------------------
seg000:47F6
seg000:47F6 loc_F047F6:                             ; DATA XREF: SETUP_Time_input_handler+1A↑o
seg000:47F6                 add     word ptr ds:49h, 1
seg000:47FB                 cmp     word ptr ds:49h, 2
seg000:4800                 jle     short loc_F04808
seg000:4802                 mov     word ptr ds:49h, 0
seg000:4808
seg000:4808 loc_F04808:                             ; CODE XREF: SETUP_Time_input_handler+28↑j SETUP_Time_input_handler+30↑j ...
seg000:4808                 cmp     word ptr ds:49h, 0
seg000:480D                 jnz     short loc_F04817
seg000:480F                 mov     word ptr ds:58h, 23
seg000:4815                 jmp     short loc_F0481D
seg000:4817 ; ---------------------------------------------------------------------------
seg000:4817
seg000:4817 loc_F04817:                             ; CODE XREF: SETUP_Time_input_handler+49↑j
seg000:4817                 mov     word ptr ds:58h, 59
seg000:481D
seg000:481D loc_F0481D:                             ; CODE XREF: SETUP_Time_input_handler+51↑j
seg000:481D                 mov     si, ds:49h
seg000:4821                 mov     bh, 0
seg000:4823                 mov     bl, [si+45h]
seg000:4827
seg000:4827 loc_F04827:                             ; CODE XREF: SETUP_Time_input_handler+21↑j
seg000:4827                 mov     ax, bx
seg000:4829                 mov     si, ds:49h
seg000:482D                 mov     [si+45h], al
seg000:4831                 mov     si, 41h
seg000:4834                 add     si, ds:49h
seg000:4838                 mov     cx, 1
seg000:483B                 call    SETUP_binary_to_BCD
seg000:483E                 call    SETUP_print_Time
seg000:4841                 jmp     short SETUP_Time_input_handler
seg000:4841 SETUP_Time_input_handler endp
seg000:4841
seg000:4843
seg000:4843 ; =============== S U B R O U T I N E =======================================
seg000:4843
seg000:4843
seg000:4843 SETUP_set_Time  proc near               ; DATA XREF: SETUP_Time_input_handler+E↑o
seg000:4843                 mov     ah, 3
seg000:4845                 mov     ch, ds:41h
seg000:4849                 mov     cl, ds:42h
seg000:484D                 mov     dh, ds:43h
seg000:4851                 mov     dl, 0
seg000:4853                 int     1Ah             ; CLOCK - SET REAL TIME CLOCK (AT,XT286,CONV,PS)
seg000:4853                                         ; CH = hours in BCD, CL = minutes in BCD
seg000:4853                                         ;  DH = seconds in BCD,DL = 01h if daylight savings, 00h if standard time
seg000:4853                                         ; Return: CMOS clock set
seg000:4855                 or      byte ptr ds:40h, 4
seg000:485A
seg000:485A loc_F0485A:                             ; DATA XREF: SETUP_Time_input_handler+12↑o
seg000:485A                 call    print_15_SPACEs_at_es65
seg000:485D                 retn
seg000:485D SETUP_set_Time  endp
seg000:485D
seg000:485E
seg000:485E ; =============== S U B R O U T I N E =======================================
seg000:485E
seg000:485E
seg000:485E SETUP_print_Time proc near              ; CODE XREF: SETUP_Time+30↑p SETUP_Time_input_handler+7A↑p
seg000:485E                 push    bx
seg000:485F                 mov     bx, ds:65h
seg000:4863                 cmp     byte ptr ds:49h, 0
seg000:4868                 jnz     short loc_F0486F
seg000:486A                 mov     byte ptr ds:63h, No_Blink or Bg_Light_Gray or Fg_Black
seg000:486F
seg000:486F loc_F0486F:                             ; CODE XREF: SETUP_print_Time+A↑j
seg000:486F                 mov     al, ds:41h
seg000:4872                 call    SETUP_print_BCD
seg000:4875                 add     bx, 2
seg000:4878                 mov     al, ':'
seg000:487A                 call    set_cursor_and_print
seg000:487D                 cmp     byte ptr ds:49h, 1
seg000:4882                 jnz     short loc_F04889
seg000:4884                 mov     byte ptr ds:63h, No_Blink or Bg_Light_Gray or Fg_Black
seg000:4889
seg000:4889 loc_F04889:                             ; CODE XREF: SETUP_print_Time+24↑j
seg000:4889                 inc     bx
seg000:488A                 mov     al, ds:42h
seg000:488D                 call    SETUP_print_BCD
seg000:4890                 add     bx, 2
seg000:4893                 mov     al, ':'
seg000:4895                 call    set_cursor_and_print
seg000:4898                 cmp     byte ptr ds:49h, 2
seg000:489D                 jnz     short loc_F048A4
seg000:489F                 mov     byte ptr ds:63h, No_Blink or Bg_Light_Gray or Fg_Black
seg000:48A4
seg000:48A4 loc_F048A4:                             ; CODE XREF: SETUP_print_Time+3F↑j
seg000:48A4                 inc     bx
seg000:48A5                 mov     al, ds:43h
seg000:48A8                 call    SETUP_print_BCD
seg000:48AB                 pop     bx
seg000:48AC                 retn
seg000:48AC SETUP_print_Time endp
seg000:48AC
seg000:48AD
seg000:48AD ; =============== S U B R O U T I N E =======================================
seg000:48AD
seg000:48AD ; Attributes: noreturn
seg000:48AD
seg000:48AD SETUP_Drive_A   proc near               ; DATA XREF: SETUP_menu+17A↑o SETUP_menu+1AA↑o
seg000:48AD                 mov     byte ptr ds:60h, 0F0h
seg000:48B2                 mov     word ptr ds:5Ah, 1
seg000:48B8                 jmp     short SETUP_Drive
seg000:48BA ; ---------------------------------------------------------------------------
seg000:48BA
seg000:48BA SETUP_Drive_B:                          ; DATA XREF: SETUP_menu+17E↑o SETUP_menu+1AE↑o
seg000:48BA                 mov     byte ptr ds:60h, 0Fh
seg000:48BF                 mov     word ptr ds:5Ah, 0
seg000:48C5
seg000:48C5 SETUP_Drive:                            ; CODE XREF: SETUP_Drive_A+B↑j
seg000:48C5                 call    SETUP_print_Help_change_Type
seg000:48C8                 mov     ah, ds:60h
seg000:48CC                 mov     al, ds:0
seg000:48CF                 and     al, ah
seg000:48D1                 not     ah
seg000:48D3                 and     ds:20h, ah
seg000:48D7                 or      ds:20h, al
seg000:48DB                 mov     al, ds:4Dh
seg000:48DE                 push    ax
seg000:48DF                 mov     byte ptr ds:4Dh, 0
seg000:48E4                 mov     word ptr ds:5Ch, 20h ; ' '
seg000:48EA                 mov     byte ptr ds:63h, No_Blink or Bg_Light_Gray or Fg_Black
seg000:48EF                 mov     byte ptr ds:65h, Column_50
seg000:48F4                 mov     ax, ds:4Bh
seg000:48F7                 mov     ds:58h, ax
seg000:48FA                 cmp     byte ptr ds:60h, 0F0h
seg000:48FF                 jnz     short loc_F04909
seg000:4901                 mov     ax, 1
seg000:4904                 call    sub_F04919
seg000:4907                 jmp     short loc_F0490F
seg000:4909 ; ---------------------------------------------------------------------------
seg000:4909
seg000:4909 loc_F04909:                             ; CODE XREF: SETUP_Drive_A+52↑j
seg000:4909                 mov     ax, 0
seg000:490C                 call    sub_F04928
seg000:490F
seg000:490F loc_F0490F:                             ; CODE XREF: SETUP_Drive_A+5A↑j
seg000:490F                 call    SETUP_Drive_input_handler
seg000:4912                 pop     ax
seg000:4913                 mov     ds:4Dh, al
seg000:4916                 jmp     SETUP_main_input_loop
seg000:4916 SETUP_Drive_A   endp
seg000:4916
seg000:4919
seg000:4919 ; =============== S U B R O U T I N E =======================================
seg000:4919
seg000:4919
seg000:4919 sub_F04919      proc near               ; CODE XREF: SETUP_Drive_A+57↑p sub_F05260+5E↓p
seg000:4919                 push    ax
seg000:491A                 mov     byte ptr ds:66h, 7
seg000:491F                 cmp     al, 0
seg000:4921                 jnz     short loc_F0492E
seg000:4923                 mov     bx, 0FFFFh
seg000:4926                 jmp     short loc_F04931
seg000:4926 sub_F04919      endp
seg000:4926
seg000:4928
seg000:4928 ; =============== S U B R O U T I N E =======================================
seg000:4928
seg000:4928
seg000:4928 sub_F04928      proc near               ; CODE XREF: SETUP_Drive_A+5F↑p sub_F05260+70↓p
seg000:4928                 push    ax
seg000:4929                 mov     byte ptr ds:66h, 8
seg000:492E
seg000:492E loc_F0492E:                             ; CODE XREF: sub_F04919+8↑j
seg000:492E                 call    bx_plus_1_to_5
seg000:4931
seg000:4931 loc_F04931:                             ; CODE XREF: sub_F04919+D↑j
seg000:4931                 call    SETUP_print_floppy_type
seg000:4934                 pop     ax
seg000:4935                 retn
seg000:4935 sub_F04928      endp
seg000:4935
seg000:4936
seg000:4936 ; =============== S U B R O U T I N E =======================================
seg000:4936
seg000:4936
seg000:4936 SETUP_Drive_input_handler proc near     ; CODE XREF: SETUP_Drive_A:loc_F0490F↑p SETUP_Drive_input_handler+21↓j
seg000:4936                 call    keyboard_wait_key
seg000:4939                 mov     word ptr ds:61h, 1
seg000:493F                 call    SETUP_Switch_ax_below
seg000:493F ; ---------------------------------------------------------------------------
seg000:4942                 dw int16_scancode_Esc
seg000:4944                 dw offset sub_F04959
seg000:4946                 dw int16_scancode_Enter
seg000:4948                 dw offset sub_F0495D
seg000:494A                 dw 0FFFFh
seg000:494C ; ---------------------------------------------------------------------------
seg000:494C                 call    SETUP_UpDown_Arrow_input_handler
seg000:494F                 mov     byte ptr ds:63h, No_Blink or Bg_Light_Gray or Fg_Black
seg000:4954                 call    SETUP_print_floppy_type
seg000:4957                 jmp     short SETUP_Drive_input_handler
seg000:4957 SETUP_Drive_input_handler endp
seg000:4957
seg000:4959
seg000:4959 ; =============== S U B R O U T I N E =======================================
seg000:4959
seg000:4959
seg000:4959 sub_F04959      proc near               ; CODE XREF: sub_F0495D+4↓j
seg000:4959                                         ; DATA XREF: SETUP_Drive_input_handler+E↑o
seg000:4959                 call    print_15_SPACEs_at_es65
seg000:495C                 retn
seg000:495C sub_F04959      endp
seg000:495C
seg000:495D
seg000:495D ; =============== S U B R O U T I N E =======================================
seg000:495D
seg000:495D
seg000:495D sub_F0495D      proc near               ; DATA XREF: SETUP_Drive_input_handler+12↑o
seg000:495D                 cmp     bx, ds:58h
seg000:4961                 jg      short sub_F04959
seg000:4963                 call    SETUP_print_floppy_type
seg000:4966                 mov     ax, 11h
seg000:4969                 mul     bl
seg000:496B                 mov     ah, ds:60h
seg000:496F                 and     al, ah
seg000:4971                 not     ah
seg000:4973                 mov     bx, ds:5Ch
seg000:4977                 and     [bx], ah
seg000:4979                 or      [bx], al
seg000:497B                 retn
seg000:497B sub_F0495D      endp
seg000:497B
seg000:497C
seg000:497C ; =============== S U B R O U T I N E =======================================
seg000:497C
seg000:497C
seg000:497C bx_plus_1_to_5  proc near               ; CODE XREF: sub_F04928:loc_F0492E↑p sub_F0502F+9↓p
seg000:497C                 mov     bx, 0
seg000:497F                 cmp     ds:4Bh, ax
seg000:4983                 jb      short bx_plus_5
seg000:4985                 call    SETUP_Switch_ax_below
seg000:4985 ; ---------------------------------------------------------------------------
seg000:4988                 dw 0
seg000:498A                 dw offset end
seg000:498C                 dw 1
seg000:498E                 dw offset bx_plus_1
seg000:4990                 dw 2
seg000:4992                 dw offset bx_plus_2
seg000:4994                 dw 3
seg000:4996                 dw offset bx_plus_3
seg000:4998                 dw 4
seg000:499A                 dw offset bx_plus_4
seg000:499C                 dw 0FFFFh
seg000:499E ; ---------------------------------------------------------------------------
seg000:499E
seg000:499E bx_plus_5:                              ; CODE XREF: bx_plus_1_to_5+7↑j
seg000:499E                 inc     bx
seg000:499F
seg000:499F bx_plus_4:                              ; DATA XREF: bx_plus_1_to_5+1E↑o
seg000:499F                 inc     bx
seg000:49A0
seg000:49A0 bx_plus_3:                              ; DATA XREF: bx_plus_1_to_5+1A↑o
seg000:49A0                 inc     bx
seg000:49A1
seg000:49A1 bx_plus_2:                              ; DATA XREF: bx_plus_1_to_5+16↑o
seg000:49A1                 inc     bx
seg000:49A2
seg000:49A2 bx_plus_1:                              ; DATA XREF: bx_plus_1_to_5+12↑o
seg000:49A2                 inc     bx
seg000:49A3
seg000:49A3 end:                                    ; DATA XREF: bx_plus_1_to_5+E↑o
seg000:49A3                 retn
seg000:49A3 bx_plus_1_to_5  endp
seg000:49A3
seg000:49A4
seg000:49A4 ; =============== S U B R O U T I N E =======================================
seg000:49A4
seg000:49A4
seg000:49A4 SETUP_UpDown_Arrow_input_handler proc near ; CODE XREF: SETUP_Date_input_handler+1E↑p SETUP_Time_input_handler+1E↑p ...
seg000:49A4                 call    SETUP_Switch_ax_below
seg000:49A4 ; ---------------------------------------------------------------------------
seg000:49A7                 dw int16_scancode_Down_Arrow
seg000:49A9                 dw offset fOption_down
seg000:49AB                 dw int16_scancode_Up_Arrow
seg000:49AD                 dw offset fOption_up
seg000:49AF                 dw 0FFFFh
seg000:49B1 ; ---------------------------------------------------------------------------
seg000:49B1                 jmp     short end
seg000:49B3 ; ---------------------------------------------------------------------------
seg000:49B3
seg000:49B3 fOption_down:                           ; DATA XREF: SETUP_UpDown_Arrow_input_handler+5↑o
seg000:49B3                 sub     bx, ds:61h
seg000:49B7                 jb      short roll_under_clamp
seg000:49B9                 cmp     bx, ds:5Ah
seg000:49BD                 jnb     short roll_over_check
seg000:49BF
seg000:49BF roll_under_clamp:                       ; CODE XREF: SETUP_UpDown_Arrow_input_handler+13↑j
seg000:49BF                 mov     bx, ds:58h
seg000:49C3                 jmp     short end
seg000:49C5 ; ---------------------------------------------------------------------------
seg000:49C5
seg000:49C5 fOption_up:                             ; DATA XREF: SETUP_UpDown_Arrow_input_handler+9↑o
seg000:49C5                 add     bx, ds:61h
seg000:49C9
seg000:49C9 roll_over_check:                        ; CODE XREF: SETUP_UpDown_Arrow_input_handler+19↑j
seg000:49C9                 cmp     bx, ds:58h
seg000:49CD                 jbe     short end
seg000:49CF                 mov     bx, ds:5Ah
seg000:49D3
seg000:49D3 end:                                    ; CODE XREF: SETUP_UpDown_Arrow_input_handler+D↑j SETUP_UpDown_Arrow_input_handler+1F↑j ...
seg000:49D3                 retn
seg000:49D3 SETUP_UpDown_Arrow_input_handler endp
seg000:49D3
seg000:49D4
seg000:49D4 ; =============== S U B R O U T I N E =======================================
seg000:49D4
seg000:49D4
seg000:49D4 SETUP_print_floppy_type proc near       ; CODE XREF: sub_F04928:loc_F04931↑p SETUP_Drive_input_handler+1E↑p ...
seg000:49D4                 cmp     byte ptr ds:4Dh, 0
seg000:49D9                 jnz     short fTypeError
seg000:49DB                 mov     ax, bx
seg000:49DD                 call    SETUP_Switch_ax_below
seg000:49DD ; ---------------------------------------------------------------------------
seg000:49E0                 dw 0
seg000:49E2                 dw offset fNotInstalled
seg000:49E4                 dw 1
seg000:49E6                 dw offset fDoubleSided
seg000:49E8                 dw 2
seg000:49EA                 dw offset fHighCapacity
seg000:49EC                 dw 3
seg000:49EE                 dw offset f35720kb
seg000:49F0                 dw 4
seg000:49F2                 dw offset f35144mb
seg000:49F4                 dw 0FFFFh
seg000:49F6 ; ---------------------------------------------------------------------------
seg000:49F6
seg000:49F6 fTypeError:                             ; CODE XREF: SETUP_print_floppy_type+5↑j
seg000:49F6                 mov     si, offset aTypeError ; " Type Error    "
seg000:49F9                 mov     byte ptr ds:63h, No_Blink or Bg_Light_Gray or Fg_Black
seg000:49FE                 jmp     short print
seg000:4A00 ; ---------------------------------------------------------------------------
seg000:4A00
seg000:4A00 fNotInstalled:                          ; DATA XREF: SETUP_print_floppy_type+E↑o
seg000:4A00                 mov     si, offset aNotInstalled ; " Not Installed "
seg000:4A03                 jmp     short print
seg000:4A05 ; ---------------------------------------------------------------------------
seg000:4A05
seg000:4A05 fDoubleSided:                           ; DATA XREF: SETUP_print_floppy_type+12↑o
seg000:4A05                 mov     si, offset aDoubleSided ; " Double Sided  "
seg000:4A08                 jmp     short print
seg000:4A0A ; ---------------------------------------------------------------------------
seg000:4A0A
seg000:4A0A fHighCapacity:                          ; DATA XREF: SETUP_print_floppy_type+16↑o
seg000:4A0A                 mov     si, offset aHighCapacity ; " High Capacity "
seg000:4A0D                 jmp     short print
seg000:4A0F ; ---------------------------------------------------------------------------
seg000:4A0F
seg000:4A0F f35720kb:                               ; DATA XREF: SETUP_print_floppy_type+1A↑o
seg000:4A0F                 mov     si, offset a35720kb ; " 3.5\" (720KB)  "
seg000:4A12                 jmp     short print
seg000:4A14 ; ---------------------------------------------------------------------------
seg000:4A14
seg000:4A14 f35144mb:                               ; DATA XREF: SETUP_print_floppy_type+1E↑o
seg000:4A14                 mov     si, offset a35144mb ; " 3.5\" (1.44MB) "
seg000:4A17
seg000:4A17 print:                                  ; CODE XREF: SETUP_print_floppy_type+2A↑j SETUP_print_floppy_type+2F↑j ...
seg000:4A17                 call    print_at_es65
seg000:4A1A                 retn
seg000:4A1A SETUP_print_floppy_type endp
seg000:4A1A
seg000:4A1A ; ---------------------------------------------------------------------------
seg000:4A1B aNotInstalled   db ' Not Installed ',0  ; DATA XREF: SETUP_print_floppy_type:fNotInstalled↑o sub_F04B25+4↓o
seg000:4A2B aDoubleSided    db ' Double Sided  ',0  ; DATA XREF: SETUP_print_floppy_type:fDoubleSided↑o
seg000:4A3B aHighCapacity   db ' High Capacity ',0  ; DATA XREF: SETUP_print_floppy_type:fHighCapacity↑o
seg000:4A4B a35720kb        db ' 3.5" (720KB)  ',0  ; DATA XREF: SETUP_print_floppy_type:f35720kb↑o
seg000:4A5B a35144mb        db ' 3.5" (1.44MB) ',0  ; DATA XREF: SETUP_print_floppy_type:f35144mb↑o
seg000:4A6B aTypeError      db ' Type Error    ',0  ; DATA XREF: SETUP_print_floppy_type:fTypeError↑o sub_F04B25:loc_F04B40↓o
seg000:4A7B
seg000:4A7B ; =============== S U B R O U T I N E =======================================
seg000:4A7B
seg000:4A7B ; Attributes: noreturn
seg000:4A7B
seg000:4A7B SETUP_Drive_C   proc near               ; DATA XREF: SETUP_menu+182↑o SETUP_menu+1B2↑o
seg000:4A7B                 mov     word ptr ds:5Eh, 29h
seg000:4A81                 mov     byte ptr ds:60h, 0F0h
seg000:4A86                 mov     byte ptr ds:68h, 0Ah
seg000:4A8B                 jmp     short loc_F04A9D
seg000:4A8B SETUP_Drive_C   endp
seg000:4A8B
seg000:4A8D
seg000:4A8D ; =============== S U B R O U T I N E =======================================
seg000:4A8D
seg000:4A8D ; Attributes: noreturn
seg000:4A8D
seg000:4A8D SETUP_Drive_D   proc near               ; DATA XREF: SETUP_menu+186↑o SETUP_menu+1B6↑o
seg000:4A8D                 mov     word ptr ds:5Eh, 2Ah
seg000:4A93                 mov     byte ptr ds:60h, 0Fh
seg000:4A98                 mov     byte ptr ds:68h, 0Bh
seg000:4A9D
seg000:4A9D loc_F04A9D:                             ; CODE XREF: SETUP_Drive_C+10↑j
seg000:4A9D                 call    SETUP_print_Help_change_Type_step
seg000:4AA0                 mov     ah, ds:60h
seg000:4AA4                 mov     al, ds:2
seg000:4AA7                 and     al, ah
seg000:4AA9                 not     ah
seg000:4AAB                 and     ds:22h, ah
seg000:4AAF                 or      ds:22h, al
seg000:4AB3                 mov     di, 0Ah
seg000:4AB6                 cmp     byte ptr ds:60h, 0F0h
seg000:4ABB                 jnz     short loc_F04AC2
seg000:4ABD                 dec     di
seg000:4ABE                 mov     cl, 4
seg000:4AC0                 shr     al, cl
seg000:4AC2
seg000:4AC2 loc_F04AC2:                             ; CODE XREF: SETUP_Drive_D+2E↑j
seg000:4AC2                 mov     bl, [di+0]
seg000:4AC6                 lea     di, [di+20h]
seg000:4ACA                 mov     byte ptr [di], 0
seg000:4ACD                 call    sub_F0541E
seg000:4AD0                 mov     word ptr ds:5Ch, 22h
seg000:4AD6                 xor     ax, ax
seg000:4AD8                 mov     byte ptr ds:63h, No_Blink or Bg_Light_Gray or Fg_Black
seg000:4ADD                 mov     byte ptr ds:65h, Column_50
seg000:4AE2                 cmp     byte ptr ds:60h, 0F0h
seg000:4AE7                 jnz     short loc_F04AEE
seg000:4AE9                 call    sub_F04B10
seg000:4AEC                 jmp     short loc_F04AF1
seg000:4AEE ; ---------------------------------------------------------------------------
seg000:4AEE
seg000:4AEE loc_F04AEE:                             ; CODE XREF: SETUP_Drive_D+5A↑j
seg000:4AEE                 call    sub_F04B18
seg000:4AF1
seg000:4AF1 loc_F04AF1:                             ; CODE XREF: SETUP_Drive_D+5F↑j
seg000:4AF1                 mov     byte ptr ds:67h, Column_65
seg000:4AF6                 mov     byte ptr ds:50h, 0
seg000:4AFB                 call    SETUP_Step1_10
seg000:4AFE                 mov     ax, ds:4Eh
seg000:4B01                 mov     ds:58h, ax
seg000:4B04                 mov     word ptr ds:5Ah, 0
seg000:4B0A                 call    sub_F04B5B
seg000:4B0D                 jmp     SETUP_main_input_loop
seg000:4B0D SETUP_Drive_D   endp
seg000:4B0D
seg000:4B10
seg000:4B10 ; =============== S U B R O U T I N E =======================================
seg000:4B10
seg000:4B10
seg000:4B10 sub_F04B10      proc near               ; CODE XREF: SETUP_Drive_D+5C↑p sub_F05260+9B↓p
seg000:4B10                 push    ax
seg000:4B11                 mov     byte ptr ds:66h, 0Ah
seg000:4B16                 jmp     short loc_F04B1E
seg000:4B16 sub_F04B10      endp
seg000:4B16
seg000:4B18
seg000:4B18 ; =============== S U B R O U T I N E =======================================
seg000:4B18
seg000:4B18
seg000:4B18 sub_F04B18      proc near               ; CODE XREF: SETUP_Drive_D:loc_F04AEE↑p sub_F05260+BA↓p
seg000:4B18                 push    ax
seg000:4B19                 mov     byte ptr ds:66h, 0Bh
seg000:4B1E
seg000:4B1E loc_F04B1E:                             ; CODE XREF: sub_F04B10+6↑j
seg000:4B1E                 mov     bx, ax
seg000:4B20                 call    sub_F04B25
seg000:4B23                 pop     ax
seg000:4B24                 retn
seg000:4B24 sub_F04B18      endp
seg000:4B24
seg000:4B25
seg000:4B25 ; =============== S U B R O U T I N E =======================================
seg000:4B25
seg000:4B25
seg000:4B25 sub_F04B25      proc near               ; CODE XREF: sub_F04B18+8↑p sub_F04BA2+8↓p ...
seg000:4B25                 or      bx, bx
seg000:4B27                 jnz     short loc_F04B2E
seg000:4B29                 mov     si, offset aNotInstalled ; " Not Installed "
seg000:4B2C                 jmp     short loc_F04B48
seg000:4B2E ; ---------------------------------------------------------------------------
seg000:4B2E
seg000:4B2E loc_F04B2E:                             ; CODE XREF: sub_F04B25+2↑j
seg000:4B2E                 cmp     bx, ds:4Eh
seg000:4B32                 ja      short loc_F04B40
seg000:4B34                 test    byte ptr ds:40h, 1
seg000:4B39                 jz      short loc_F04B4C
seg000:4B3B                 cmp     bx, 0Fh
seg000:4B3E                 jnz     short loc_F04B4C
seg000:4B40
seg000:4B40 loc_F04B40:                             ; CODE XREF: sub_F04B25+D↑j
seg000:4B40                 mov     si, offset aTypeError ; " Type Error    "
seg000:4B43                 mov     byte ptr ds:63h, No_Blink or Bg_Light_Gray or Fg_Black
seg000:4B48
seg000:4B48 loc_F04B48:                             ; CODE XREF: sub_F04B25+7↑j
seg000:4B48                 call    print_at_es65
seg000:4B4B                 retn
seg000:4B4C ; ---------------------------------------------------------------------------
seg000:4B4C
seg000:4B4C loc_F04B4C:                             ; CODE XREF: sub_F04B25+14↑j sub_F04B25+19↑j
seg000:4B4C                 mov     al, ds:63h
seg000:4B4F                 call    print_15_SPACEs_at_es65
seg000:4B52                 mov     ds:63h, al
seg000:4B55                 mov     ax, bx
seg000:4B57                 call    SETUP_print_int
seg000:4B5A                 retn
seg000:4B5A sub_F04B25      endp
seg000:4B5A
seg000:4B5B
seg000:4B5B ; =============== S U B R O U T I N E =======================================
seg000:4B5B
seg000:4B5B
seg000:4B5B sub_F04B5B      proc near               ; CODE XREF: SETUP_Drive_D+7D↑p sub_F04BA2+B↓j ...
seg000:4B5B                 call    keyboard_wait_key
seg000:4B5E                 call    SETUP_Switch_ax_below
seg000:4B5E ; ---------------------------------------------------------------------------
seg000:4B61                 dw int16_scancode_Esc
seg000:4B63                 dw offset sub_F04BD3
seg000:4B65                 dw int16_scancode_Enter
seg000:4B67                 dw offset sub_F04BD8
seg000:4B69                 dw int16_scancode_Left_Arrow
seg000:4B6B                 dw offset sub_F04BAF
seg000:4B6D                 dw int16_scancode_Right_Arrow
seg000:4B6F                 dw offset sub_F04BBD
seg000:4B71                 dw int16_scancode_Home
seg000:4B73                 dw offset sub_F04BA2
seg000:4B75                 dw 0FFFFh
seg000:4B77 ; ---------------------------------------------------------------------------
seg000:4B77                 push    ax
seg000:4B78                 call    SETUP_UpDown_Arrow_input_handler
seg000:4B7B                 pop     ax
seg000:4B7C                 test    byte ptr ds:40h, 1
seg000:4B81                 jz      short loc_F04BA5
seg000:4B83                 call    SETUP_Switch_ax_below
seg000:4B83 ; ---------------------------------------------------------------------------
seg000:4B86                 dw int16_scancode_Down_Arrow
seg000:4B88                 dw offset sub_F04B92
seg000:4B8A                 dw int16_scancode_Up_Arrow
seg000:4B8C                 dw offset sub_F04B9A
seg000:4B8E                 dw 0FFFFh
seg000:4B90 ; ---------------------------------------------------------------------------
seg000:4B90                 jmp     short loc_F04BA5
seg000:4B90 sub_F04B5B      endp
seg000:4B90
seg000:4B92
seg000:4B92 ; =============== S U B R O U T I N E =======================================
seg000:4B92
seg000:4B92
seg000:4B92 sub_F04B92      proc near               ; DATA XREF: sub_F04B5B+2D↑o
seg000:4B92                 cmp     bx, 0Fh
seg000:4B95                 jnz     short loc_F04BA5
seg000:4B97                 dec     bx
seg000:4B98                 jmp     short loc_F04BA5
seg000:4B98 sub_F04B92      endp
seg000:4B98
seg000:4B9A
seg000:4B9A ; =============== S U B R O U T I N E =======================================
seg000:4B9A
seg000:4B9A
seg000:4B9A sub_F04B9A      proc near               ; DATA XREF: sub_F04B5B+31↑o
seg000:4B9A                 cmp     bx, 0Fh
seg000:4B9D                 jnz     short loc_F04BA5
seg000:4B9F                 inc     bx
seg000:4BA0                 jmp     short loc_F04BA5
seg000:4BA0 sub_F04B9A      endp
seg000:4BA0
seg000:4BA2
seg000:4BA2 ; =============== S U B R O U T I N E =======================================
seg000:4BA2
seg000:4BA2
seg000:4BA2 sub_F04BA2      proc near               ; DATA XREF: sub_F04B5B+18↑o
seg000:4BA2                 mov     bx, 0
seg000:4BA5
seg000:4BA5 loc_F04BA5:                             ; CODE XREF: sub_F04B5B+26↑j sub_F04B5B+35↑j ...
seg000:4BA5                 mov     byte ptr ds:63h, No_Blink or Bg_Light_Gray or Fg_Black
seg000:4BAA                 call    sub_F04B25
seg000:4BAD                 jmp     short sub_F04B5B
seg000:4BAD sub_F04BA2      endp
seg000:4BAD
seg000:4BAF
seg000:4BAF ; =============== S U B R O U T I N E =======================================
seg000:4BAF
seg000:4BAF
seg000:4BAF sub_F04BAF      proc near               ; DATA XREF: sub_F04B5B+10↑o
seg000:4BAF                 sub     byte ptr ds:50h, 1
seg000:4BB4                 jnb     short loc_F04BCE
seg000:4BB6                 mov     byte ptr ds:50h, 1
seg000:4BBB                 jmp     short loc_F04BCE
seg000:4BBB sub_F04BAF      endp
seg000:4BBB
seg000:4BBD
seg000:4BBD ; =============== S U B R O U T I N E =======================================
seg000:4BBD
seg000:4BBD
seg000:4BBD sub_F04BBD      proc near               ; DATA XREF: sub_F04B5B+14↑o
seg000:4BBD                 add     byte ptr ds:50h, 1
seg000:4BC2                 cmp     byte ptr ds:50h, 1
seg000:4BC7                 jle     short loc_F04BCE
seg000:4BC9                 mov     byte ptr ds:50h, 0
seg000:4BCE
seg000:4BCE loc_F04BCE:                             ; CODE XREF: sub_F04BAF+5↑j sub_F04BAF+C↑j ...
seg000:4BCE                 call    SETUP_Step1_10
seg000:4BD1                 jmp     short sub_F04B5B
seg000:4BD1 sub_F04BBD      endp
seg000:4BD1
seg000:4BD3
seg000:4BD3 ; =============== S U B R O U T I N E =======================================
seg000:4BD3
seg000:4BD3
seg000:4BD3 sub_F04BD3      proc near               ; DATA XREF: sub_F04B5B+8↑o
seg000:4BD3                 call    print_15_SPACEs_at_es65
seg000:4BD6                 jmp     short loc_F04C02
seg000:4BD6 sub_F04BD3      endp
seg000:4BD6
seg000:4BD8
seg000:4BD8 ; =============== S U B R O U T I N E =======================================
seg000:4BD8
seg000:4BD8
seg000:4BD8 sub_F04BD8      proc near               ; DATA XREF: sub_F04B5B+C↑o
seg000:4BD8                 call    sub_F04B25
seg000:4BDB                 push    si
seg000:4BDC                 mov     si, ds:5Eh
seg000:4BE0                 mov     byte ptr [si], 0
seg000:4BE3                 cmp     bl, 0Fh
seg000:4BE6                 jb      short loc_F04BEC
seg000:4BE8                 mov     [si], bl
seg000:4BEA                 mov     bl, 0Fh
seg000:4BEC
seg000:4BEC loc_F04BEC:                             ; CODE XREF: sub_F04BD8+E↑j
seg000:4BEC                 pop     si
seg000:4BED                 mov     ax, 11h
seg000:4BF0                 mul     bl
seg000:4BF2                 mov     ah, ds:60h
seg000:4BF6                 and     al, ah
seg000:4BF8                 not     ah
seg000:4BFA                 mov     bx, ds:5Ch
seg000:4BFE                 and     [bx], ah
seg000:4C00                 or      [bx], al
seg000:4C02
seg000:4C02 loc_F04C02:                             ; CODE XREF: sub_F04BD3+3↑j
seg000:4C02                 mov     ax, ds:67h
seg000:4C05                 xchg    ax, ds:65h
seg000:4C09                 call    print_15_SPACEs_at_es65
seg000:4C0C                 mov     ds:65h, ax
seg000:4C0F                 retn
seg000:4C0F sub_F04BD8      endp
seg000:4C0F
seg000:4C10
seg000:4C10 ; =============== S U B R O U T I N E =======================================
seg000:4C10
seg000:4C10
seg000:4C10 SETUP_Step1_10  proc near               ; CODE XREF: SETUP_Drive_D+6E↑p sub_F04BBD:loc_F04BCE↑p
seg000:4C10                 test    byte ptr ds:40h, 1
seg000:4C15                 jnz     short loc_F04C1E
seg000:4C17                 mov     word ptr ds:61h, 1
seg000:4C1D                 retn
seg000:4C1E ; ---------------------------------------------------------------------------
seg000:4C1E
seg000:4C1E loc_F04C1E:                             ; CODE XREF: SETUP_Step1_10+5↑j
seg000:4C1E                 sub     ax, ax
seg000:4C20                 mov     al, ds:50h
seg000:4C23                 call    SETUP_Switch_ax_below
seg000:4C23 ; ---------------------------------------------------------------------------
seg000:4C26                 dw 0
seg000:4C28                 dw offset fStep1
seg000:4C2A                 dw 1
seg000:4C2C                 dw offset fStep10
seg000:4C2E                 dw 0FFFFh
seg000:4C30 ; ---------------------------------------------------------------------------
seg000:4C30                 jmp     short end
seg000:4C32 ; ---------------------------------------------------------------------------
seg000:4C32
seg000:4C32 fStep1:                                 ; DATA XREF: SETUP_Step1_10+18↑o
seg000:4C32                 mov     word ptr ds:61h, 1
seg000:4C38                 mov     si, offset aStep1 ; " Step   1   "
seg000:4C3B                 jmp     short loc_F04C46
seg000:4C3D ; ---------------------------------------------------------------------------
seg000:4C3D
seg000:4C3D fStep10:                                ; DATA XREF: SETUP_Step1_10+1C↑o
seg000:4C3D                 mov     word ptr ds:61h, 0Ah
seg000:4C43                 mov     si, offset aStep10 ; " Step  10   "
seg000:4C46
seg000:4C46 loc_F04C46:                             ; CODE XREF: SETUP_Step1_10+2B↑j
seg000:4C46                 mov     ax, ds:67h
seg000:4C49                 xchg    ax, ds:65h
seg000:4C4D                 call    print_at_es65
seg000:4C50                 mov     ds:65h, ax
seg000:4C53
seg000:4C53 end:                                    ; CODE XREF: SETUP_Step1_10+20↑j
seg000:4C53                 retn
seg000:4C53 ; ---------------------------------------------------------------------------
seg000:4C54 aStep1          db ' Step   1   ',0     ; DATA XREF: SETUP_Step1_10+28↑o
seg000:4C61 aStep10         db ' Step  10   ',0     ; DATA XREF: SETUP_Step1_10+33↑o
seg000:4C61 SETUP_Step1_10  endp
seg000:4C61
seg000:4C6E
seg000:4C6E ; =============== S U B R O U T I N E =======================================
seg000:4C6E
seg000:4C6E ; Attributes: noreturn
seg000:4C6E
seg000:4C6E SETUP_Memory_Base_ proc near            ; DATA XREF: SETUP_menu+18A↑o SETUP_menu+1BA↑o
seg000:4C6E                 mov     di, 5
seg000:4C71                 and     byte ptr ds:40h, 0BFh
seg000:4C76                 jmp     short SETUP_Memory_
seg000:4C76 SETUP_Memory_Base_ endp
seg000:4C76
seg000:4C78
seg000:4C78 ; =============== S U B R O U T I N E =======================================
seg000:4C78
seg000:4C78 ; Attributes: noreturn
seg000:4C78
seg000:4C78 SETUP_Memory_Extended_ proc near        ; DATA XREF: SETUP_menu+18E↑o SETUP_menu+1BE↑o
seg000:4C78                 mov     di, 7
seg000:4C7B                 or      byte ptr ds:40h, 40h
seg000:4C80
seg000:4C80 SETUP_Memory_:                          ; CODE XREF: SETUP_Memory_Base_+8↑j
seg000:4C80                 call    SETUP_print_Help_change_Size_step
seg000:4C83                 mov     bx, [di+0]
seg000:4C87                 mov     [di+20h], bx
seg000:4C8B                 lea     di, [di+20h]
seg000:4C8F                 mov     ds:5Ch, di
seg000:4C93                 mov     byte ptr ds:65h, Column_50
seg000:4C98                 mov     byte ptr ds:63h, No_Blink or Bg_Light_Gray or Fg_Black
seg000:4C9D                 test    byte ptr ds:40h, 40h
seg000:4CA2                 jnz     short loc_F04CBE
seg000:4CA4                 int     12h             ; MEMORY SIZE -
seg000:4CA4                                         ; Return: AX = number of contiguous 1K blocks of memory
seg000:4CA6                 push    ax
seg000:4CA7                 pop     bx
seg000:4CA8                 call    SETUP_Memory_Base
seg000:4CAB                 mov     byte ptr ds:61h, 1
seg000:4CB0                 mov     word ptr ds:58h, 10
seg000:4CB6                 mov     word ptr ds:5Ah, 4
seg000:4CBC                 jmp     short loc_F04CE0
seg000:4CBE ; ---------------------------------------------------------------------------
seg000:4CBE
seg000:4CBE loc_F04CBE:                             ; CODE XREF: SETUP_Memory_Extended_+2A↑j
seg000:4CBE                 call    sub_F04D1D
seg000:4CC1                 push    ax
seg000:4CC2                 pop     bx
seg000:4CC3                 call    SETUP_Memory_Extended
seg000:4CC6                 mov     word ptr ds:67h, Row_14 or Column_65
seg000:4CCC                 mov     byte ptr ds:57h, 0
seg000:4CD1                 call    SETUP_Step64_512Kb
seg000:4CD4                 mov     word ptr ds:58h, 240
seg000:4CDA                 mov     word ptr ds:5Ah, 0
seg000:4CE0
seg000:4CE0 loc_F04CE0:                             ; CODE XREF: SETUP_Memory_Extended_+44↑j
seg000:4CE0                 call    SETUP_ram
seg000:4CE3                 jmp     SETUP_main_input_loop
seg000:4CE3 SETUP_Memory_Extended_ endp
seg000:4CE3
seg000:4CE6
seg000:4CE6 ; =============== S U B R O U T I N E =======================================
seg000:4CE6
seg000:4CE6
seg000:4CE6 SETUP_Memory_Base proc near             ; CODE XREF: SETUP_Memory_Extended_+30↑p sub_F05260+E3↓p
seg000:4CE6                 mov     byte ptr ds:66h, 13
seg000:4CEB                 mov     word ptr ds:55h, 0FC3Fh
seg000:4CF1                 mov     word ptr ds:51h, 280h
seg000:4CF7                 mov     word ptr ds:53h, 100h
seg000:4CFD                 jmp     short loc_F04D16
seg000:4CFD SETUP_Memory_Base endp
seg000:4CFD
seg000:4CFF
seg000:4CFF ; =============== S U B R O U T I N E =======================================
seg000:4CFF
seg000:4CFF
seg000:4CFF SETUP_Memory_Extended proc near         ; CODE XREF: SETUP_Memory_Extended_+4B↑p sub_F05260+10D↓p
seg000:4CFF                 mov     byte ptr ds:66h, 14
seg000:4D04                 mov     word ptr ds:55h, 0C03Fh
seg000:4D0A                 mov     word ptr ds:51h, 3C00h
seg000:4D10                 mov     word ptr ds:53h, 0
seg000:4D16
seg000:4D16 loc_F04D16:                             ; CODE XREF: SETUP_Memory_Base+17↑j
seg000:4D16                 call    sub_F04D30
seg000:4D19                 call    SETUP_Capacity_or_Size_Error
seg000:4D1C                 retn
seg000:4D1C SETUP_Memory_Extended endp
seg000:4D1C
seg000:4D1D
seg000:4D1D ; =============== S U B R O U T I N E =======================================
seg000:4D1D
seg000:4D1D
seg000:4D1D sub_F04D1D      proc near               ; CODE XREF: SETUP_Memory_Extended_:loc_F04CBE↑p sub_F05260+F5↓p
seg000:4D1D                 push    bx
seg000:4D1E                 mov     ah, CMOS_30h_Expansion_Memory_Above_1MB_Low
seg000:4D20                 call    cmos_read3
seg000:4D23                 mov     bl, al
seg000:4D25                 inc     ah
seg000:4D27                 call    cmos_read3
seg000:4D2A                 mov     ah, al
seg000:4D2C                 mov     al, bl
seg000:4D2E                 pop     bx
seg000:4D2F                 retn
seg000:4D2F sub_F04D1D      endp
seg000:4D2F
seg000:4D30
seg000:4D30 ; =============== S U B R O U T I N E =======================================
seg000:4D30
seg000:4D30
seg000:4D30 sub_F04D30      proc near               ; CODE XREF: SETUP_Memory_Extended:loc_F04D16↑p sub_F04E12+4↓p
seg000:4D30                 push    cx
seg000:4D31                 push    ax
seg000:4D32                 mov     ax, bx
seg000:4D34                 mov     cl, 6
seg000:4D36                 shr     bx, cl
seg000:4D38                 test    ds:55h, ax
seg000:4D3C                 jnz     short loc_F04D4A
seg000:4D3E                 cmp     ax, ds:53h
seg000:4D42                 jb      short loc_F04D4A
seg000:4D44                 cmp     ax, ds:51h
seg000:4D48                 jbe     short loc_F04D4E
seg000:4D4A
seg000:4D4A loc_F04D4A:                             ; CODE XREF: sub_F04D30+C↑j sub_F04D30+12↑j
seg000:4D4A                 or      bx, 8000h
seg000:4D4E
seg000:4D4E loc_F04D4E:                             ; CODE XREF: sub_F04D30+18↑j
seg000:4D4E                 pop     ax
seg000:4D4F                 pop     cx
seg000:4D50                 retn
seg000:4D50 sub_F04D30      endp
seg000:4D50
seg000:4D51
seg000:4D51 ; =============== S U B R O U T I N E =======================================
seg000:4D51
seg000:4D51
seg000:4D51 SETUP_Capacity_or_Size_Error proc near  ; CODE XREF: SETUP_Memory_Extended+1A↑p sub_F04E12+C↓p ...
seg000:4D51                 test    bx, 8000h
seg000:4D55                 jz      short loc_F04D63
seg000:4D57                 mov     byte ptr ds:63h, No_Blink or Bg_Light_Gray or Fg_Black
seg000:4D5C                 mov     si, offset aSizeError ; " Size Error    "
seg000:4D5F                 call    print_at_es65
seg000:4D62                 retn
seg000:4D63 ; ---------------------------------------------------------------------------
seg000:4D63
seg000:4D63 loc_F04D63:                             ; CODE XREF: SETUP_Capacity_or_Size_Error+4↑j
seg000:4D63                 mov     al, ds:63h
seg000:4D66                 mov     si, offset aKb  ; "         Kb    "
seg000:4D69                 call    print_at_es65
seg000:4D6C                 mov     ds:63h, al
seg000:4D6F                 push    bx
seg000:4D70                 mov     cl, 6
seg000:4D72                 shl     bx, cl
seg000:4D74                 call    SETUP_print_int
seg000:4D77                 pop     bx
seg000:4D78                 retn
seg000:4D78 ; ---------------------------------------------------------------------------
seg000:4D79 aKb             db '         Kb    ',0  ; DATA XREF: SETUP_Capacity_or_Size_Error+15↑o
seg000:4D89 aSizeError      db ' Size Error    ',0  ; DATA XREF: SETUP_Capacity_or_Size_Error+B↑o
seg000:4D89 SETUP_Capacity_or_Size_Error endp
seg000:4D89
seg000:4D99
seg000:4D99 ; =============== S U B R O U T I N E =======================================
seg000:4D99
seg000:4D99
seg000:4D99 SETUP_Step64_512Kb proc near            ; CODE XREF: SETUP_Memory_Extended_+59↑p sub_F04E31:loc_F04E42↓p
seg000:4D99                 test    byte ptr ds:40h, 40h
seg000:4D9E                 jz      short end
seg000:4DA0                 mov     ax, 0
seg000:4DA3                 mov     al, ds:57h
seg000:4DA6                 call    SETUP_Switch_ax_below
seg000:4DA6 ; ---------------------------------------------------------------------------
seg000:4DA9                 dw 0
seg000:4DAB                 dw offset fStep64
seg000:4DAD                 dw 1
seg000:4DAF                 dw offset fStep512
seg000:4DB1                 dw 0FFFFh
seg000:4DB3 ; ---------------------------------------------------------------------------
seg000:4DB3
seg000:4DB3 fStep64:                                ; DATA XREF: SETUP_Step64_512Kb+12↑o
seg000:4DB3                 mov     word ptr ds:61h, 1
seg000:4DB9                 mov     si, offset aStep64Kb ; " Step  64 Kb"
seg000:4DBC                 jmp     short loc_F04DC7
seg000:4DBE ; ---------------------------------------------------------------------------
seg000:4DBE
seg000:4DBE fStep512:                               ; DATA XREF: SETUP_Step64_512Kb+16↑o
seg000:4DBE                 mov     word ptr ds:61h, 8
seg000:4DC4                 mov     si, offset aStep512Kb ; " Step 512 Kb"
seg000:4DC7
seg000:4DC7 loc_F04DC7:                             ; CODE XREF: SETUP_Step64_512Kb+23↑j
seg000:4DC7                 push    ax
seg000:4DC8                 mov     ax, ds:67h
seg000:4DCB                 xchg    ax, ds:65h
seg000:4DCF                 call    print_at_es65
seg000:4DD2                 mov     ds:65h, ax
seg000:4DD5                 pop     ax
seg000:4DD6
seg000:4DD6 end:                                    ; CODE XREF: SETUP_Step64_512Kb+5↑j
seg000:4DD6                 retn
seg000:4DD6 ; ---------------------------------------------------------------------------
seg000:4DD7 aStep64Kb       db ' Step  64 Kb',0     ; DATA XREF: SETUP_Step64_512Kb+20↑o
seg000:4DE4 aStep512Kb      db ' Step 512 Kb',0     ; DATA XREF: SETUP_Step64_512Kb+2B↑o
seg000:4DE4 SETUP_Step64_512Kb endp
seg000:4DE4
seg000:4DF1
seg000:4DF1 ; =============== S U B R O U T I N E =======================================
seg000:4DF1
seg000:4DF1
seg000:4DF1 SETUP_ram       proc near               ; CODE XREF: SETUP_Memory_Extended_:loc_F04CE0↑p sub_F04E12+F↓j ...
seg000:4DF1                 call    keyboard_wait_key
seg000:4DF4                 call    SETUP_Switch_ax_below
seg000:4DF4 ; ---------------------------------------------------------------------------
seg000:4DF7                 dw int16_scancode_Esc
seg000:4DF9                 dw offset sub_F04E47
seg000:4DFB                 dw int16_scancode_Enter
seg000:4DFD                 dw offset sub_F04E4C
seg000:4DFF                 dw int16_scancode_Left_Arrow
seg000:4E01                 dw offset sub_F04E23
seg000:4E03                 dw int16_scancode_Right_Arrow
seg000:4E05                 dw offset sub_F04E31
seg000:4E07                 dw int16_scancode_Home
seg000:4E09                 dw offset sub_F04E12
seg000:4E0B                 dw 0FFFFh
seg000:4E0D ; ---------------------------------------------------------------------------
seg000:4E0D                 call    SETUP_UpDown_Arrow_input_handler
seg000:4E10                 jmp     short loc_F04E19
seg000:4E10 SETUP_ram       endp
seg000:4E10
seg000:4E12
seg000:4E12 ; =============== S U B R O U T I N E =======================================
seg000:4E12
seg000:4E12
seg000:4E12 sub_F04E12      proc near               ; DATA XREF: SETUP_ram+18↑o
seg000:4E12                 mov     bx, ds:53h
seg000:4E16                 call    sub_F04D30
seg000:4E19
seg000:4E19 loc_F04E19:                             ; CODE XREF: SETUP_ram+1F↑j
seg000:4E19                 mov     byte ptr ds:63h, No_Blink or Bg_Light_Gray or Fg_Black
seg000:4E1E                 call    SETUP_Capacity_or_Size_Error
seg000:4E21                 jmp     short SETUP_ram
seg000:4E21 sub_F04E12      endp
seg000:4E21
seg000:4E23
seg000:4E23 ; =============== S U B R O U T I N E =======================================
seg000:4E23
seg000:4E23
seg000:4E23 sub_F04E23      proc near               ; DATA XREF: SETUP_ram+10↑o
seg000:4E23                 sub     byte ptr ds:57h, 1
seg000:4E28                 jnb     short loc_F04E42
seg000:4E2A                 mov     byte ptr ds:57h, 1
seg000:4E2F                 jmp     short loc_F04E42
seg000:4E2F sub_F04E23      endp
seg000:4E2F
seg000:4E31
seg000:4E31 ; =============== S U B R O U T I N E =======================================
seg000:4E31
seg000:4E31
seg000:4E31 sub_F04E31      proc near               ; DATA XREF: SETUP_ram+14↑o
seg000:4E31                 add     byte ptr ds:57h, 1
seg000:4E36                 cmp     byte ptr ds:57h, 1
seg000:4E3B                 jle     short loc_F04E42
seg000:4E3D                 mov     byte ptr ds:57h, 0
seg000:4E42
seg000:4E42 loc_F04E42:                             ; CODE XREF: sub_F04E23+5↑j sub_F04E23+C↑j ...
seg000:4E42                 call    SETUP_Step64_512Kb
seg000:4E45                 jmp     short SETUP_ram
seg000:4E45 sub_F04E31      endp
seg000:4E45
seg000:4E47
seg000:4E47 ; =============== S U B R O U T I N E =======================================
seg000:4E47
seg000:4E47
seg000:4E47 sub_F04E47      proc near               ; CODE XREF: sub_F04E4C+4↓j
seg000:4E47                                         ; DATA XREF: SETUP_ram+8↑o
seg000:4E47                 call    print_15_SPACEs_at_es65
seg000:4E4A                 jmp     short loc_F04E60
seg000:4E4A sub_F04E47      endp
seg000:4E4A
seg000:4E4C
seg000:4E4C ; =============== S U B R O U T I N E =======================================
seg000:4E4C
seg000:4E4C
seg000:4E4C sub_F04E4C      proc near               ; DATA XREF: SETUP_ram+C↑o
seg000:4E4C                 test    bx, 8000h
seg000:4E50                 jnz     short sub_F04E47
seg000:4E52                 call    SETUP_Capacity_or_Size_Error
seg000:4E55                 mov     cl, 6
seg000:4E57                 shl     bx, cl
seg000:4E59                 xchg    ax, bx
seg000:4E5A                 mov     bx, ds:5Ch
seg000:4E5E                 mov     [bx], ax
seg000:4E60
seg000:4E60 loc_F04E60:                             ; CODE XREF: sub_F04E47+3↑j
seg000:4E60                 mov     ax, ds:67h
seg000:4E63                 mov     ds:65h, ax
seg000:4E66                 call    print_15_SPACEs_at_es65
seg000:4E69                 retn
seg000:4E69 sub_F04E4C      endp
seg000:4E69
seg000:4E6A
seg000:4E6A ; =============== S U B R O U T I N E =======================================
seg000:4E6A
seg000:4E6A ; Attributes: noreturn thunk
seg000:4E6A
seg000:4E6A SETUP_Video_Adapter_ proc near          ; DATA XREF: SETUP_menu+192↑o SETUP_menu+1C2↑o
seg000:4E6A                 call    SETUP_print_Help_change_Option
seg000:4E6D ; ---------------------------------------------------------------------------
seg000:4E6D                 mov     al, ds:4
seg000:4E70                 and     al, 30h
seg000:4E72                 and     byte ptr ds:24h, 0CFh
seg000:4E77                 or      ds:24h, al
seg000:4E7B                 mov     word ptr ds:5Ch, 24h ; '$'
seg000:4E81                 mov     byte ptr ds:60h, 30h ; '0'
seg000:4E86                 mov     ax, 10h
seg000:4E89                 call    sub_F04EAB
seg000:4E8C                 mov     byte ptr ds:65h, Column_50
seg000:4E91                 mov     byte ptr ds:63h, No_Blink or Bg_Light_Gray or Fg_Black
seg000:4E96                 call    SETUP_Video_Adapter
seg000:4E99                 mov     word ptr ds:58h, 3
seg000:4E9F                 mov     word ptr ds:5Ah, 0
seg000:4EA5                 call    sub_F04FB3
seg000:4EA8                 jmp     SETUP_main_input_loop
seg000:4EA8 SETUP_Video_Adapter_ endp
seg000:4EA8
seg000:4EAB
seg000:4EAB ; =============== S U B R O U T I N E =======================================
seg000:4EAB
seg000:4EAB
seg000:4EAB sub_F04EAB      proc near               ; CODE XREF: SETUP_Video_Adapter_+1F↑p sub_F05260+167↓p
seg000:4EAB                 mov     bx, 0
seg000:4EAE                 call    SETUP_Switch_ax_below
seg000:4EAE ; ---------------------------------------------------------------------------
seg000:4EB1                 dw 0
seg000:4EB3                 dw offset end
seg000:4EB5                 dw 10h
seg000:4EB7                 dw offset bx_plus_1
seg000:4EB9                 dw 20h
seg000:4EBB                 dw offset bx_plus_2
seg000:4EBD                 dw 30h
seg000:4EBF                 dw offset bx_plus_3
seg000:4EC1                 dw 0FFFFh
seg000:4EC3 ; ---------------------------------------------------------------------------
seg000:4EC3                 inc     bx
seg000:4EC4
seg000:4EC4 bx_plus_3:                              ; DATA XREF: sub_F04EAB+14↑o
seg000:4EC4                 inc     bx
seg000:4EC5
seg000:4EC5 bx_plus_2:                              ; DATA XREF: sub_F04EAB+10↑o
seg000:4EC5                 inc     bx
seg000:4EC6
seg000:4EC6 bx_plus_1:                              ; DATA XREF: sub_F04EAB+C↑o
seg000:4EC6                 inc     bx
seg000:4EC7
seg000:4EC7 end:                                    ; DATA XREF: sub_F04EAB+8↑o
seg000:4EC7                 retn
seg000:4EC7 sub_F04EAB      endp
seg000:4EC7
seg000:4EC8
seg000:4EC8 ; =============== S U B R O U T I N E =======================================
seg000:4EC8
seg000:4EC8
seg000:4EC8 SETUP_Video_Adapter proc near           ; CODE XREF: SETUP_Video_Adapter_+2C↑p sub_F04FB3+1E↓p ...
seg000:4EC8                 mov     ax, bx
seg000:4ECA                 mov     byte ptr ds:66h, 10h
seg000:4ECF                 call    SETUP_Switch_ax_below
seg000:4ECF ; ---------------------------------------------------------------------------
seg000:4ED2                 dw 0
seg000:4ED4                 dw offset fEnhanced
seg000:4ED6                 dw 1
seg000:4ED8                 dw offset f40Columns
seg000:4EDA                 dw 2
seg000:4EDC                 dw offset f80Columns
seg000:4EDE                 dw 3
seg000:4EE0                 dw offset fMonochrome
seg000:4EE2                 dw 0FFFFh
seg000:4EE4 ; ---------------------------------------------------------------------------
seg000:4EE4                 mov     si, offset aNoneAdapter ; " None Adapter  "
seg000:4EE7                 mov     word ptr ds:69h, 0FFFFh
seg000:4EED                 mov     byte ptr ds:63h, No_Blink or Bg_Light_Gray or Fg_Black
seg000:4EF2                 jmp     short print
seg000:4EF4 ; ---------------------------------------------------------------------------
seg000:4EF4
seg000:4EF4 fEnhanced:                              ; DATA XREF: SETUP_Video_Adapter+C↑o
seg000:4EF4                 mov     si, offset aEnhanced ; " Enhanced      "
seg000:4EF7                 mov     word ptr ds:69h, offset aAdapter ; "    Adapter    "
seg000:4EFD                 jmp     short print
seg000:4EFF ; ---------------------------------------------------------------------------
seg000:4EFF
seg000:4EFF f40Columns:                             ; DATA XREF: SETUP_Video_Adapter+10↑o
seg000:4EFF                 mov     word ptr ds:69h, offset a40Columns ; "  (40 Columns) "
seg000:4F05                 jmp     short fColorGraphic
seg000:4F07 ; ---------------------------------------------------------------------------
seg000:4F07
seg000:4F07 f80Columns:                             ; DATA XREF: SETUP_Video_Adapter+14↑o
seg000:4F07                 mov     word ptr ds:69h, offset a80Columns ; "  (80 Columns) "
seg000:4F0D
seg000:4F0D fColorGraphic:                          ; CODE XREF: SETUP_Video_Adapter+3D↑j
seg000:4F0D                 mov     si, offset aColorGraphic ; " Color/Graphic "
seg000:4F10                 jmp     short print
seg000:4F12 ; ---------------------------------------------------------------------------
seg000:4F12
seg000:4F12 fMonochrome:                            ; DATA XREF: SETUP_Video_Adapter+18↑o
seg000:4F12                 mov     si, offset aMonochrome ; " Monochrome    "
seg000:4F15                 mov     word ptr ds:69h, offset a80Columns ; "  (80 Columns) "
seg000:4F1B
seg000:4F1B print:                                  ; CODE XREF: SETUP_Video_Adapter+2A↑j SETUP_Video_Adapter+35↑j ...
seg000:4F1B                 mov     al, ds:63h
seg000:4F1E                 call    print_at_es65
seg000:4F21                 mov     ds:63h, al
seg000:4F24                 mov     ax, ds:65h
seg000:4F27                 inc     ah
seg000:4F29                 mov     ds:65h, ax
seg000:4F2C                 mov     si, ds:69h
seg000:4F30                 cmp     si, 0FFFFh
seg000:4F33                 jnz     short loc_F04F3A
seg000:4F35                 call    print_15_SPACEs_at_es65
seg000:4F38                 jmp     short end
seg000:4F3A ; ---------------------------------------------------------------------------
seg000:4F3A
seg000:4F3A loc_F04F3A:                             ; CODE XREF: SETUP_Video_Adapter+6B↑j
seg000:4F3A                 call    print_at_es65
seg000:4F3D
seg000:4F3D end:                                    ; CODE XREF: SETUP_Video_Adapter+70↑j
seg000:4F3D                 dec     ah
seg000:4F3F                 mov     ds:65h, ax
seg000:4F42                 retn
seg000:4F42 ; ---------------------------------------------------------------------------
seg000:4F43 aEnhanced       db ' Enhanced      ',0  ; DATA XREF: SETUP_Video_Adapter:fEnhanced↑o
seg000:4F53 aAdapter        db '    Adapter    ',0  ; DATA XREF: SETUP_Video_Adapter+2F↑o
seg000:4F63 aColorGraphic   db ' Color/Graphic ',0  ; DATA XREF: SETUP_Video_Adapter:fColorGraphic↑o
seg000:4F73 a40Columns      db '  (40 Columns) ',0  ; DATA XREF: SETUP_Video_Adapter:f40Columns↑o
seg000:4F83 a80Columns      db '  (80 Columns) ',0  ; DATA XREF: SETUP_Video_Adapter:f80Columns↑o SETUP_Video_Adapter+4D↑o
seg000:4F93 aMonochrome     db ' Monochrome    ',0  ; DATA XREF: SETUP_Video_Adapter:fMonochrome↑o
seg000:4FA3 aNoneAdapter    db ' None Adapter  ',0  ; DATA XREF: SETUP_Video_Adapter+1C↑o
seg000:4FA3 SETUP_Video_Adapter endp
seg000:4FA3
seg000:4FB3
seg000:4FB3 ; =============== S U B R O U T I N E =======================================
seg000:4FB3
seg000:4FB3
seg000:4FB3 sub_F04FB3      proc near               ; CODE XREF: SETUP_Video_Adapter_+3B↑p sub_F04FB3+21↓j
seg000:4FB3                 mov     word ptr ds:61h, 1
seg000:4FB9                 call    keyboard_wait_key
seg000:4FBC                 call    SETUP_Switch_ax_below
seg000:4FBC ; ---------------------------------------------------------------------------
seg000:4FBF                 dw int16_scancode_Esc
seg000:4FC1                 dw offset sub_F04FD6
seg000:4FC3                 dw int16_scancode_Enter
seg000:4FC5                 dw offset sub_F04FE5
seg000:4FC7                 dw 0FFFFh
seg000:4FC9 ; ---------------------------------------------------------------------------
seg000:4FC9                 call    SETUP_UpDown_Arrow_input_handler
seg000:4FCC                 mov     byte ptr ds:63h, No_Blink or Bg_Light_Gray or Fg_Black
seg000:4FD1                 call    SETUP_Video_Adapter
seg000:4FD4                 jmp     short sub_F04FB3
seg000:4FD4 sub_F04FB3      endp
seg000:4FD4
seg000:4FD6
seg000:4FD6 ; =============== S U B R O U T I N E =======================================
seg000:4FD6
seg000:4FD6
seg000:4FD6 sub_F04FD6      proc near               ; CODE XREF: sub_F04FE5+3↓j
seg000:4FD6                                         ; DATA XREF: sub_F04FB3+E↑o
seg000:4FD6                 call    print_15_SPACEs_at_es65
seg000:4FD9                 mov     ax, ds:65h
seg000:4FDC                 inc     ah
seg000:4FDE                 mov     ds:65h, ax
seg000:4FE1                 call    print_15_SPACEs_at_es65
seg000:4FE4                 retn
seg000:4FE4 sub_F04FD6      endp
seg000:4FE4
seg000:4FE5
seg000:4FE5 ; =============== S U B R O U T I N E =======================================
seg000:4FE5
seg000:4FE5
seg000:4FE5 sub_F04FE5      proc near               ; DATA XREF: sub_F04FB3+12↑o
seg000:4FE5                 cmp     bl, 3
seg000:4FE8                 jg      short sub_F04FD6
seg000:4FEA                 call    SETUP_Video_Adapter
seg000:4FED                 mov     ax, 10h
seg000:4FF0                 mul     bl
seg000:4FF2                 mov     ah, ds:60h
seg000:4FF6                 and     al, ah
seg000:4FF8                 not     ah
seg000:4FFA                 mov     bx, ds:5Ch
seg000:4FFE                 and     [bx], ah
seg000:5000                 or      [bx], al
seg000:5002                 retn
seg000:5002 sub_F04FE5      endp
seg000:5002
seg000:5003
seg000:5003 ; =============== S U B R O U T I N E =======================================
seg000:5003
seg000:5003 ; Attributes: noreturn
seg000:5003
seg000:5003 SETUP_Write     proc near               ; DATA XREF: SETUP_menu+1C6↑o SETUP_menu+1CA↑o ...
seg000:5003                 call    sub_F0502F
seg000:5006                 int     11h             ; EQUIPMENT DETERMINATION
seg000:5006                                         ; Return: AX = equipment flag bits
seg000:5008                 and     al, EQ_COPROCESSOR
seg000:500A                 and     byte ptr ds:24h, 0FDh
seg000:500F                 or      ds:24h, al
seg000:5013                 mov     si, 20h
seg000:5016                 call    sub_F0506B
seg000:5019                 mov     [si], bx
seg000:501B                 call    load_cmos_to_ram_SI
seg000:501E                 mov     ax, 0E00h       ; 0 to CMOS_0Eh_Diagnostic_Status
seg000:5021                 call    cmos_write3
seg000:5024                 call    SETUP_clear_New_Data_screen
seg000:5027                 or      byte ptr ds:40h, 4
seg000:502C                 jmp     loc_F044E9
seg000:502C SETUP_Write     endp
seg000:502C
seg000:502F
seg000:502F ; =============== S U B R O U T I N E =======================================
seg000:502F
seg000:502F
seg000:502F sub_F0502F      proc near               ; CODE XREF: SETUP_Write↑p
seg000:502F                 mov     cx, ax
seg000:5031                 xor     ax, ax
seg000:5033                 mov     al, ds:20h
seg000:5036                 and     al, 0Fh
seg000:5038                 call    bx_plus_1_to_5
seg000:503B                 mov     ax, bx
seg000:503D                 call    SETUP_Switch_ax_below
seg000:503D ; ---------------------------------------------------------------------------
seg000:5040                 dw 5
seg000:5042                 dw offset end
seg000:5044                 dw 4
seg000:5046                 dw offset loc_F0505A
seg000:5048                 dw 3
seg000:504A                 dw offset loc_F0505A
seg000:504C                 dw 2
seg000:504E                 dw offset loc_F0505A
seg000:5050                 dw 1
seg000:5052                 dw offset loc_F0505A
seg000:5054                 dw 0FFFFh
seg000:5056 ; ---------------------------------------------------------------------------
seg000:5056                 mov     cl, 1
seg000:5058                 jmp     short loc_F0505C
seg000:505A ; ---------------------------------------------------------------------------
seg000:505A
seg000:505A loc_F0505A:                             ; DATA XREF: sub_F0502F+17↑o sub_F0502F+1B↑o ...
seg000:505A                 mov     cl, 41h
seg000:505C
seg000:505C loc_F0505C:                             ; CODE XREF: sub_F0502F+29↑j
seg000:505C                 and     byte ptr ds:24h, 3Eh
seg000:5061                 or      ds:24h, cl
seg000:5065                 mov     byte ptr ds:4Dh, 0
seg000:506A
seg000:506A end:                                    ; DATA XREF: sub_F0502F+13↑o
seg000:506A                 retn
seg000:506A sub_F0502F      endp
seg000:506A
seg000:506B
seg000:506B ; =============== S U B R O U T I N E =======================================
seg000:506B
seg000:506B
seg000:506B sub_F0506B      proc near               ; CODE XREF: SETUP_Write+13↑p load_cmos_and_something+19↓p
seg000:506B                 mov     cx, 1Eh
seg000:506E                 xor     ax, ax
seg000:5070                 mov     bx, ax
seg000:5072
seg000:5072 loc_F05072:                             ; CODE XREF: sub_F0506B:loc_F0507C↓j
seg000:5072                 lodsb
seg000:5073                 add     bx, ax
seg000:5075                 jnb     short loc_F0507C
seg000:5077                 or      byte ptr ds:40h, 2
seg000:507C
seg000:507C loc_F0507C:                             ; CODE XREF: sub_F0506B+A↑j
seg000:507C                 loop    loc_F05072
seg000:507E                 xchg    bh, bl
seg000:5080                 retn
seg000:5080 sub_F0506B      endp
seg000:5080
seg000:5081
seg000:5081 ; =============== S U B R O U T I N E =======================================
seg000:5081
seg000:5081
seg000:5081 load_cmos_to_ram_SI proc near           ; CODE XREF: SETUP_Write+18↑p
seg000:5081                 mov     si, 20h
seg000:5084                 mov     ah, CMOS_10h_Floppy_Drive_Type
seg000:5086                 mov     cx, 32
seg000:5089
seg000:5089 loc_F05089:                             ; CODE XREF: load_cmos_to_ram_SI+E↓j
seg000:5089                 lodsb
seg000:508A                 call    cmos_write3
seg000:508D                 inc     ah
seg000:508F                 loop    loc_F05089
seg000:5091                 retn
seg000:5091 load_cmos_to_ram_SI endp
seg000:5091
seg000:5092
seg000:5092 ; =============== S U B R O U T I N E =======================================
seg000:5092
seg000:5092 ; Attributes: noreturn
seg000:5092
seg000:5092 SETUP_confirm_data_entered proc near    ; CODE XREF: keyboard_wait_key+24↓j
seg000:5092                                         ; DATA XREF: SETUP_menu+196↑o
seg000:5092                 call    SETUP_clear_New_Data_screen
seg000:5095                 mov     ch, 22
seg000:5097                 mov     cl, 0
seg000:5099                 mov     dh, 24
seg000:509B                 mov     dl, 79
seg000:509D                 call    SETUP_clear_Window_cx_dx
seg000:50A0                 mov     byte ptr ds:63h, No_Blink or Bg_Light_Gray or Fg_Black
seg000:50A5                 call    SETUP_print_String_below
seg000:50A5 ; ---------------------------------------------------------------------------
seg000:50A8                 dw Row_23 or Column__5
seg000:50AA aAnyChangeOnThe db ' Any change on the data you entered (Y/N)?',0
seg000:50D5                 dw 0FFFFh
seg000:50D7 ; ---------------------------------------------------------------------------
seg000:50D7
seg000:50D7 keyboard_Y_N_loop:                      ; CODE XREF: SETUP_confirm_data_entered+58↓j
seg000:50D7                 call    keyboard_wait_key
seg000:50DA                 and     ax, ASCII_Uppercase_MASK
seg000:50DD                 call    SETUP_Switch_ax_below
seg000:50DD ; ---------------------------------------------------------------------------
seg000:50E0                 dw 'Y'
seg000:50E2                 dw offset loc_F044E9
seg000:50E4                 dw 'N'
seg000:50E6                 dw offset SETUP_Exit
seg000:50E8                 dw 0FFFFh
seg000:50EA ; ---------------------------------------------------------------------------
seg000:50EA                 jmp     short keyboard_Y_N_loop
seg000:50EA SETUP_confirm_data_entered endp
seg000:50EA
seg000:50EC
seg000:50EC ; =============== S U B R O U T I N E =======================================
seg000:50EC
seg000:50EC
seg000:50EC SETUP_Exit      proc near               ; DATA XREF: SETUP_confirm_data_entered+54↑o
seg000:50EC                 cli
seg000:50ED                 push    es
seg000:50EE                 push    ds
seg000:50EF                 mov     si, 7Bh
seg000:50F2                 les     bx, [si]
seg000:50F4                 mov     ds, cs:IVT_segment2
seg000:50F9                 assume ds:nothing
seg000:50F9                 mov     si, IVT_TIMER_off
seg000:50FC                 mov     [si], bx
seg000:50FE                 mov     word ptr [si+2], es
seg000:5101                 pop     ds
seg000:5102                 assume ds:nothing
seg000:5102                 pop     es
seg000:5103                 mov     sp, ds:71h
seg000:5107                 mov     ss, word ptr ds:73h
seg000:510B                 sti
seg000:510C                 mov     ax, 0F00h       ; 0 to CMOS_0Fh_Shutdown_Status
seg000:510F                 call    cmos_write3
seg000:5112                 test    byte ptr ds:40h, 4
seg000:5117                 jnz     short loc_F0512E
seg000:5119                 mov     al, ds:77h
seg000:511C                 mov     ah, 0
seg000:511E                 int     10h             ; - VIDEO - SET VIDEO MODE
seg000:511E                                         ; AL = mode
seg000:5120                 mov     cx, ds:78h
seg000:5124                 mov     ah, 1
seg000:5126                 int     10h             ; - VIDEO - SET CURSOR CHARACTERISTICS
seg000:5126                                         ; CH bits 0-4 = start line for cursor in character cell
seg000:5126                                         ; bits 5-6 = blink attribute
seg000:5126                                         ; CL bits 0-4 = end line for cursor in character cell
seg000:5128                 call    clear_Sanyo_segment_data
seg000:512B                 pop     ds
seg000:512C                 assume ds:seg000
seg000:512C                 pop     es
seg000:512D                 retn
seg000:512E ; ---------------------------------------------------------------------------
seg000:512E
seg000:512E loc_F0512E:                             ; CODE XREF: SETUP_Exit+2B↑j
seg000:512E                 mov     ax, 3
seg000:5131                 int     10h             ; - VIDEO - SET VIDEO MODE
seg000:5131                                         ; AL = mode
seg000:5133                 call    SETUP_print_String_below
seg000:5133 ; ---------------------------------------------------------------------------
seg000:5136                 dw Row_23 or Column__3
seg000:5138 aInsertSystemDi db 'Insert system disk in drive A and strike any key to reset ',0
seg000:5173                 dw 0FFFFh
seg000:5175 ; ---------------------------------------------------------------------------
seg000:5175
seg000:5175 keyboard_wait_key_loop:                 ; CODE XREF: SETUP_Exit+8D↓j
seg000:5175                 mov     ah, 1
seg000:5177                 int     16h             ; KEYBOARD - CHECK BUFFER, DO NOT CLEAR
seg000:5177                                         ; Return: ZF clear if character in buffer
seg000:5177                                         ; AH = scan code, AL = character
seg000:5177                                         ; ZF set if no character in buffer
seg000:5179                 jz      short keyboard_wait_key_loop
seg000:517B                 mov     ds, cs:BDA_Segment2
seg000:5180                 assume ds:nothing
seg000:5180                 mov     word ptr ds:BDA_72h_soft_reset_flag, soft_reset_WARM_BOOT
seg000:5186                 jmp     far ptr 0FFFFh:0
seg000:5186 SETUP_Exit      endp
seg000:5186
seg000:518B
seg000:518B ; =============== S U B R O U T I N E =======================================
seg000:518B
seg000:518B ; Attributes: bp-based frame
seg000:518B
seg000:518B SETUP_Switch_ax_below proc near         ; CODE XREF: SETUP_menu+16D↑p SETUP_menu+19D↑p ...
seg000:518B
seg000:518B return_address  = word ptr  2
seg000:518B
seg000:518B                 push    bp
seg000:518C                 mov     bp, sp
seg000:518E                 push    si
seg000:518F                 mov     si, [bp+return_address]
seg000:5192
seg000:5192 scan_table_loop:                        ; CODE XREF: SETUP_Switch_ax_below+15↓j
seg000:5192                 cmp     word ptr cs:[si], 0FFFFh
seg000:5196                 jz      short default_case
seg000:5198                 cmp     cs:[si], ax
seg000:519B                 jz      short case_matched
seg000:519D                 add     si, 4
seg000:51A0                 jmp     short scan_table_loop
seg000:51A2 ; ---------------------------------------------------------------------------
seg000:51A2
seg000:51A2 case_matched:                           ; CODE XREF: SETUP_Switch_ax_below+10↑j
seg000:51A2                 add     si, 2
seg000:51A5                 mov     si, cs:[si]
seg000:51A8                 jmp     short dispatch
seg000:51AA ; ---------------------------------------------------------------------------
seg000:51AA
seg000:51AA default_case:                           ; CODE XREF: SETUP_Switch_ax_below+B↑j
seg000:51AA                 add     si, 2
seg000:51AD
seg000:51AD dispatch:                               ; CODE XREF: SETUP_Switch_ax_below+1D↑j
seg000:51AD                 mov     [bp+return_address], si
seg000:51B0                 pop     si
seg000:51B1                 pop     bp
seg000:51B2                 retn
seg000:51B2 SETUP_Switch_ax_below endp
seg000:51B2
seg000:51B3
seg000:51B3 ; =============== S U B R O U T I N E =======================================
seg000:51B3
seg000:51B3
seg000:51B3 SETUP_read_Sys_Config proc near         ; CODE XREF: SETUP_menu+1A↑p
seg000:51B3                 push    es
seg000:51B4                 mov     ah, 0C0h
seg000:51B6                 int     15h             ; SYSTEM - GET CONFIGURATION (XT after 1/10/86,AT mdl 3x9,CONV,XT286,PS)
seg000:51B8                 jb      short loc_F051D2
seg000:51BA                 cmp     byte ptr es:[bx+2], 0FCh
seg000:51BF                 jnz     short loc_F051D2
seg000:51C1                 or      byte ptr ds:40h, 1
seg000:51C6                 mov     byte ptr ds:4Bh, 4
seg000:51CB                 mov     byte ptr ds:4Eh, 2Fh ; '/'
seg000:51D0                 jmp     short end
seg000:51D2 ; ---------------------------------------------------------------------------
seg000:51D2
seg000:51D2 loc_F051D2:                             ; CODE XREF: SETUP_read_Sys_Config+5↑j SETUP_read_Sys_Config+C↑j
seg000:51D2                 and     byte ptr ds:40h, 0FEh
seg000:51D7                 mov     byte ptr ds:4Bh, 2
seg000:51DC                 mov     byte ptr ds:4Eh, 0Fh
seg000:51E1
seg000:51E1 end:                                    ; CODE XREF: SETUP_read_Sys_Config+1D↑j
seg000:51E1                 pop     es
seg000:51E2                 retn
seg000:51E2 SETUP_read_Sys_Config endp
seg000:51E2
seg000:51E3
seg000:51E3 ; =============== S U B R O U T I N E =======================================
seg000:51E3
seg000:51E3
seg000:51E3 SETUP_read_VidMode_Cursor_position proc near ; CODE XREF: SETUP_menu+1D↑p
seg000:51E3                 mov     ah, 0Fh
seg000:51E5                 int     10h             ; - VIDEO - GET CURRENT VIDEO MODE
seg000:51E5                                         ; Return: AH = number of columns on screen
seg000:51E5                                         ; AL = current video mode
seg000:51E5                                         ; BH = current active display page
seg000:51E7                 mov     ds:77h, al
seg000:51EA                 mov     ah, 3
seg000:51EC                 int     10h             ; - VIDEO - READ CURSOR POSITION
seg000:51EC                                         ; BH = page number
seg000:51EC                                         ; Return: DH,DL = row,column, CH = cursor start line, CL = cursor end line
seg000:51EE                 mov     ds:78h, cx
seg000:51F2                 mov     ah, 0
seg000:51F4                 mov     al, 3
seg000:51F6                 int     10h             ; - VIDEO - SET VIDEO MODE
seg000:51F6                                         ; AL = mode
seg000:51F8                 mov     ch, 20h
seg000:51FA                 mov     ah, 1
seg000:51FC                 int     10h             ; - VIDEO - SET CURSOR CHARACTERISTICS
seg000:51FC                                         ; CH bits 0-4 = start line for cursor in character cell
seg000:51FC                                         ; bits 5-6 = blink attribute
seg000:51FC                                         ; CL bits 0-4 = end line for cursor in character cell
seg000:51FE                 retn
seg000:51FE SETUP_read_VidMode_Cursor_position endp
seg000:51FE
seg000:51FF
seg000:51FF ; =============== S U B R O U T I N E =======================================
seg000:51FF
seg000:51FF
seg000:51FF SETUP_init_RTC  proc near               ; CODE XREF: SETUP_menu+20↑p
seg000:51FF                 push    ds
seg000:5200                 push    cs
seg000:5201                 pop     ds
seg000:5202                 assume ds:nothing
seg000:5202                 mov     ah, CMOS_0Bh_Status_Register_B
seg000:5204                 call    cmos_read3
seg000:5207                 dec     ah
seg000:5209                 test    al, CMOS_0Bh_REGB_UPDATE_DISABLED
seg000:520B                 jnz     short start
seg000:520D                 call    cmos_read3
seg000:5210                 cmp     al, CMOS_0Ah_REGA_rate_1024Hz or CMOS_0Ah_REGA_timebase_32_768Khz
seg000:5212                 jnz     short start
seg000:5214                 mov     ax, word ptr cs:RTC_B_24h_mode
seg000:5218                 call    cmos_write3
seg000:521B                 jmp     short end
seg000:521D ; ---------------------------------------------------------------------------
seg000:521D
seg000:521D start:                                  ; CODE XREF: SETUP_init_RTC+C↑j SETUP_init_RTC+13↑j
seg000:521D                 mov     si, offset CMOS_init_writes
seg000:5220
seg000:5220 CMOS_table_function_loop:               ; CODE XREF: SETUP_init_RTC+36↓j SETUP_init_RTC+3B↓j
seg000:5220                 lodsw
seg000:5221                 call    SETUP_Switch_ax_below
seg000:5221 ; ---------------------------------------------------------------------------
seg000:5224                 dw 0FFFEh
seg000:5226                 dw offset end
seg000:5228                 dw 0C00h
seg000:522A                 dw offset fcmos_read
seg000:522C                 dw 0D00h
seg000:522E                 dw offset fcmos_read
seg000:5230                 dw 0FFFFh
seg000:5232 ; ---------------------------------------------------------------------------
seg000:5232                 call    cmos_write3
seg000:5235                 jmp     short CMOS_table_function_loop
seg000:5237 ; ---------------------------------------------------------------------------
seg000:5237
seg000:5237 fcmos_read:                             ; DATA XREF: SETUP_init_RTC+2B↑o SETUP_init_RTC+2F↑o
seg000:5237                 call    cmos_read3
seg000:523A                 jmp     short CMOS_table_function_loop
seg000:523C ; ---------------------------------------------------------------------------
seg000:523C
seg000:523C end:                                    ; CODE XREF: SETUP_init_RTC+1C↑j
seg000:523C                                         ; DATA XREF: SETUP_init_RTC+27↑o
seg000:523C                 pop     ds
seg000:523D                 assume ds:seg000
seg000:523D                 retn
seg000:523D ; ---------------------------------------------------------------------------
seg000:523E CMOS_init_writes:                       ; DATA XREF: SETUP_init_RTC:start↑o
seg000:523E                 db CMOS_0Ah_REGA_rate_1024Hz or CMOS_0Ah_REGA_timebase_32_768Khz
seg000:523F                 db CMOS_0Ah_Status_Register_A
seg000:5240                 db CMOS_0Bh_REGB_24_HOUR_MODE or CMOS_0Bh_REGB_UPDATE_DISABLED
seg000:5241                 db CMOS_0Bh_Status_Register_B
seg000:5242                 db 0
seg000:5243                 db CMOS_00h_RTC_seconds
seg000:5244                 db 0
seg000:5245                 db CMOS_01h_RTC_seconds_alarm
seg000:5246                 db 0
seg000:5247                 db CMOS_02h_RTC_minutes
seg000:5248                 db 0
seg000:5249                 db CMOS_03h_RTC_minutes_alarm
seg000:524A                 db 0
seg000:524B                 db CMOS_04h_RTC_hours
seg000:524C                 db 0
seg000:524D                 db CMOS_05h_RTC_hours_alarm
seg000:524E                 db 0
seg000:524F                 db CMOS_06h_RTC_day_of_week
seg000:5250                 db 0
seg000:5251                 db CMOS_07h_RTC_day_of_month
seg000:5252                 db 0
seg000:5253                 db CMOS_08h_RTC_month
seg000:5254                 db 0
seg000:5255                 db CMOS_09h_RTC_year
seg000:5256                 db 0
seg000:5257                 db CMOS_32h_Century_Byte
seg000:5258                 db 0
seg000:5259                 db CMOS_0Ch_Status_Register_C
seg000:525A                 db 0
seg000:525B                 db CMOS_0Dh_Status_Register_D
seg000:525C RTC_B_24h_mode:                         ; DATA XREF: SETUP_init_RTC+15↑r
seg000:525C                 db    2
seg000:525D                 db CMOS_0Bh_Status_Register_B
seg000:525E                 dw 0FFFEh
seg000:525E SETUP_init_RTC  endp ; sp-analysis failed
seg000:525E
seg000:5260                 assume ds:nothing
seg000:5260
seg000:5260 ; =============== S U B R O U T I N E =======================================
seg000:5260
seg000:5260
seg000:5260 sub_F05260      proc near               ; CODE XREF: SETUP_menu+164↑p
seg000:5260                 mov     bh, 4
seg000:5262                 call    SETUP_print_Divider
seg000:5265                 mov     bh, 5
seg000:5267                 call    SETUP_print_Divider
seg000:526A                 mov     di, 20h
seg000:526D                 mov     cx, 20h
seg000:5270                 mov     al, 0
seg000:5272                 rep stosb
seg000:5274                 mov     byte ptr ds:4Dh, 0
seg000:5279                 mov     al, ds:4
seg000:527C                 and     al, 0C1h
seg000:527E                 or      ds:24h, al
seg000:5282                 test    al, 1
seg000:5284                 jnz     short loc_F05292
seg000:5286                 or      byte ptr ds:40h, 2
seg000:528B
seg000:528B loc_F0528B:                             ; CODE XREF: sub_F05260+34↓j sub_F05260+3F↓j ...
seg000:528B                 mov     byte ptr ds:4Dh, 0FFh
seg000:5290                 jmp     short loc_F052AA
seg000:5292 ; ---------------------------------------------------------------------------
seg000:5292
seg000:5292 loc_F05292:                             ; CODE XREF: sub_F05260+24↑j
seg000:5292                 test    al, 80h
seg000:5294                 jnz     short loc_F0528B
seg000:5296                 test    al, 40h
seg000:5298                 jnz     short loc_F052A3
seg000:529A                 test    byte ptr ds:0, 0Fh
seg000:529F                 jnz     short loc_F0528B
seg000:52A1                 jmp     short loc_F052AA
seg000:52A3 ; ---------------------------------------------------------------------------
seg000:52A3
seg000:52A3 loc_F052A3:                             ; CODE XREF: sub_F05260+38↑j
seg000:52A3                 test    byte ptr ds:0, 0Fh
seg000:52A8                 jz      short loc_F0528B
seg000:52AA
seg000:52AA loc_F052AA:                             ; CODE XREF: sub_F05260+30↑j sub_F05260+41↑j
seg000:52AA                 mov     ah, 0
seg000:52AC                 mov     al, ds:0
seg000:52AF                 mov     ds:20h, al
seg000:52B2                 mov     byte ptr ds:65h, Column_30
seg000:52B7                 push    ax
seg000:52B8                 and     al, 0F0h
seg000:52BA                 mov     cl, 4
seg000:52BC                 shr     al, cl
seg000:52BE                 call    sub_F04919
seg000:52C1                 mov     bh, ds:66h
seg000:52C5                 call    SETUP_print_Divider
seg000:52C8                 mov     byte ptr ds:65h, Column_30
seg000:52CD                 pop     ax
seg000:52CE                 and     al, 0Fh
seg000:52D0                 call    sub_F04928
seg000:52D3                 mov     bh, ds:66h
seg000:52D7                 call    SETUP_print_Divider
seg000:52DA                 mov     ah, 0
seg000:52DC                 mov     al, ds:2
seg000:52DF                 mov     ds:22h, al
seg000:52E2                 mov     di, 29h
seg000:52E5                 mov     byte ptr [di], 0
seg000:52E8                 mov     bl, ds:9
seg000:52EC                 push    ax
seg000:52ED                 and     al, 0F0h
seg000:52EF                 mov     cl, 4
seg000:52F1                 shr     al, cl
seg000:52F3                 call    sub_F0541E
seg000:52F6                 mov     byte ptr ds:65h, Column_30
seg000:52FB                 call    sub_F04B10
seg000:52FE                 pop     ax
seg000:52FF                 mov     bh, ds:66h
seg000:5303                 call    SETUP_print_Divider
seg000:5306                 mov     byte ptr ds:65h, Column_30
seg000:530B                 mov     di, 2Ah
seg000:530E                 mov     byte ptr [di], 0
seg000:5311                 mov     bl, ds:0Ah
seg000:5315                 and     al, 0Fh
seg000:5317                 call    sub_F0541E
seg000:531A                 call    sub_F04B18
seg000:531D                 mov     bh, ds:66h
seg000:5321                 call    SETUP_print_Divider
seg000:5324                 mov     bx, ds:5
seg000:5328                 mov     ds:25h, bx
seg000:532C                 int     12h             ; MEMORY SIZE -
seg000:532C                                         ; Return: AX = number of contiguous 1K blocks of memory
seg000:532E                 cmp     ax, bx
seg000:5330                 jz      short loc_F0533E
seg000:5332                 test    byte ptr ds:40h, 4
seg000:5337                 jnz     short loc_F0533E
seg000:5339                 mov     byte ptr ds:63h, No_Blink or Bg_Light_Gray or Fg_Black
seg000:533E
seg000:533E loc_F0533E:                             ; CODE XREF: sub_F05260+D0↑j sub_F05260+D7↑j
seg000:533E                 mov     byte ptr ds:65h, Column_30
seg000:5343                 call    SETUP_Memory_Base
seg000:5346                 mov     bh, ds:66h
seg000:534A                 call    SETUP_print_Divider
seg000:534D                 mov     bx, ds:7
seg000:5351                 mov     ds:27h, bx
seg000:5355                 call    sub_F04D1D
seg000:5358                 cmp     ax, bx
seg000:535A                 jz      short loc_F05368
seg000:535C                 test    byte ptr ds:40h, 4
seg000:5361                 jnz     short loc_F05368
seg000:5363                 mov     byte ptr ds:63h, No_Blink or Bg_Light_Gray or Fg_Black
seg000:5368
seg000:5368 loc_F05368:                             ; CODE XREF: sub_F05260+FA↑j sub_F05260+101↑j
seg000:5368                 mov     byte ptr ds:65h, Column_30
seg000:536D                 call    SETUP_Memory_Extended
seg000:5370                 mov     bh, ds:66h
seg000:5374                 call    SETUP_print_Divider
seg000:5377                 mov     ah, 12h
seg000:5379                 mov     bx, 0FF10h
seg000:537C                 int     10h             ; - VIDEO - ALTERNATE FUNCTION SELECT (PS, EGA, VGA, MCGA) - GET EGA INFO
seg000:537C                                         ; Return: BH = 00h color mode in effect CH = feature bits, CL = switch settings
seg000:537E                 mov     al, ds:4
seg000:5381                 and     al, 30h
seg000:5383                 or      ds:24h, al
seg000:5387                 cmp     bh, 0FFh
seg000:538A                 jnz     short loc_F053C5
seg000:538C                 push    ax
seg000:538D                 int     11h             ; EQUIPMENT DETERMINATION
seg000:538D                                         ; Return: AX = equipment flag bits
seg000:538F                 and     al, 30h
seg000:5391                 mov     bl, al
seg000:5393                 cli
seg000:5394                 call    sub_F00751
seg000:5397                 sti
seg000:5398                 or      al, 10h
seg000:539A                 mov     bh, al
seg000:539C                 pop     ax
seg000:539D                 mov     ah, 30h ; '0'
seg000:539F                 cmp     bl, ah
seg000:53A1                 jnz     short loc_F053B9
seg000:53A3                 cmp     al, ah
seg000:53A5                 jnz     short loc_F053AB
seg000:53A7                 cmp     bh, ah
seg000:53A9                 jz      short loc_F053C5
seg000:53AB
seg000:53AB loc_F053AB:                             ; CODE XREF: sub_F05260+145↑j sub_F05260+15B↓j ...
seg000:53AB                 test    byte ptr ds:40h, 4
seg000:53B0                 jnz     short loc_F053C5
seg000:53B2                 mov     byte ptr ds:63h, No_Blink or Bg_Light_Gray or Fg_Black
seg000:53B7                 jmp     short loc_F053C5
seg000:53B9 ; ---------------------------------------------------------------------------
seg000:53B9
seg000:53B9 loc_F053B9:                             ; CODE XREF: sub_F05260+141↑j
seg000:53B9                 cmp     al, ah
seg000:53BB                 jz      short loc_F053AB
seg000:53BD                 cmp     al, 0
seg000:53BF                 jz      short loc_F053AB
seg000:53C1                 cmp     bh, ah
seg000:53C3                 jz      short loc_F053AB
seg000:53C5
seg000:53C5 loc_F053C5:                             ; CODE XREF: sub_F05260+12A↑j sub_F05260+149↑j ...
seg000:53C5                 xor     ah, ah
seg000:53C7                 call    sub_F04EAB
seg000:53CA                 mov     byte ptr ds:65h, Column_30
seg000:53CF                 call    SETUP_Video_Adapter
seg000:53D2                 mov     bh, ds:66h
seg000:53D6                 call    SETUP_print_Divider
seg000:53D9                 inc     bh
seg000:53DB                 call    SETUP_print_Divider
seg000:53DE                 mov     word ptr ds:65h, Row_19 or Column_30
seg000:53E4                 call    print_35_SPACEs_at_es65
seg000:53E7                 test    byte ptr ds:40h, 2
seg000:53EC                 jz      short locret_F053F9
seg000:53EE                 mov     si, offset aChecksumError ; " ******   Checksum Error    ****** "
seg000:53F1                 mov     byte ptr ds:63h, No_Blink or Bg_Light_Gray or Fg_Black
seg000:53F6                 call    print_at_es65
seg000:53F9
seg000:53F9 locret_F053F9:                          ; CODE XREF: sub_F05260+18C↑j
seg000:53F9                 retn
seg000:53F9 ; ---------------------------------------------------------------------------
seg000:53FA aChecksumError  db ' ******   Checksum Error    ****** ',0 ; DATA XREF: sub_F05260+18E↑o
seg000:53FA sub_F05260      endp
seg000:53FA
seg000:541E
seg000:541E ; =============== S U B R O U T I N E =======================================
seg000:541E
seg000:541E
seg000:541E sub_F0541E      proc near               ; CODE XREF: SETUP_Drive_D+40↑p sub_F05260+93↑p ...
seg000:541E                 cmp     al, 0Fh
seg000:5420                 jb      short loc_F05433
seg000:5422                 test    byte ptr ds:40h, 1
seg000:5427                 jz      short locret_F05432
seg000:5429                 mov     [di], bl
seg000:542B                 cmp     bl, 10h
seg000:542E                 jb      short loc_F0543F
seg000:5430                 mov     al, bl
seg000:5432
seg000:5432 locret_F05432:                          ; CODE XREF: sub_F0541E+9↑j sub_F0541E+1A↓j ...
seg000:5432                 retn
seg000:5433 ; ---------------------------------------------------------------------------
seg000:5433
seg000:5433 loc_F05433:                             ; CODE XREF: sub_F0541E+2↑j
seg000:5433                 test    byte ptr ds:40h, 1
seg000:5438                 jz      short locret_F05432
seg000:543A                 cmp     bl, 0
seg000:543D                 jz      short locret_F05432
seg000:543F
seg000:543F loc_F0543F:                             ; CODE XREF: sub_F0541E+10↑j
seg000:543F                 mov     al, 0FFh
seg000:5441                 retn
seg000:5441 sub_F0541E      endp
seg000:5441
seg000:5442
seg000:5442 ; =============== S U B R O U T I N E =======================================
seg000:5442
seg000:5442
seg000:5442 load_cmos_and_something proc near       ; CODE XREF: SETUP_menu+161↑p
seg000:5442                 and     byte ptr ds:40h, 0FDh
seg000:5447                 mov     di, 0
seg000:544A                 mov     si, di
seg000:544C                 xor     ax, ax
seg000:544E                 mov     ah, CMOS_10h_Floppy_Drive_Type
seg000:5450                 mov     cx, 32
seg000:5453
seg000:5453 read_CMOS_loop:                         ; CODE XREF: load_cmos_and_something+17↓j
seg000:5453                 call    cmos_read3
seg000:5456                 stosb
seg000:5457                 inc     ah
seg000:5459                 loop    read_CMOS_loop
seg000:545B                 call    sub_F0506B
seg000:545E                 cmp     [si], bx
seg000:5460                 jz      short end
seg000:5462                 or      byte ptr ds:40h, 2
seg000:5467
seg000:5467 end:                                    ; CODE XREF: load_cmos_and_something+1E↑j
seg000:5467                 retn
seg000:5467 load_cmos_and_something endp
seg000:5467
seg000:5468
seg000:5468 ; =============== S U B R O U T I N E =======================================
seg000:5468
seg000:5468
seg000:5468 cmos_read3      proc near               ; CODE XREF: SETUP_main_check+A↑p sub_F04D1D+3↑p ...
seg000:5468                 push    dx
seg000:5469                 mov     dx, IO_Port_70h_CMOS_Index
seg000:546C                 xchg    ah, al
seg000:546E                 out     dx, al
seg000:546F                 xchg    ah, al
seg000:5471                 inc     dx
seg000:5472                 push    dx
seg000:5473                 in      al, dx
seg000:5474                 pop     dx
seg000:5475                 pop     dx
seg000:5476                 retn
seg000:5476 cmos_read3      endp
seg000:5476
seg000:5477
seg000:5477 ; =============== S U B R O U T I N E =======================================
seg000:5477
seg000:5477
seg000:5477 cmos_write3     proc near               ; CODE XREF: SETUP_Write+1E↑p load_cmos_to_ram_SI+9↑p ...
seg000:5477                 push    dx
seg000:5478                 mov     dx, IO_Port_70h_CMOS_Index
seg000:547B                 xchg    ah, al
seg000:547D                 out     dx, al
seg000:547E                 xchg    ah, al
seg000:5480                 inc     dx
seg000:5481                 push    dx
seg000:5482                 out     dx, al
seg000:5483                 pop     dx
seg000:5484                 pop     dx
seg000:5485                 retn
seg000:5485 cmos_write3     endp
seg000:5485
seg000:5486                 assume ds:nothing
seg000:5486
seg000:5486 ; =============== S U B R O U T I N E =======================================
seg000:5486
seg000:5486
seg000:5486 SETUP_print_int proc near               ; CODE XREF: sub_F04B25+32↑p SETUP_Capacity_or_Size_Error+23↑p
seg000:5486                 push    ds
seg000:5487                 push    bx
seg000:5488                 push    si
seg000:5489                 push    di
seg000:548A                 mov     dx, ds:65h
seg000:548E                 push    dx
seg000:548F                 add     dx, 3
seg000:5492                 mov     ds:65h, dx
seg000:5496                 mov     cx, 5
seg000:5499                 mov     di, 6Bh ; 'k'
seg000:549C                 mov     al, 30h ; '0'
seg000:549E                 push    di
seg000:549F                 rep stosb
seg000:54A1                 pop     di
seg000:54A2                 push    di
seg000:54A3                 mov     si, offset divider_LUT_size
seg000:54A6                 mov     cx, cs:[si]
seg000:54A9                 mov     ah, ds:63h
seg000:54AD                 push    cx
seg000:54AE
seg000:54AE loc_F054AE:                             ; CODE XREF: SETUP_print_int+3B↓j
seg000:54AE                 inc     si
seg000:54AF                 inc     si
seg000:54B0                 xor     al, al
seg000:54B2
seg000:54B2 loc_F054B2:                             ; CODE XREF: SETUP_print_int+36↓j
seg000:54B2                 cmp     bx, cs:[si]
seg000:54B5                 jb      short loc_F054BE
seg000:54B7                 inc     al
seg000:54B9                 sub     bx, cs:[si]
seg000:54BC                 jmp     short loc_F054B2
seg000:54BE ; ---------------------------------------------------------------------------
seg000:54BE
seg000:54BE loc_F054BE:                             ; CODE XREF: SETUP_print_int+2F↑j
seg000:54BE                 or      [di], al
seg000:54C0                 inc     di
seg000:54C1                 loop    loc_F054AE
seg000:54C3                 or      [di], bl
seg000:54C5                 pop     cx
seg000:54C6                 pop     di
seg000:54C7                 xor     bx, bx
seg000:54C9
seg000:54C9 replace_zeroes_spaces_loop:             ; CODE XREF: SETUP_print_int+4C↓j
seg000:54C9                 cmp     byte ptr [bx+di], 30h ; '0'
seg000:54CC                 jnz     short loc_F054D4
seg000:54CE                 mov     byte ptr [bx+di], 20h ; ' '
seg000:54D1                 inc     bx
seg000:54D2                 loop    replace_zeroes_spaces_loop
seg000:54D4
seg000:54D4 loc_F054D4:                             ; CODE XREF: SETUP_print_int+46↑j
seg000:54D4                 mov     cx, 5
seg000:54D7                 mov     bx, ds:65h
seg000:54DB
seg000:54DB print_loop:                             ; CODE XREF: SETUP_print_int+60↓j
seg000:54DB                 mov     al, [di]
seg000:54DD                 mov     ds:63h, ah
seg000:54E1                 call    set_cursor_and_print
seg000:54E4                 inc     di
seg000:54E5                 inc     bx
seg000:54E6                 loop    print_loop
seg000:54E8                 mov     byte ptr ds:63h, No_Blink or Bg_Black or Fg_Light_Gray
seg000:54ED                 pop     word ptr ds:65h
seg000:54F1                 pop     di
seg000:54F2                 pop     si
seg000:54F3                 pop     bx
seg000:54F4                 pop     ds
seg000:54F5                 assume ds:seg000
seg000:54F5                 retn
seg000:54F5 SETUP_print_int endp
seg000:54F5
seg000:54F5 ; ---------------------------------------------------------------------------
seg000:54F6 divider_LUT_size dw 4                   ; DATA XREF: SETUP_print_int+1D↑o
seg000:54F8 divider_LUT     dw 10000                ; 0
seg000:54FA                 dw 1000                 ; 1
seg000:54FC                 dw 100                  ; 2
seg000:54FE                 dw 10                   ; 3
seg000:5500 divider_10      dw 10                   ; DATA XREF: SETUP_binary_to_BCD+9↑r SETUP_binary_to_BCD+13↑r
seg000:5502                 assume ds:nothing
seg000:5502
seg000:5502 ; =============== S U B R O U T I N E =======================================
seg000:5502
seg000:5502
seg000:5502 keyboard_wait_key proc near             ; CODE XREF: SETUP_menu+16A↑p SETUP_Date_input_handler+6↑p ...
seg000:5502                 test    byte ptr ds:40h, 80h
seg000:5507                 jz      short loc_F05511
seg000:5509                 call    SETUP_print_Date_Time
seg000:550C                 xor     byte ptr ds:40h, 80h
seg000:5511
seg000:5511 loc_F05511:                             ; CODE XREF: keyboard_wait_key+5↑j
seg000:5511                 mov     ah, 1
seg000:5513                 int     16h             ; KEYBOARD - CHECK BUFFER, DO NOT CLEAR
seg000:5513                                         ; Return: ZF clear if character in buffer
seg000:5513                                         ; AH = scan code, AL = character
seg000:5513                                         ; ZF set if no character in buffer
seg000:5515                 jz      short keyboard_wait_key
seg000:5517                 mov     ah, 0
seg000:5519                 int     16h             ; KEYBOARD - READ CHAR FROM BUFFER, WAIT IF EMPTY
seg000:5519                                         ; Return: AH = scan code, AL = character
seg000:551B                 cmp     ax, scancode_Ctrl_C_
seg000:551E                 jz      short Ctrl_C
seg000:5520                 retn
seg000:5521 ; ---------------------------------------------------------------------------
seg000:5521
seg000:5521 Ctrl_C:                                 ; CODE XREF: keyboard_wait_key+1C↑j
seg000:5521                 cli
seg000:5522                 mov     sp, 4FEh
seg000:5525                 sti
seg000:5526                 jmp     SETUP_confirm_data_entered
seg000:5526 keyboard_wait_key endp
seg000:5526
seg000:5529                 assume ds:nothing
seg000:5529
seg000:5529 ; =============== S U B R O U T I N E =======================================
seg000:5529
seg000:5529 ; Attributes: noreturn
seg000:5529
seg000:5529 SETUP_print_String_below proc near      ; CODE XREF: SETUP_menu+4C↑p SETUP_confirm_data_entered+13↑p ...
seg000:5529                 pop     si
seg000:552A                 push    ds
seg000:552B                 push    cs
seg000:552C                 pop     ds
seg000:552D
seg000:552D print_loop:                             ; CODE XREF: SETUP_print_String_below+F↓j
seg000:552D                 lodsw
seg000:552E                 cmp     ax, 0FFFFh
seg000:5531                 jz      short end
seg000:5533                 mov     dx, ax
seg000:5535                 call    print_at_DX
seg000:5538                 jmp     short print_loop
seg000:553A ; ---------------------------------------------------------------------------
seg000:553A
seg000:553A end:                                    ; CODE XREF: SETUP_print_String_below+8↑j
seg000:553A                 pop     ds
seg000:553B                 mov     byte ptr ds:63h, No_Blink or Bg_Black or Fg_Light_Gray
seg000:5540                 push    si
seg000:5541                 retn
seg000:5541 SETUP_print_String_below endp
seg000:5541
seg000:5542                 assume es:nothing
seg000:5542
seg000:5542 ; =============== S U B R O U T I N E =======================================
seg000:5542
seg000:5542
seg000:5542 print_at_es65   proc near               ; CODE XREF: SETUP_print_floppy_type:print↑p sub_F04B25:loc_F04B48↑p ...
seg000:5542                 push    ax
seg000:5543                 push    dx
seg000:5544                 mov     dx, es:65h
seg000:5549                 push    ds
seg000:554A                 push    cs
seg000:554B                 pop     ds
seg000:554C                 assume ds:nothing
seg000:554C                 call    print_at_DX
seg000:554F                 pop     ds
seg000:5550                 assume ds:seg000
seg000:5550                 pop     dx
seg000:5551                 pop     ax
seg000:5552                 mov     byte ptr ds:63h, No_Blink or Bg_Black or Fg_Light_Gray
seg000:5557                 retn
seg000:5557 print_at_es65   endp
seg000:5557
seg000:5558                 assume ds:nothing
seg000:5558
seg000:5558 ; =============== S U B R O U T I N E =======================================
seg000:5558
seg000:5558
seg000:5558 SETUP_print_Offset_below proc near      ; CODE XREF: SETUP_menu+155↑p SETUP_print_Help_change_Type_step+3↓p ...
seg000:5558                 pop     si
seg000:5559                 push    ds
seg000:555A                 push    cs
seg000:555B                 pop     ds
seg000:555C
seg000:555C print_loop:                             ; CODE XREF: SETUP_print_Offset_below+14↓j
seg000:555C                 lodsw
seg000:555D                 cmp     ax, 0FFFFh
seg000:5560                 jz      short end
seg000:5562                 mov     dx, ax
seg000:5564                 lodsw
seg000:5565                 push    si
seg000:5566                 mov     si, ax
seg000:5568                 call    print_at_DX
seg000:556B                 pop     si
seg000:556C                 jmp     short print_loop
seg000:556E ; ---------------------------------------------------------------------------
seg000:556E
seg000:556E end:                                    ; CODE XREF: SETUP_print_Offset_below+8↑j
seg000:556E                 pop     ds
seg000:556F                 mov     byte ptr ds:63h, No_Blink or Bg_Black or Fg_Light_Gray
seg000:5574                 push    si
seg000:5575                 retn
seg000:5575 SETUP_print_Offset_below endp
seg000:5575
seg000:5576
seg000:5576 ; =============== S U B R O U T I N E =======================================
seg000:5576
seg000:5576
seg000:5576 print_at_DX     proc near               ; CODE XREF: SETUP_print_String_below+C↑p print_at_es65+A↑p ...
seg000:5576                 push    cx
seg000:5577                 push    bx
seg000:5578
seg000:5578 print_loop:                             ; CODE XREF: print_at_DX+E↓j
seg000:5578                 call    set_cursor_weird
seg000:557B                 lodsb
seg000:557C                 cmp     al, 0
seg000:557E                 jz      short end
seg000:5580                 call    print_char
seg000:5583                 inc     dx
seg000:5584                 jmp     short print_loop
seg000:5586 ; ---------------------------------------------------------------------------
seg000:5586
seg000:5586 end:                                    ; CODE XREF: print_at_DX+8↑j
seg000:5586                 pop     bx
seg000:5587                 pop     cx
seg000:5588                 retn
seg000:5588 print_at_DX     endp
seg000:5588
seg000:5589
seg000:5589 ; =============== S U B R O U T I N E =======================================
seg000:5589
seg000:5589
seg000:5589 set_cursor_and_print proc near          ; CODE XREF: SETUP_print_Date+1C↑p SETUP_print_Date+37↑p ...
seg000:5589                 push    ax
seg000:558A                 push    bx
seg000:558B                 push    cx
seg000:558C                 push    dx
seg000:558D                 mov     dx, bx
seg000:558F                 call    set_cursor_weird
seg000:5592                 call    print_char
seg000:5595                 pop     dx
seg000:5596                 pop     cx
seg000:5597                 pop     bx
seg000:5598                 pop     ax
seg000:5599                 retn
seg000:5599 set_cursor_and_print endp
seg000:5599
seg000:559A
seg000:559A ; =============== S U B R O U T I N E =======================================
seg000:559A
seg000:559A
seg000:559A set_cursor_weird proc near              ; CODE XREF: print_at_DX:print_loop↑p set_cursor_and_print+6↑p ...
seg000:559A                 mov     ah, int10h_2_Set_cursor_position
seg000:559C                 jmp     short call_int10h
seg000:559C set_cursor_weird endp
seg000:559C
seg000:559E                 assume es:seg000
seg000:559E
seg000:559E ; =============== S U B R O U T I N E =======================================
seg000:559E
seg000:559E
seg000:559E print_char      proc near               ; CODE XREF: print_at_DX+A↑p set_cursor_and_print+9↑p
seg000:559E                 mov     cx, 1
seg000:55A1
seg000:55A1 print_char_cx_times:                    ; CODE XREF: print_35_SPACEs_at_es65+12↓p SETUP_print_Help+16↓p
seg000:55A1                 mov     ah, int10h_9_Write_character_and_attribute_at_cursor
seg000:55A3                 mov     bl, es:63h
seg000:55A8
seg000:55A8 call_int10h:                            ; CODE XREF: set_cursor_weird+2↑j
seg000:55A8                 push    ax
seg000:55A9                 xor     bh, bh
seg000:55AB                 int     10h             ; - VIDEO - SET CURSOR POSITION
seg000:55AB                                         ; DH,DL = row, column (0,0 = upper left)
seg000:55AB                                         ; BH = page number
seg000:55AD                 pop     ax
seg000:55AE                 retn
seg000:55AE print_char      endp
seg000:55AE
seg000:55AF
seg000:55AF ; =============== S U B R O U T I N E =======================================
seg000:55AF
seg000:55AF
seg000:55AF clear_Sanyo_segment_data proc near      ; CODE XREF: SETUP_menu+8↑p SETUP_Exit+3C↑p
seg000:55AF                 push    ax
seg000:55B0                 mov     cx, 4FEh
seg000:55B3                 inc     cx
seg000:55B4                 shr     cx, 1
seg000:55B6                 xor     ax, ax
seg000:55B8                 mov     di, 0
seg000:55BB                 rep stosw
seg000:55BD                 pop     ax
seg000:55BE                 retn
seg000:55BE clear_Sanyo_segment_data endp
seg000:55BE
seg000:55BF
seg000:55BF ; =============== S U B R O U T I N E =======================================
seg000:55BF
seg000:55BF
seg000:55BF print_15_SPACEs_at_es65 proc near       ; CODE XREF: SETUP_set_Date:SETUP_set_Date_exit↑p SETUP_set_Time:loc_F0485A↑p ...
seg000:55BF                 push    cx
seg000:55C0                 mov     cl, 15
seg000:55C2                 jmp     short print_SPACE_at_es65
seg000:55C2 print_15_SPACEs_at_es65 endp
seg000:55C2
seg000:55C4                 assume es:nothing
seg000:55C4
seg000:55C4 ; =============== S U B R O U T I N E =======================================
seg000:55C4
seg000:55C4
seg000:55C4 print_35_SPACEs_at_es65 proc near       ; CODE XREF: sub_F05260+184↑p
seg000:55C4                 push    cx
seg000:55C5                 mov     cl, 35
seg000:55C7
seg000:55C7 print_SPACE_at_es65:                    ; CODE XREF: print_15_SPACEs_at_es65+3↑j
seg000:55C7                 push    dx
seg000:55C8                 push    bx
seg000:55C9                 mov     dx, es:65h
seg000:55CE                 call    set_cursor_weird
seg000:55D1                 xor     ch, ch
seg000:55D3                 push    ax
seg000:55D4                 mov     al, ' '
seg000:55D6                 call    print_char_cx_times
seg000:55D9                 pop     ax
seg000:55DA                 mov     byte ptr es:63h, No_Blink or Bg_Black or Fg_Light_Gray
seg000:55E0                 pop     bx
seg000:55E1                 pop     dx
seg000:55E2                 pop     cx
seg000:55E3                 retn
seg000:55E3 print_35_SPACEs_at_es65 endp
seg000:55E3
seg000:55E4
seg000:55E4 ; =============== S U B R O U T I N E =======================================
seg000:55E4
seg000:55E4
seg000:55E4 SETUP_clear_New_Data_screen proc near   ; CODE XREF: SETUP_Write+21↑p SETUP_confirm_data_entered↑p
seg000:55E4                 mov     cx, Row__4 or Column_50
seg000:55E7                 mov     dx, Row_17 or Column_79
seg000:55EA                 jmp     short SETUP_clear_Window_cx_dx
seg000:55EA SETUP_clear_New_Data_screen endp
seg000:55EA
seg000:55EC
seg000:55EC ; =============== S U B R O U T I N E =======================================
seg000:55EC
seg000:55EC
seg000:55EC SETUP_clear_Help_screen proc near       ; CODE XREF: SETUP_print_Help↓p SETUP_print_Help_change_Data↓p ...
seg000:55EC                 mov     cx, Row_23 or Column__0
seg000:55EF                 mov     dx, Row_24 or Column_79
seg000:55F2
seg000:55F2 SETUP_clear_Window_cx_dx:               ; CODE XREF: SETUP_confirm_data_entered+B↑p SETUP_clear_New_Data_screen+6↑j
seg000:55F2                 push    bx
seg000:55F3                 mov     bh, No_Blink or Bg_Black or Fg_Light_Gray
seg000:55F5                 mov     ah, 6
seg000:55F7                 mov     al, 0
seg000:55F9                 int     10h             ; - VIDEO - SCROLL PAGE UP
seg000:55F9                                         ; AL = number of lines to scroll window (0 = blank whole window)
seg000:55F9                                         ; BH = attributes to be used on blanked lines
seg000:55F9                                         ; CH,CL = row,column of upper left corner of window to scroll
seg000:55F9                                         ; DH,DL = row,column of lower right corner of window
seg000:55FB                 pop     bx
seg000:55FC                 retn
seg000:55FC SETUP_clear_Help_screen endp
seg000:55FC
seg000:55FD
seg000:55FD ; =============== S U B R O U T I N E =======================================
seg000:55FD
seg000:55FD
seg000:55FD SETUP_print_Help proc near              ; CODE XREF: SETUP_menu:SETUP_main_input_loop↑p
seg000:55FD                 call    SETUP_clear_Help_screen
seg000:5600                 call    SETUP_print_String_below
seg000:5600 ; ---------------------------------------------------------------------------
seg000:5603                 dw Row_22 or Column__0
seg000:5605 aHelp           db '<Help>',0
seg000:560C                 dw 0FFFFh
seg000:560E ; ---------------------------------------------------------------------------
seg000:560E                 mov     cx, 73
seg000:5611                 mov     al, '-'
seg000:5613                 call    print_char_cx_times
seg000:5616                 call    SETUP_print_String_below
seg000:5616 ; ---------------------------------------------------------------------------
seg000:5619                 dw Row_23 or Column__3
seg000:561B aF1F9SelectFunc db '[F1 - F9] Select function',0
seg000:5635                 dw Row_24 or Column__3
seg000:5637 aEscQuit        db '[ESC] Quit',0       ; DATA XREF: SETUP_print_Help_change_Option+27↓o
seg000:5642                 dw Row_23 or Column_40
seg000:5644 aWWriteData     db '[W] Write data',0
seg000:5653                 dw 0FFFFh
seg000:5655 ; ---------------------------------------------------------------------------
seg000:5655                 retn
seg000:5655 SETUP_print_Help endp
seg000:5655
seg000:5656
seg000:5656 ; =============== S U B R O U T I N E =======================================
seg000:5656
seg000:5656
seg000:5656 SETUP_print_Help_change_Data proc near  ; CODE XREF: SETUP_Date↑p SETUP_Time↑p
seg000:5656                 call    SETUP_clear_Help_screen
seg000:5659                 call    SETUP_print_String_below
seg000:5659 ; ---------------------------------------------------------------------------
seg000:565C                 dw Row_23 or Column__3
seg000:565E aChangeData     db '[',18h,',',19h,'] Change data',0
seg000:5670                 dw Row_23 or Column_40
seg000:5672 aNextField      db '[',1Bh,',',1Ah,'] Next field',0
seg000:5683                 dw 0FFFFh
seg000:5685 ; ---------------------------------------------------------------------------
seg000:5685                 mov     si, offset aEnterWriteData ; "[ENTER] Write data"
seg000:5688                 jmp     loc_F05723
seg000:5688 SETUP_print_Help_change_Data endp
seg000:5688
seg000:568B
seg000:568B ; =============== S U B R O U T I N E =======================================
seg000:568B
seg000:568B
seg000:568B SETUP_print_Help_change_Type proc near  ; CODE XREF: SETUP_Drive_A:SETUP_Drive↑p
seg000:568B                 call    SETUP_clear_Help_screen
seg000:568E                 call    SETUP_print_String_below
seg000:568E ; ---------------------------------------------------------------------------
seg000:5691                 dw Row_23 or Column__3
seg000:5693 aChangeType     db '[',18h,',',19h,'] Change type',0 ; DATA XREF: SETUP_print_Help_change_Type_step+8↓o
seg000:56A5                 dw 0FFFFh
seg000:56A7 ; ---------------------------------------------------------------------------
seg000:56A7                 jmp     short loc_F05720
seg000:56A7 SETUP_print_Help_change_Type endp
seg000:56A7
seg000:56A9
seg000:56A9 ; =============== S U B R O U T I N E =======================================
seg000:56A9
seg000:56A9
seg000:56A9 SETUP_print_Help_change_Type_step proc near ; CODE XREF: SETUP_Drive_D:loc_F04A9D↑p
seg000:56A9                 call    SETUP_clear_Help_screen
seg000:56AC                 call    SETUP_print_Offset_below
seg000:56AC ; ---------------------------------------------------------------------------
seg000:56AF                 dw Row_23 or Column__3
seg000:56B1                 dw offset aChangeType   ; "[\x18,\x19] Change type"
seg000:56B3                 dw 0FFFFh
seg000:56B5 ; ---------------------------------------------------------------------------
seg000:56B5                 test    byte ptr ds:40h, 1
seg000:56BA                 jnz     short loc_F056E1
seg000:56BC                 jmp     short loc_F05720
seg000:56BC SETUP_print_Help_change_Type_step endp
seg000:56BC
seg000:56BE
seg000:56BE ; =============== S U B R O U T I N E =======================================
seg000:56BE
seg000:56BE
seg000:56BE SETUP_print_Help_change_Size_step proc near ; CODE XREF: SETUP_Memory_Extended_:SETUP_Memory_↑p
seg000:56BE                 call    SETUP_clear_Help_screen
seg000:56C1                 call    SETUP_print_String_below
seg000:56C1 ; ---------------------------------------------------------------------------
seg000:56C4                 dw Row_23 or Column__3
seg000:56C6 aChangeSize     db '[',18h,',',19h,'] Change size',0
seg000:56D8                 dw 0FFFFh
seg000:56DA ; ---------------------------------------------------------------------------
seg000:56DA                 test    byte ptr ds:40h, 40h
seg000:56DF                 jz      short loc_F05720
seg000:56E1
seg000:56E1 loc_F056E1:                             ; CODE XREF: SETUP_print_Help_change_Type_step+11↑j
seg000:56E1                 call    SETUP_print_String_below
seg000:56E1 ; ---------------------------------------------------------------------------
seg000:56E4                 dw Row_23 or Column_40
seg000:56E6 aChangeStepValu db '[',1Bh,',',1Ah,'] Change step value',0
seg000:56FE                 dw 0FFFFh
seg000:5700 ; ---------------------------------------------------------------------------
seg000:5700                 jmp     short loc_F05720
seg000:5700 SETUP_print_Help_change_Size_step endp
seg000:5700
seg000:5702
seg000:5702 ; =============== S U B R O U T I N E =======================================
seg000:5702
seg000:5702 ; Attributes: noreturn
seg000:5702
seg000:5702 SETUP_print_Help_change_Option proc near ; CODE XREF: SETUP_Video_Adapter_↑p
seg000:5702                 call    SETUP_clear_Help_screen
seg000:5705                 call    SETUP_print_String_below
seg000:5705 ; ---------------------------------------------------------------------------
seg000:5708                 dw Row_23 or Column__3
seg000:570A aChangeOption   db '[',18h,',',19h,'] Change option',0
seg000:571E                 dw 0FFFFh
seg000:5720 ; ---------------------------------------------------------------------------
seg000:5720
seg000:5720 loc_F05720:                             ; CODE XREF: SETUP_print_Help_change_Type+1C↑j SETUP_print_Help_change_Type_step+13↑j ...
seg000:5720                 mov     si, offset aEnterSetData ; "[ENTER] Set data"
seg000:5723
seg000:5723 loc_F05723:                             ; CODE XREF: SETUP_print_Help_change_Data+32↑j
seg000:5723                 push    si
seg000:5724                 call    SETUP_print_Offset_below
seg000:5724 ; ---------------------------------------------------------------------------
seg000:5727                 dw Row_24 or Column__3
seg000:5729                 dw offset aEscQuit      ; "[ESC] Quit"
seg000:572B                 dw 0FFFFh
seg000:572D ; ---------------------------------------------------------------------------
seg000:572D                 pop     si
seg000:572E                 mov     word ptr ds:65h, Row_24 or Column_40
seg000:5734                 call    print_at_es65
seg000:5737                 retn
seg000:5737 ; ---------------------------------------------------------------------------
seg000:5738 aEnterSetData   db '[ENTER] Set data',0 ; DATA XREF: SETUP_print_Help_change_Option:loc_F05720↑o
seg000:5749 aEnterWriteData db '[ENTER] Write data',0 ; DATA XREF: SETUP_print_Help_change_Data+2F↑o
seg000:5749 SETUP_print_Help_change_Option endp
seg000:5749
seg000:575C
seg000:575C ; =============== S U B R O U T I N E =======================================
seg000:575C
seg000:575C
seg000:575C SETUP_print_Divider proc near           ; CODE XREF: sub_F05260+2↑p sub_F05260+7↑p ...
seg000:575C                 push    ax
seg000:575D                 mov     bl, 47
seg000:575F                 mov     al, ':'
seg000:5761                 call    set_cursor_and_print
seg000:5764                 pop     ax
seg000:5765                 retn
seg000:5765 SETUP_print_Divider endp
seg000:5765
seg000:5766
seg000:5766 ; =============== S U B R O U T I N E =======================================
seg000:5766
seg000:5766
seg000:5766 SETUP_print_Date_Time proc near         ; CODE XREF: SETUP_menu:loc_F044E9↑p keyboard_wait_key+7↑p
seg000:5766                 push    ax
seg000:5767                 push    bx
seg000:5768                 push    cx
seg000:5769                 push    dx
seg000:576A                 push    si
seg000:576B                 push    di
seg000:576C                 push    ds
seg000:576D                 push    es
seg000:576E                 mov     ax, cs
seg000:5770                 mov     ds, ax
seg000:5772                 assume ds:nothing
seg000:5772                 mov     es, cs:Sanyo_segment
seg000:5777                 assume es:nothing
seg000:5777
seg000:5777 query_date_loop:                        ; CODE XREF: SETUP_print_Date_Time+16↓j
seg000:5777                 clc
seg000:5778                 mov     ah, 4
seg000:577A                 int     1Ah             ; CLOCK - READ DATE FROM REAL TIME CLOCK (AT,XT286,CONV,PS)
seg000:577A                                         ; Return: DL = day in BCD
seg000:577A                                         ; DH = month in BCD
seg000:577A                                         ; CL = year in BCD
seg000:577A                                         ; CH = century (19h or 20h)
seg000:577C                 jb      short query_date_loop
seg000:577E                 mov     bx, Row__4 or Column_32
seg000:5781                 mov     al, dh
seg000:5783                 call    SETUP_print_BCD
seg000:5786                 add     bx, 2
seg000:5789                 mov     al, '-'
seg000:578B                 call    set_cursor_and_print
seg000:578E                 inc     bx
seg000:578F                 mov     al, dl
seg000:5791                 call    SETUP_print_BCD
seg000:5794                 add     bx, 2
seg000:5797                 mov     al, '-'
seg000:5799                 call    set_cursor_and_print
seg000:579C                 inc     bx
seg000:579D                 mov     al, ch
seg000:579F                 call    SETUP_print_BCD
seg000:57A2                 add     bx, 2
seg000:57A5                 mov     al, cl
seg000:57A7                 call    SETUP_print_BCD
seg000:57AA
seg000:57AA query_time_loop:                        ; CODE XREF: SETUP_print_Date_Time+49↓j
seg000:57AA                 clc
seg000:57AB                 mov     ah, 2
seg000:57AD                 int     1Ah             ; CLOCK - READ REAL TIME CLOCK (AT,XT286,CONV,PS)
seg000:57AD                                         ; Return: CH = hours in BCD
seg000:57AD                                         ; CL = minutes in BCD
seg000:57AD                                         ; DH = seconds in BCD
seg000:57AF                 jb      short query_time_loop
seg000:57B1                 mov     bx, Row__5 or Column_33
seg000:57B4                 mov     al, ch
seg000:57B6                 call    SETUP_print_BCD
seg000:57B9                 add     bx, 2
seg000:57BC                 mov     al, ':'
seg000:57BE                 call    set_cursor_and_print
seg000:57C1                 inc     bx
seg000:57C2                 mov     al, cl
seg000:57C4                 call    SETUP_print_BCD
seg000:57C7                 add     bx, 2
seg000:57CA                 mov     al, ':'
seg000:57CC                 call    set_cursor_and_print
seg000:57CF                 inc     bx
seg000:57D0                 mov     al, dh
seg000:57D2                 call    SETUP_print_BCD
seg000:57D5                 pop     es
seg000:57D6                 assume es:seg000
seg000:57D6                 pop     ds
seg000:57D7                 assume ds:seg000
seg000:57D7                 pop     di
seg000:57D8                 pop     si
seg000:57D9                 pop     dx
seg000:57DA                 pop     cx
seg000:57DB                 pop     bx
seg000:57DC                 pop     ax
seg000:57DD                 retn
seg000:57DD SETUP_print_Date_Time endp
seg000:57DD
seg000:57DE
seg000:57DE ; =============== S U B R O U T I N E =======================================
seg000:57DE
seg000:57DE
seg000:57DE SETUP_print_BCD proc near               ; CODE XREF: SETUP_print_Date+14↑p SETUP_print_Date+2F↑p ...
seg000:57DE                 push    bx
seg000:57DF                 mov     ah, 0
seg000:57E1                 div     byte ptr cs:divider_16
seg000:57E6                 or      ax, 3030h
seg000:57E9                 cmp     ah, '9'
seg000:57EC                 jbe     short loc_F057F1
seg000:57EE                 add     ah, 7
seg000:57F1
seg000:57F1 loc_F057F1:                             ; CODE XREF: SETUP_print_BCD+E↑j
seg000:57F1                 cmp     al, '9'
seg000:57F3                 jbe     short loc_F057F7
seg000:57F5                 add     al, 7
seg000:57F7
seg000:57F7 loc_F057F7:                             ; CODE XREF: SETUP_print_BCD+15↑j
seg000:57F7                 call    set_cursor_and_print
seg000:57FA                 inc     bx
seg000:57FB                 xchg    ah, al
seg000:57FD                 call    set_cursor_and_print
seg000:5800                 mov     byte ptr es:63h, No_Blink or Bg_Black or Fg_Light_Gray
seg000:5806                 pop     bx
seg000:5807                 retn
seg000:5807 ; ---------------------------------------------------------------------------
seg000:5808 divider_16:                             ; DATA XREF: SETUP_print_BCD+3↑r
seg000:5808                 db 16
seg000:5808 SETUP_print_BCD endp
seg000:5808
seg000:5809
seg000:5809 ; =============== S U B R O U T I N E =======================================
seg000:5809
seg000:5809
seg000:5809 SETUP_timer_int_handler proc far        ; DATA XREF: SETUP_menu+3C↑o
seg000:5809                 sti
seg000:580A                 push    ax
seg000:580B                 push    ds
seg000:580C                 mov     ds, cs:Sanyo_segment
seg000:5811                 assume ds:nothing
seg000:5811                 inc     byte ptr ds:7Ah
seg000:5815                 cmp     byte ptr ds:7Ah, 12h
seg000:581A                 jb      short loc_F05826
seg000:581C                 mov     byte ptr ds:7Ah, 0
seg000:5821                 or      byte ptr ds:40h, 80h
seg000:5826
seg000:5826 loc_F05826:                             ; CODE XREF: SETUP_timer_int_handler+11↑j
seg000:5826                 pushf
seg000:5827                 call    dword ptr ds:7Bh
seg000:582B                 pop     ds
seg000:582C                 assume ds:seg000
seg000:582C                 pop     ax
seg000:582D                 iret
seg000:582D SETUP_timer_int_handler endp
seg000:582D
seg000:582D ; ---------------------------------------------------------------------------
seg000:582E                 db 7A9h dup(0)
seg000:5FD7 aUpdateTimeIsWe db 'update time is Wed Jan 11 14:59:37 19896',0
seg000:6000 ; ---------------------------------------------------------------------------
seg000:6000                 call    near ptr sub_F03517
seg000:6003                 nop
seg000:6004                 call    near ptr sub_F03517
seg000:6007                 nop
seg000:6008
seg000:6008 loc_F06008:                             ; DATA XREF: seg000:IVT_Table↑o
seg000:6008                 call    near ptr sub_F03517
seg000:600B                 nop
seg000:600C
seg000:600C loc_F0600C:                             ; DATA XREF: seg000:IVT_Table↑o
seg000:600C                 call    near ptr sub_F03517
seg000:600F                 nop
seg000:6010
seg000:6010 loc_F06010:                             ; DATA XREF: seg000:IVT_Table↑o
seg000:6010                 call    near ptr sub_F03517
seg000:6013                 nop
seg000:6014
seg000:6014 loc_F06014:                             ; DATA XREF: seg000:IVT_Table↑o
seg000:6014                 call    near ptr sub_F03517
seg000:6017                 nop
seg000:6018                 call    near ptr sub_F03517
seg000:601B                 nop
seg000:601C
seg000:601C ; =============== S U B R O U T I N E =======================================
seg000:601C
seg000:601C ; Attributes: noreturn thunk
seg000:601C
seg000:601C sub_F0601C      proc far                ; DATA XREF: seg000:IVT_Table↑o
seg000:601C                 call    near ptr sub_F03517
seg000:601F                 iret
seg000:601F sub_F0601C      endp
seg000:601F
seg000:6020 ; ---------------------------------------------------------------------------
seg000:6020                 jmp     loc_F00D02
seg000:6023 ; ---------------------------------------------------------------------------
seg000:6023                 nop
seg000:6024                 jmp     near ptr PIC2_NON_SPECIFIC_EOI
seg000:6027 ; ---------------------------------------------------------------------------
seg000:6027                 nop
seg000:6028                 call    near ptr sub_F03517
seg000:602B                 nop
seg000:602C                 call    near ptr sub_F03517
seg000:602F                 nop
seg000:6030                 call    near ptr sub_F03517
seg000:6033                 nop
seg000:6034                 jmp     near ptr sub_F034F5
seg000:6037 ; ---------------------------------------------------------------------------
seg000:6037                 nop
seg000:6038                 call    near ptr sub_F03517
seg000:603B                 nop
seg000:603C                 call    near ptr sub_F03517
seg000:603F                 nop
seg000:6040                 jmp     near ptr j_PARITY_ERROR
seg000:6043 ; ---------------------------------------------------------------------------
seg000:6043                 jmp     short near ptr sub_F06060
seg000:6045 ; ---------------------------------------------------------------------------
seg000:6045                 nop
seg000:6046                 nop
seg000:6047                 nop
seg000:6048                 retf
seg000:6049
seg000:6049 ; =============== S U B R O U T I N E =======================================
seg000:6049
seg000:6049
seg000:6049 Ctrl_Alt_DEL_handler proc far           ; CODE XREF: int_09h_keyboard_handler+142↑j
seg000:6049                 mov     al, IO_Port_PIC_Cmd_NON_SPECIFIC_EOI
seg000:604B                 out     IO_Port_20h_PIC1_Command, al
seg000:604D                 jmp     short reset_vector
seg000:604D Ctrl_Alt_DEL_handler endp
seg000:604D
seg000:604D ; ---------------------------------------------------------------------------
seg000:604F                 db    0
seg000:6050 ; ---------------------------------------------------------------------------
seg000:6050                 jmp     sub_F06055
seg000:6055
seg000:6055 ; =============== S U B R O U T I N E =======================================
seg000:6055
seg000:6055
seg000:6055 sub_F06055      proc far                ; CODE XREF: seg000:6050↑J
seg000:6055                 push    ds
seg000:6056                 mov     ds, cs:BDA_Segment
seg000:605B                 assume ds:nothing
seg000:605B
seg000:605B reset_vector:                           ; CODE XREF: Ctrl_Alt_DEL_handler+4↑j seg000:7FF0↓J
seg000:605B                 jmp     ColdWarm_Boot_
seg000:605B sub_F06055      endp
seg000:605B
seg000:6060
seg000:6060 ; =============== S U B R O U T I N E =======================================
seg000:6060
seg000:6060 ; Attributes: thunk
seg000:6060
seg000:6060 sub_F06060      proc far                ; CODE XREF: seg000:6043↑j
seg000:6060                 jmp     sub_F0344A
seg000:6060 sub_F06060      endp
seg000:6060
seg000:6060 ; ---------------------------------------------------------------------------
seg000:6065                 db 25Eh dup(0)
seg000:62C3
seg000:62C3 ; =============== S U B R O U T I N E =======================================
seg000:62C3
seg000:62C3 ; Attributes: thunk
seg000:62C3
seg000:62C3 j_PARITY_ERROR  proc far                ; CODE XREF: seg000:6040↑j
seg000:62C3                                         ; DATA XREF: seg000:IVT_Table↑o
seg000:62C3                 jmp     PARITY_ERROR
seg000:62C3 j_PARITY_ERROR  endp
seg000:62C3
seg000:62C3 ; ---------------------------------------------------------------------------
seg000:62C8                 db 139h dup(0)
seg000:6401 FDPTs           FDPT <306, 4, 0, 128, 0, 0, 0, 0, 0, 305, 17, 0>; 0
seg000:6411                 FDPT <612, 4, 0, 613, 0, 0, 0, 0, 0, 662, 17, 0>; 1
seg000:6421                 FDPT <612, 4, 0, 256, 0, 0, 0, 0, 0, 672, 17, 0>; 2
seg000:6431                 FDPT <615, 8, 0, 128, 0, 0, 0, 0, 0, 664, 17, 0>; 3
seg000:6441                 FDPT <612, 2, 0, 613, 0, 0, 0, 0, 0, 611, 17, 0>; 4
seg000:6451                 FDPT <1024, 3, 0, 1025, 0, 0, 0, 0, 0, 1023, 17, 0>; 5
seg000:6461                 FDPT <1024, 5, 0, 1025, 0, 0, 0, 0, 0, 1023, 17, 0>; 6
seg000:6471                 FDPT <320, 6, 0, 321, 0, 0, 0, 0, 0, 319, 17, 0>; 7
seg000:6481                 FDPT <754, 7, 0, 755, 0, 0, 0, 0, 0, 753, 17, 0>; 8
seg000:6491                 FDPT <1024, 8, 0, 1025, 0, 8, 0, 0, 0, 1023, 17, 0>; 9
seg000:64A1                 FDPT <830, 10, 0, 512, 0, 8, 0, 0, 0, 829, 17, 0>; 10
seg000:64B1                 FDPT <754, 11, 0, 755, 0, 8, 0, 0, 0, 753, 17, 0>; 11
seg000:64C1                 FDPT <900, 15, 0, 901, 0, 8, 0, 0, 0, 899, 17, 0>; 12
seg000:64D1                 FDPT <733, 7, 0, 512, 0, 0, 0, 0, 0, 732, 17, 0FFh>; 13
seg000:64E1                 FDPT <65535, 255, 65535, 65535, 0FFh, 0FFh, 255, 255, 255, 255, 255, 2>; 14
seg000:64F1                 FDPT <128, 4, 44, 256, 0, 0, 0, 0, 2, 128, 17, 2>; 15
seg000:6501                 FDPT <128, 6, 44, 256, 0, 0, 0, 0, 2, 128, 17, 2>; 16
seg000:6511                 FDPT <183, 5, 183, 512, 0, 0, 0, 0, 2, 183, 17, 2>; 17
seg000:6521                 FDPT <221, 5, 221, 512, 0, 0, 0, 0, 2, 221, 17, 2>; 18
seg000:6531                 FDPT <221, 7, 221, 512, 0, 0, 0, 0, 2, 221, 17, 3>; 19
seg000:6541                 FDPT <41, 6, 41, 768, 0, 0, 0, 0, 3, 84, 17, 3>; 20
seg000:6551                 FDPT <52, 6, 52, 768, 0, 0, 0, 0, 3, 52, 17, 3>; 21
seg000:6561                 FDPT <62, 5, 144, 256, 0, 0, 0, 0, 3, 62, 17, 3>; 22
seg000:6571                 FDPT <150, 7, 105, 768, 0, 0, 0, 0, 3, 150, 17, 3>; 23
seg000:6581                 FDPT <150, 11, 150, 768, 0, 8, 0, 0, 3, 255, 17, 3>; 24
seg000:6591                 FDPT <209, 5, 209, 768, 0, 0, 0, 0, 3, 209, 17, 4>; 25
seg000:65A1                 FDPT <0, 7, 0, 1024, 0, 0, 0, 0, 3, 255, 17, 4>; 26
seg000:65B1                 FDPT <0, 9, 0, 1024, 0, 8, 0, 0, 4, 0, 17, 4>; 27
seg000:65C1                 FDPT <0, 11, 0, 1024, 0, 8, 0, 0, 3, 255, 17, 4>; 28
seg000:65D1                 FDPT <0, 15, 0, 1024, 0, 8, 0, 0, 3, 65535, 17, 0FFh>; 29
seg000:65E1                 FDPT <65535, 255, 65535, 65535, 0FFh, 0FFh, 255, 255, 255, 255, 255, 2>; 30
seg000:65F1                 FDPT <187, 7, 0, 256, 0, 0, 0, 0, 2, 50107, 17, 0>; 31
seg000:6601                 FDPT <754, 4, 0, 754, 0, 0, 0, 0, 0, 755, 17, 0>; 32
seg000:6611                 FDPT <830, 3, 0, 400, 0, 0, 0, 0, 0, 829, 17, 0>; 33
seg000:6621                 FDPT <830, 6, 0, 400, 0, 0, 0, 0, 0, 829, 17, 0>; 34
seg000:6631                 FDPT <830, 7, 0, 512, 0, 0, 0, 0, 0, 830, 17, 0>; 35
seg000:6641                 FDPT <733, 5, 0, 300, 0, 0, 0, 0, 0, 733, 17, 0>; 36
seg000:6651                 FDPT <987, 5, 0, 987, 0, 0, 0, 0, 0, 987, 17, 0>; 37
seg000:6661                 FDPT <987, 7, 0, 987, 0, 0, 0, 0, 0, 987, 17, 0>; 38
seg000:6671                 FDPT <823, 10, 0, 512, 0, 8, 0, 0, 0, 823, 17, 0>; 39
seg000:6681                 FDPT <512, 3, 0, 512, 0, 0, 0, 0, 0, 512, 17, 0>; 40
seg000:6691                 FDPT <512, 4, 0, 512, 0, 0, 0, 0, 0, 512, 17, 0>; 41
seg000:66A1                 FDPT <512, 5, 0, 512, 0, 0, 0, 0, 0, 512, 17, 0>; 42
seg000:66B1                 FDPT <512, 6, 0, 512, 0, 0, 0, 0, 0, 512, 17, 0>; 43
seg000:66C1                 FDPT <640, 8, 0, 0, 0, 8, 0, 0, 0, 640, 17, 0>; 44
seg000:66D1                 FDPT <615, 8, 0, 615, 0, 0, 0, 0, 0, 615, 17, 0>; 45
seg000:66E1                 FDPT <0>
seg000:66F1                 db    0
seg000:66F2 ; ---------------------------------------------------------------------------
seg000:66F2
seg000:66F2 jump_Bootstrap:                         ; DATA XREF: seg000:IVT_Table↑o
seg000:66F2                 jmp     short near ptr j_Bootstrap
seg000:66F2 ; ---------------------------------------------------------------------------
seg000:66F4                 db  90h
seg000:66F5                 system_descriptor_table <8, 0FCh, 1, 0, int15h_C0h_Features_PC_bus or int15h_C0h_Features_RTC or int15h_C0h_Features_second_PIC or int15h_C0h_Features_HDD_DMA3,\
seg000:66F5                                          <0, 0, 0, 0>>
seg000:66FF                 db 20h dup(0)
seg000:671F
seg000:671F ; =============== S U B R O U T I N E =======================================
seg000:671F
seg000:671F ; Attributes: noreturn thunk
seg000:671F
seg000:671F j_Bootstrap     proc far                ; CODE XREF: seg000:jump_Bootstrap↑j
seg000:671F                 jmp     Bootstrap
seg000:671F j_Bootstrap     endp
seg000:671F
seg000:671F ; ---------------------------------------------------------------------------
seg000:6724                 db    0
seg000:6725                 db    0
seg000:6726                 db    0
seg000:6727                 db    0
seg000:6728                 db    0
seg000:6729                 db  17h
seg000:672A                 db    4
seg000:672B                 db    0
seg000:672C                 db    3
seg000:672D                 db  80h
seg000:672E                 db    1
seg000:672F                 db 0C0h
seg000:6730                 db    0
seg000:6731                 db  60h ; `
seg000:6732                 db    0
seg000:6733                 db  30h ; 0
seg000:6734                 db    0
seg000:6735                 db  18h
seg000:6736                 db    0
seg000:6737                 db  0Ch
seg000:6738                 db    0
seg000:6739
seg000:6739 ; =============== S U B R O U T I N E =======================================
seg000:6739
seg000:6739 ; Attributes: noreturn thunk
seg000:6739
seg000:6739 j_int_14h_serial proc near              ; DATA XREF: seg000:IVT_Table↑o
seg000:6739                 jmp     far ptr int_14h_serial
seg000:6739 j_int_14h_serial endp
seg000:6739
seg000:6739 ; ---------------------------------------------------------------------------
seg000:673E                 db 0F0h dup(0)
seg000:682E
seg000:682E ; =============== S U B R O U T I N E =======================================
seg000:682E
seg000:682E ; Attributes: noreturn thunk
seg000:682E
seg000:682E j_int_16h_keyboard proc near            ; DATA XREF: seg000:IVT_Table↑o
seg000:682E                 jmp     far ptr int_16h_keyboard
seg000:682E j_int_16h_keyboard endp
seg000:682E
seg000:682E ; ---------------------------------------------------------------------------
seg000:6833                 db 154h dup(0)
seg000:6987
seg000:6987 ; =============== S U B R O U T I N E =======================================
seg000:6987
seg000:6987 ; Attributes: noreturn thunk
seg000:6987
seg000:6987 j_int_09h_IRQ1_keyboard proc near       ; DATA XREF: seg000:IVT_Table↑o
seg000:6987                 jmp     far ptr int_09h_IRQ1_keyboard
seg000:6987 j_int_09h_IRQ1_keyboard endp
seg000:6987
seg000:6987 ; ---------------------------------------------------------------------------
seg000:698C                 db 2CDh dup(0)
seg000:6C59
seg000:6C59 ; =============== S U B R O U T I N E =======================================
seg000:6C59
seg000:6C59 ; Attributes: thunk
seg000:6C59
seg000:6C59 j_int_13h_diskIO proc near              ; DATA XREF: seg000:IVT_Table↑o
seg000:6C59                 jmp     far ptr int_13h_diskIO
seg000:6C59 j_int_13h_diskIO endp
seg000:6C59
seg000:6C59 ; ---------------------------------------------------------------------------
seg000:6C5E                 db 2F8h dup(0)
seg000:6F56                 db 0EAh
seg000:6F57
seg000:6F57 ; =============== S U B R O U T I N E =======================================
seg000:6F57
seg000:6F57 ; Attributes: thunk
seg000:6F57
seg000:6F57 j_int_0Eh_IRQ6_FDC proc far             ; DATA XREF: seg000:IVT_Table↑o
seg000:6F57                 jmp     int_0Eh_IRQ6_FDC
seg000:6F57 j_int_0Eh_IRQ6_FDC endp
seg000:6F57
seg000:6F57 ; ---------------------------------------------------------------------------
seg000:6F5C                 db 6Bh dup(0)
seg000:6FC7 Diskette_Parameter_Table DPT <DPT_step_rate_1ms or DPT_head_unload_208ms, DPT_DMA_Mode or DPT_head_load_2ms, 37, DPT_bytes_per_sector_512, DPT_sectors_per_track_15, 27, 255, 84, 0F6h, \
seg000:6FC7                                         ; DATA XREF: Bootstrap+6↑o seg000:IVT_Table↑o
seg000:6FC7                      0, 0>
seg000:6FD2
seg000:6FD2 ; =============== S U B R O U T I N E =======================================
seg000:6FD2
seg000:6FD2 ; Attributes: noreturn thunk
seg000:6FD2
seg000:6FD2 j_int_17h_printing proc near            ; DATA XREF: seg000:IVT_Table↑o
seg000:6FD2                 jmp     far ptr int_17h_printing
seg000:6FD2 j_int_17h_printing endp
seg000:6FD2
seg000:6FD2 ; ---------------------------------------------------------------------------
seg000:6FD7                 db 8Eh dup(0)
seg000:7065
seg000:7065 ; =============== S U B R O U T I N E =======================================
seg000:7065
seg000:7065 ; Attributes: noreturn thunk
seg000:7065
seg000:7065 j_int_10h_video_ proc near              ; DATA XREF: seg000:IVT_Table↑o
seg000:7065                 jmp     far ptr int_10h_video_
seg000:7065 j_int_10h_video_ endp
seg000:7065
seg000:7065 ; ---------------------------------------------------------------------------
seg000:706A                 db 3Ah dup(0)
seg000:70A4 cga_40x25       Video_timing_table <56, 40, 45, 10, 31, 6, 25, 28, 2, 7, 6, 7, <0, 0, 0, 0>> ; DATA XREF: init_video+F↑o seg000:IVT_Table↑o
seg000:70B4 cga_80x25       Video_timing_table <113, 80, 90, 10, 31, 6, 25, 28, 2, 7, 6, 7, <0, 0, 0, 0>> ; DATA XREF: ColdWarm_Boot+106↑o
seg000:70C4 CGA_mode456     Video_timing_table <56, 40, 45, 10, 127, 6, 100, 112, 2, 1, 6, 7, <0, 0, 0, 0>>
seg000:70D4 MDA_mode7       Video_timing_table <97, 80, 82, 15, 25, 6, 25, 25, 2, 13, 11, 12, <0, 0, 0, 0>> ; DATA XREF: ColdWarm_Boot:loc_F000FA↑o
seg000:70E4
seg000:70E4 ; =============== S U B R O U T I N E =======================================
seg000:70E4
seg000:70E4
seg000:70E4 int_12h_ram_size proc far               ; CODE XREF: j_int_12h_ram_size↓J
seg000:70E4                 push    ds
seg000:70E5                 mov     ds, cs:BDA_Segment
seg000:70EA                 mov     ax, ds:BDA_13h_memory_size_kb
seg000:70ED                 pop     ds
seg000:70EE                 assume ds:seg000
seg000:70EE                 iret
seg000:70EE int_12h_ram_size endp
seg000:70EE
seg000:70EF
seg000:70EF ; =============== S U B R O U T I N E =======================================
seg000:70EF
seg000:70EF
seg000:70EF int_11h_BIOS_Equipment_Flags proc far   ; CODE XREF: j_int_11h_BIOS_Equipment_Flags↓J
seg000:70EF                 push    ds
seg000:70F0                 mov     ds, cs:BDA_Segment
seg000:70F5                 assume ds:nothing
seg000:70F5                 mov     ax, ds:BDA_10h_equipment_list
seg000:70F8                 pop     ds
seg000:70F9                 assume ds:seg000
seg000:70F9                 iret
seg000:70F9 int_11h_BIOS_Equipment_Flags endp
seg000:70F9
seg000:70F9 ; ---------------------------------------------------------------------------
seg000:70FA                 db 746h dup(0)
seg000:7840                 db 0EBh
seg000:7841
seg000:7841 ; =============== S U B R O U T I N E =======================================
seg000:7841
seg000:7841 ; Attributes: thunk
seg000:7841
seg000:7841 j_int_12h_ram_size proc far             ; DATA XREF: seg000:IVT_Table↑o
seg000:7841                 jmp     int_12h_ram_size
seg000:7841 j_int_12h_ram_size endp
seg000:7841
seg000:7841 ; ---------------------------------------------------------------------------
seg000:7846                 db    0
seg000:7847                 db    0
seg000:7848                 db    0
seg000:7849                 db    0
seg000:784A                 db    0
seg000:784B                 db 0E9h
seg000:784C                 db 0EAh
seg000:784D
seg000:784D ; =============== S U B R O U T I N E =======================================
seg000:784D
seg000:784D ; Attributes: thunk
seg000:784D
seg000:784D j_int_11h_BIOS_Equipment_Flags proc far ; DATA XREF: seg000:IVT_Table↑o
seg000:784D                 jmp     int_11h_BIOS_Equipment_Flags
seg000:784D j_int_11h_BIOS_Equipment_Flags endp
seg000:784D
seg000:784D ; ---------------------------------------------------------------------------
seg000:7852                 db    0
seg000:7853                 db    0
seg000:7854                 db    0
seg000:7855                 db    0
seg000:7856                 db    0
seg000:7857                 db 0EBh
seg000:7858                 db 0ECh
seg000:7859
seg000:7859 ; =============== S U B R O U T I N E =======================================
seg000:7859
seg000:7859 ; Attributes: thunk
seg000:7859
seg000:7859 j_int_15h_system proc far               ; DATA XREF: seg000:IVT_Table↑o
seg000:7859                 jmp     int_15h_system
seg000:7859 j_int_15h_system endp
seg000:7859
seg000:7859 ; ---------------------------------------------------------------------------
seg000:785E                 db 0F9h
seg000:785F                 db 0FBh
seg000:7860                 db 0CAh
seg000:7861                 db    2
seg000:7862                 db    0
seg000:7863                 db  40h ; @
seg000:7864                 db    0
seg000:7865
seg000:7865 ; =============== S U B R O U T I N E =======================================
seg000:7865
seg000:7865
seg000:7865 PIC2_NON_SPECIFIC_EOI proc far          ; CODE XREF: seg000:6024↑j
seg000:7865                 push    ax
seg000:7866                 mov     al, IO_Port_PIC_Cmd_NON_SPECIFIC_EOI
seg000:7868                 out     IO_Port_A0h_PIC2_Command, al
seg000:786A                 pop     ax
seg000:786B                 int     0Ah             ;  - IRQ2 - EGA VERTICAL RETRACE
seg000:786D                 iret
seg000:786D PIC2_NON_SPECIFIC_EOI endp
seg000:786D
seg000:786E
seg000:786E ; =============== S U B R O U T I N E =======================================
seg000:786E
seg000:786E
seg000:786E check_scancode_in_table proc near       ; CODE XREF: int_09h_keyboard_handler+EE↑p int_09h_keyboard_handler+FB↑p ...
seg000:786E                 mov     cx, cs:[di]
seg000:7871                 inc     di
seg000:7872
seg000:7872 compare_scancode_loop:                  ; CODE XREF: check_scancode_in_table+10↓j
seg000:7872                 inc     di
seg000:7873                 cmp     al, cs:[di]
seg000:7876                 jb      short error
seg000:7878                 inc     di
seg000:7879                 cmp     al, cs:[di]
seg000:787C                 jbe     short end
seg000:787E                 loop    compare_scancode_loop
seg000:7880
seg000:7880 error:                                  ; CODE XREF: check_scancode_in_table+8↑j
seg000:7880                 stc
seg000:7881                 retn
seg000:7882 ; ---------------------------------------------------------------------------
seg000:7882
seg000:7882 end:                                    ; CODE XREF: check_scancode_in_table+E↑j
seg000:7882                 clc
seg000:7883                 retn
seg000:7883 check_scancode_in_table endp
seg000:7883
seg000:7884
seg000:7884 ; =============== S U B R O U T I N E =======================================
seg000:7884
seg000:7884
seg000:7884 call_IVT_off_BX_with_AX proc near       ; CODE XREF: call_int15h_disk+9↑p FDD_wait_motor_ready+B↑p ...
seg000:7884                 push    ds
seg000:7885                 mov     ds, cs:IVT_segment
seg000:788A                 assume ds:nothing
seg000:788A                 pushf
seg000:788B                 call    dword ptr [bx]
seg000:788D                 pop     ds
seg000:788E                 assume ds:seg000
seg000:788E                 retn
seg000:788E call_IVT_off_BX_with_AX endp
seg000:788E
seg000:788E ; ---------------------------------------------------------------------------
seg000:788F                 db 1DDh dup(0)
seg000:7A6C                 db 0E3h
seg000:7A6D                 db    0
seg000:7A6E bios_8x8_font   db 00000000b, 00000000b, 00000000b, 00000000b, 00000000b, 00000000b, 00000000b, 00000000b ; DATA XREF: seg000:IVT_Table↑o
seg000:7A76                 db 01111100b, 11000110b, 10101010b, 10000010b, 10111010b, 11000110b, 01111100b, 00000000b
seg000:7A7E                 db 01111100b, 11111110b, 11010110b, 11111110b, 11000110b, 11111110b, 01111100b, 00000000b
seg000:7A86                 db 01101100b, 11111110b, 11111110b, 11111110b, 01111100b, 00111000b, 00010000b, 00000000b
seg000:7A8E                 db 00010000b, 00111000b, 01111100b, 11111110b, 01111100b, 00111000b, 00010000b, 00000000b
seg000:7A96                 db 00111000b, 01111100b, 00111000b, 11111110b, 11010110b, 00111000b, 01111100b, 00000000b
seg000:7A9E                 db 00010000b, 00111000b, 01111100b, 11111110b, 11010110b, 00111000b, 01111100b, 00000000b
seg000:7AA6                 db 00000000b, 00000000b, 00111100b, 01111110b, 01111110b, 00111100b, 00000000b, 00000000b
seg000:7AAE                 db 11111111b, 11111111b, 11000011b, 10000001b, 10000001b, 11000011b, 11111111b, 11111111b
seg000:7AB6                 db 00000000b, 00111100b, 01000010b, 01000010b, 01000010b, 00111100b, 00000000b, 00000000b
seg000:7ABE                 db 11111111b, 11000011b, 10111101b, 10111101b, 10111101b, 11000011b, 11111111b, 11111111b
seg000:7AC6                 db 00011111b, 00000111b, 00011111b, 01111101b, 11001101b, 11001100b, 11001100b, 01111000b
seg000:7ACE                 db 00111100b, 01100110b, 01100110b, 01100110b, 00111100b, 00011000b, 01111110b, 00011000b
seg000:7AD6                 db 00111000b, 00111100b, 00110110b, 00110010b, 00110010b, 01110000b, 11110000b, 11100000b
seg000:7ADE                 db 01111110b, 01100110b, 01111110b, 01100110b, 01100110b, 01101110b, 11101100b, 11000000b
seg000:7AE6                 db 10010010b, 01111100b, 01101100b, 11000110b, 01101100b, 01111100b, 10010010b, 00000000b
seg000:7AEE                 db 10000000b, 11100000b, 11111000b, 11111110b, 11111000b, 11100000b, 10000000b, 00000000b
seg000:7AF6                 db 00000010b, 00001110b, 00111110b, 11111110b, 00111110b, 00001110b, 00000010b, 00000000b
seg000:7AFE                 db 00011000b, 00111100b, 01111110b, 00011000b, 00011000b, 01111110b, 00111100b, 00011000b
seg000:7B06                 db 01101100b, 01101100b, 01101100b, 01101100b, 00000000b, 01101100b, 01101100b, 00000000b
seg000:7B0E                 db 01111110b, 10110110b, 10110110b, 01110110b, 00110110b, 00110110b, 00110110b, 00000000b
seg000:7B16                 db 00111100b, 01100000b, 00111000b, 01101100b, 00111000b, 00001100b, 01111000b, 00000000b
seg000:7B1E                 db 00000000b, 00000000b, 00000000b, 01111110b, 01111110b, 01111110b, 00000000b, 00000000b
seg000:7B26                 db 00011000b, 00111100b, 01111110b, 00011000b, 01111110b, 00111100b, 00011000b, 01111110b
seg000:7B2E                 db 00011000b, 00111100b, 01111110b, 00011000b, 00011000b, 00011000b, 00011000b, 00000000b
seg000:7B36                 db 00011000b, 00011000b, 00011000b, 00011000b, 01111110b, 00111100b, 00011000b, 00000000b
seg000:7B3E                 db 00000000b, 00001000b, 00001100b, 11111110b, 00001100b, 00001000b, 00000000b, 00000000b
seg000:7B46                 db 00000000b, 00100000b, 01100000b, 11111110b, 01100000b, 00100000b, 00000000b, 00000000b
seg000:7B4E                 db 00000000b, 00000000b, 01100000b, 01100000b, 01100000b, 01111110b, 00000000b, 00000000b
seg000:7B56                 db 00000000b, 00100100b, 01100110b, 11111111b, 01100110b, 00100100b, 00000000b, 00000000b
seg000:7B5E                 db 00010000b, 00010000b, 00111000b, 00111000b, 01111100b, 01111100b, 11111110b, 00000000b
seg000:7B66                 db 11111110b, 01111100b, 01111100b, 00111000b, 00111000b, 00010000b, 00010000b, 00000000b
seg000:7B6E                 db 00000000b, 00000000b, 00000000b, 00000000b, 00000000b, 00000000b, 00000000b, 00000000b
seg000:7B76                 db 00110000b, 01111000b, 01111000b, 00110000b, 00110000b, 00000000b, 00110000b, 00000000b
seg000:7B7E                 db 01100110b, 01100110b, 00100010b, 01000100b, 00000000b, 00000000b, 00000000b, 00000000b
seg000:7B86                 db 01101100b, 01101100b, 11111110b, 01101100b, 11111110b, 01101100b, 01101100b, 00000000b
seg000:7B8E                 db 00110000b, 01111100b, 11010000b, 01111100b, 00010110b, 01111100b, 00110000b, 00000000b
seg000:7B96                 db 00000010b, 01100110b, 01101100b, 00011000b, 00110000b, 01100110b, 11000110b, 00000000b
seg000:7B9E                 db 00111000b, 01101100b, 00111000b, 01110000b, 11011010b, 11001100b, 01111010b, 00000000b
seg000:7BA6                 db 00011000b, 00011000b, 00010000b, 00100000b, 00000000b, 00000000b, 00000000b, 00000000b
seg000:7BAE                 db 00011000b, 00110000b, 01100000b, 01100000b, 01100000b, 00110000b, 00011000b, 00000000b
seg000:7BB6                 db 01100000b, 00110000b, 00011000b, 00011000b, 00011000b, 00110000b, 01100000b, 00000000b
seg000:7BBE                 db 00000000b, 00010000b, 01010100b, 00111000b, 00111000b, 01010100b, 00010000b, 00000000b
seg000:7BC6                 db 00000000b, 00011000b, 00011000b, 01111110b, 00011000b, 00011000b, 00000000b, 00000000b
seg000:7BCE                 db 00000000b, 00000000b, 00000000b, 00000000b, 00110000b, 00110000b, 00010000b, 00100000b
seg000:7BD6                 db 00000000b, 00000000b, 00000000b, 01111110b, 00000000b, 00000000b, 00000000b, 00000000b
seg000:7BDE                 db 00000000b, 00000000b, 00000000b, 00000000b, 00000000b, 00110000b, 00110000b, 00000000b
seg000:7BE6                 db 00000010b, 00000110b, 00001100b, 00011000b, 00110000b, 01100000b, 11000000b, 00000000b
seg000:7BEE                 db 01111100b, 11000110b, 11000110b, 11010110b, 11000110b, 11000110b, 01111100b, 00000000b
seg000:7BF6                 db 00011000b, 00111000b, 01111000b, 00011000b, 00011000b, 00011000b, 01111110b, 00000000b
seg000:7BFE                 db 00111100b, 01100110b, 01100110b, 00001100b, 00011000b, 00110000b, 01111110b, 00000000b
seg000:7C06                 db 01111110b, 01100110b, 00001100b, 00011100b, 00000110b, 01100110b, 00111100b, 00000000b
seg000:7C0E                 db 00011100b, 00111100b, 01101100b, 11001100b, 11111110b, 00001100b, 00011110b, 00000000b
seg000:7C16                 db 01111110b, 01100000b, 01111100b, 00000110b, 00000110b, 01100110b, 00111100b, 00000000b
seg000:7C1E                 db 00111100b, 01100110b, 01100000b, 01111100b, 01100110b, 01100110b, 00111100b, 00000000b
seg000:7C26                 db 01111110b, 01100110b, 00000110b, 00001100b, 00011000b, 00110000b, 00110000b, 00000000b
seg000:7C2E                 db 00111100b, 01100110b, 01100110b, 00111100b, 01100110b, 01100110b, 00111100b, 00000000b
seg000:7C36                 db 00111100b, 01100110b, 01100110b, 00111110b, 00000110b, 01100110b, 00111100b, 00000000b
seg000:7C3E                 db 00000000b, 00011000b, 00011000b, 00000000b, 00000000b, 00011000b, 00011000b, 00000000b
seg000:7C46                 db 00000000b, 00011000b, 00011000b, 00000000b, 00011000b, 00011000b, 00001000b, 00010000b
seg000:7C4E                 db 00001100b, 00011000b, 00110000b, 01100000b, 00110000b, 00011000b, 00001100b, 00000000b
seg000:7C56                 db 00000000b, 00000000b, 01111110b, 00000000b, 01111110b, 00000000b, 00000000b, 00000000b
seg000:7C5E                 db 01100000b, 00110000b, 00011000b, 00001100b, 00011000b, 00110000b, 01100000b, 00000000b
seg000:7C66                 db 00111100b, 01100110b, 01100110b, 00001100b, 00011000b, 00000000b, 00011000b, 00000000b
seg000:7C6E                 db 01111100b, 11000110b, 00000110b, 01110110b, 11001110b, 11001110b, 01111100b, 00000000b
seg000:7C76                 db 00011000b, 00111100b, 01100110b, 01100110b, 01111110b, 01100110b, 01100110b, 00000000b
seg000:7C7E                 db 11111100b, 01100110b, 01100110b, 01111100b, 01100110b, 01100110b, 11111100b, 00000000b
seg000:7C86                 db 00111100b, 01100110b, 01100000b, 01100000b, 01100000b, 01100110b, 00111100b, 00000000b
seg000:7C8E                 db 11111000b, 01101100b, 01100110b, 01100110b, 01100110b, 01101100b, 11111000b, 00000000b
seg000:7C96                 db 11111110b, 01100110b, 01100000b, 01111100b, 01100000b, 01100110b, 11111110b, 00000000b
seg000:7C9E                 db 11111110b, 01100110b, 01100000b, 01111100b, 01100000b, 01100000b, 11110000b, 00000000b
seg000:7CA6                 db 00111100b, 01100110b, 01100000b, 01101110b, 01100110b, 01100110b, 00111110b, 00000000b
seg000:7CAE                 db 01100110b, 01100110b, 01100110b, 01111110b, 01100110b, 01100110b, 01100110b, 00000000b
seg000:7CB6                 db 00111100b, 00011000b, 00011000b, 00011000b, 00011000b, 00011000b, 00111100b, 00000000b
seg000:7CBE                 db 00111110b, 00001100b, 00001100b, 00001100b, 00001100b, 11001100b, 01111000b, 00000000b
seg000:7CC6                 db 11100110b, 01101100b, 01111000b, 01101100b, 01100110b, 01100110b, 11100110b, 00000000b
seg000:7CCE                 db 11110000b, 01100000b, 01100000b, 01100000b, 01100000b, 01100110b, 11111110b, 00000000b
seg000:7CD6                 db 10000010b, 11000110b, 11101110b, 11111110b, 11010110b, 11000110b, 11000110b, 00000000b
seg000:7CDE                 db 11000110b, 11100110b, 11110110b, 11011110b, 11001110b, 11000110b, 11000110b, 00000000b
seg000:7CE6                 db 01111100b, 11000110b, 11000110b, 11000110b, 11000110b, 11000110b, 01111100b, 00000000b
seg000:7CEE                 db 11111100b, 01100110b, 01100110b, 01111100b, 01100000b, 01100000b, 11110000b, 00000000b
seg000:7CF6                 db 00111100b, 01100110b, 01100110b, 01100110b, 01110110b, 01101100b, 00111010b, 00000000b
seg000:7CFE                 db 11111100b, 01100110b, 01100110b, 01111100b, 01101100b, 01100110b, 11110110b, 00000000b
seg000:7D06                 db 00111110b, 01100110b, 01100000b, 00111100b, 00000110b, 01100110b, 01111100b, 00000000b
seg000:7D0E                 db 01111110b, 01011010b, 00011000b, 00011000b, 00011000b, 00011000b, 00111100b, 00000000b
seg000:7D16                 db 01100110b, 01100110b, 01100110b, 01100110b, 01100110b, 01100110b, 00111100b, 00000000b
seg000:7D1E                 db 11000110b, 11000110b, 11000110b, 01101100b, 01101100b, 00111000b, 00010000b, 00000000b
seg000:7D26                 db 11000110b, 11000110b, 11010110b, 11111110b, 11101110b, 11000110b, 10000010b, 00000000b
seg000:7D2E                 db 11000110b, 11000110b, 01101100b, 00111000b, 01101100b, 11000110b, 11000110b, 00000000b
seg000:7D36                 db 01100110b, 01100110b, 00111100b, 00011000b, 00011000b, 00011000b, 00111100b, 00000000b
seg000:7D3E                 db 01111110b, 01100110b, 00001100b, 00111100b, 00110000b, 01100110b, 01111110b, 00000000b
seg000:7D46                 db 01111100b, 01100000b, 01100000b, 01100000b, 01100000b, 01100000b, 01111100b, 00000000b
seg000:7D4E                 db 10000000b, 11000000b, 01100000b, 00110000b, 00011000b, 00001100b, 00000110b, 00000000b
seg000:7D56                 db 01111100b, 00001100b, 00001100b, 00001100b, 00001100b, 00001100b, 01111100b, 00000000b
seg000:7D5E                 db 00010000b, 00111000b, 01101100b, 11000110b, 00000000b, 00000000b, 00000000b, 00000000b
seg000:7D66                 db 00000000b, 00000000b, 00000000b, 00000000b, 00000000b, 00000000b, 00000000b, 11111111b
seg000:7D6E                 db 00011000b, 00011000b, 00001000b, 00000100b, 00000000b, 00000000b, 00000000b, 00000000b
seg000:7D76                 db 00000000b, 00000000b, 01111000b, 00001100b, 01111100b, 11001100b, 01111010b, 00000000b
seg000:7D7E                 db 01100000b, 01100000b, 01111100b, 01100110b, 01100110b, 01100110b, 01011100b, 00000000b
seg000:7D86                 db 00000000b, 00000000b, 00111100b, 01100110b, 01100000b, 01100110b, 00111100b, 00000000b
seg000:7D8E                 db 00000110b, 00000110b, 00111110b, 01100110b, 01100110b, 01100110b, 00111010b, 00000000b
seg000:7D96                 db 00000000b, 00000000b, 00111100b, 01100110b, 01111110b, 01100000b, 00111100b, 00000000b
seg000:7D9E                 db 00011100b, 00110000b, 01111000b, 00110000b, 00110000b, 00110000b, 01111000b, 00000000b
seg000:7DA6                 db 00000000b, 00000000b, 00111010b, 01100110b, 01100110b, 00111110b, 00000110b, 00111100b
seg000:7DAE                 db 01100000b, 01100000b, 01111100b, 01100110b, 01100110b, 01100110b, 01100110b, 00000000b
seg000:7DB6                 db 00011000b, 00000000b, 00111000b, 00011000b, 00011000b, 00011000b, 00111100b, 00000000b
seg000:7DBE                 db 00001100b, 00000000b, 00011100b, 00001100b, 00001100b, 00001100b, 01101100b, 00111000b
seg000:7DC6                 db 01100000b, 01100000b, 01100110b, 01101100b, 01111000b, 01101100b, 01100110b, 00000000b
seg000:7DCE                 db 00111000b, 00011000b, 00011000b, 00011000b, 00011000b, 00011000b, 00111100b, 00000000b
seg000:7DD6                 db 00000000b, 00000000b, 11001100b, 11111110b, 11010110b, 11010110b, 11000110b, 00000000b
seg000:7DDE                 db 00000000b, 00000000b, 01011100b, 01100110b, 01100110b, 01100110b, 01100110b, 00000000b
seg000:7DE6                 db 00000000b, 00000000b, 00111100b, 01100110b, 01100110b, 01100110b, 00111100b, 00000000b
seg000:7DEE                 db 00000000b, 00000000b, 01011100b, 01100110b, 01100110b, 01111100b, 01100000b, 01100000b
seg000:7DF6                 db 00000000b, 00000000b, 00111010b, 01100110b, 01100110b, 00111110b, 00000110b, 00000110b
seg000:7DFE                 db 00000000b, 00000000b, 01011100b, 01110110b, 01100000b, 01100000b, 01100000b, 00000000b
seg000:7E06                 db 00000000b, 00000000b, 00111110b, 01100000b, 00111100b, 00000110b, 01111100b, 00000000b
seg000:7E0E                 db 00110000b, 00110000b, 11111100b, 00110000b, 00110000b, 00110110b, 00011100b, 00000000b
seg000:7E16                 db 00000000b, 00000000b, 01100110b, 01100110b, 01100110b, 01100110b, 00111010b, 00000000b
seg000:7E1E                 db 00000000b, 00000000b, 01100110b, 01100110b, 01100110b, 00111100b, 00011000b, 00000000b
seg000:7E26                 db 00000000b, 00000000b, 11000110b, 11010110b, 11010110b, 11111110b, 01101100b, 00000000b
seg000:7E2E                 db 00000000b, 00000000b, 01100110b, 00111100b, 00011000b, 00111100b, 01100110b, 00000000b
seg000:7E36                 db 00000000b, 00000000b, 01100110b, 01100110b, 01100110b, 00111110b, 00000110b, 00111100b
seg000:7E3E                 db 00000000b, 00000000b, 01111110b, 00001100b, 00011000b, 00110000b, 01111110b, 00000000b
seg000:7E46                 db 00001100b, 00011000b, 00011000b, 01110000b, 00011000b, 00011000b, 00001100b, 00000000b
seg000:7E4E                 db 00011000b, 00011000b, 00011000b, 00000000b, 00011000b, 00011000b, 00011000b, 00000000b
seg000:7E56                 db 00110000b, 00011000b, 00011000b, 00001110b, 00011000b, 00011000b, 00110000b, 00000000b
seg000:7E5E                 db 00110010b, 11001100b, 00000000b, 00000000b, 00000000b, 00000000b, 00000000b, 00000000b
seg000:7E66                 db 00010000b, 00111000b, 01101100b, 01101100b, 11000110b, 11000110b, 11111110b, 00000000b
seg000:7E6E
seg000:7E6E ; =============== S U B R O U T I N E =======================================
seg000:7E6E
seg000:7E6E ; Attributes: noreturn thunk
seg000:7E6E
seg000:7E6E j_int_1Ah_RTC   proc near               ; DATA XREF: seg000:IVT_Table↑o
seg000:7E6E                 jmp     far ptr int_1Ah_RTC
seg000:7E6E j_int_1Ah_RTC   endp
seg000:7E6E
seg000:7E6E ; ---------------------------------------------------------------------------
seg000:7E73                 db 32h dup(0)
seg000:7EA5
seg000:7EA5 ; =============== S U B R O U T I N E =======================================
seg000:7EA5
seg000:7EA5 ; Attributes: thunk
seg000:7EA5
seg000:7EA5 j_int_08h_IRQ0_timer18Hz proc far       ; DATA XREF: seg000:IVT_Table↑o
seg000:7EA5                 jmp     int_08h_IRQ0_timer18Hz
seg000:7EA5 j_int_08h_IRQ0_timer18Hz endp
seg000:7EA5
seg000:7EA5 ; ---------------------------------------------------------------------------
seg000:7EAA                 db 0A9h dup(0)
seg000:7F53
seg000:7F53 ; =============== S U B R O U T I N E =======================================
seg000:7F53
seg000:7F53
seg000:7F53 nullsub_5       proc far                ; DATA XREF: IVT_init_others_to_iret+1D↑o IVT_init_others_to_iret+33↑o ...
seg000:7F53                 iret
seg000:7F53 nullsub_5       endp
seg000:7F53
seg000:7F54
seg000:7F54 ; =============== S U B R O U T I N E =======================================
seg000:7F54
seg000:7F54 ; Attributes: thunk
seg000:7F54
seg000:7F54 j_int_05h_Print_Screen proc far         ; DATA XREF: seg000:IVT_Table↑o
seg000:7F54                 jmp     int_05h_Print_Screen
seg000:7F54 j_int_05h_Print_Screen endp
seg000:7F54
seg000:7F54 ; ---------------------------------------------------------------------------
seg000:7F59                 db 97h dup(0)
seg000:7FF0 ; ---------------------------------------------------------------------------
seg000:7FF0                 jmp     reset_vector
seg000:7FF0 ; ---------------------------------------------------------------------------
seg000:7FF5 aFeb1988        db 'Feb.1988',0
seg000:7FFE                 db 0FCh
seg000:7FFF                 db 7Ah
seg000:7FFF seg000          ends
seg000:7FFF
seg000:7FFF
seg000:7FFF                 end
